place_id,isletme,kategori,primitif,bolge,adres,lat,lng,telefon,website,puan,yorum_sayisi,google_tipi,transfer_agirligi,skor
ChIJ5brkrqKxyhQRHTIxsTauY_A,Arda triko,konfeksiyon atolyesi,deforme malzeme manipulasyonu,Bayrampasa,"Muratpaşa mah. Cumhuriyet cad 104.sokak No:4, Muratpaşa, 34040 Bayrampaşa/İstanbul",41.0541668,28.908206699999997,0535 962 34 78,http://www.ardatriko.com.tr/,4.5,2,Mağaza,1.0,1.0
ChIJIVhDq_W6yhQR9pcP0B-D1Uk,Atfe Tekstil,konfeksiyon atolyesi,deforme malzeme manipulasyonu,Bayrampasa,"Terazidere, Cumhuriyet Cd. No:33, 34035 Bayrampaşa/İstanbul",41.0309062,28.9033743,(0212) 613 50 55,http://atfetekstil.com/,4.4,56,Üretici,1.0,1.0
ChIJ2_hElfa6yhQRAVwdIW5cZtg,Aykut Desimo Çorap,konfeksiyon atolyesi,deforme malzeme manipulasyonu,Bayrampasa,"Terazidere, Sinan Sk. No:3, 34035 Bayrampaşa/İstanbul",41.029666,28.899659000000003,(0212) 674 24 60,https://desimo.com.tr/,4,22,Giyim mağazası,1.0,1.0
ChIJcQ9aEMe5yhQRQTKMk-W7cgc,Bilim Tekstil,konfeksiyon atolyesi,deforme malzeme manipulasyonu,Bayrampasa,"İbrahimağa Cad. Mühendisler Ticaret Merkezi :4 D:29, Orta, 34030 Maltepe - Bayrampaşa/Bayrampaşa/İstanbul",41.0303733,28.916267999999995,(0212) 612 20 21,http://www.bilimtekstil.com.tr/,4.6,8,Mağaza,1.0,1.0
ChIJ_7fJ0LOxyhQRqXEq2ruGjww,ESEN MODA EVİ,konfeksiyon atolyesi,deforme malzeme manipulasyonu,Bayrampasa,"Yıldırım, Eski Edirne Asf. No:285 D:B, 34000 Bayrampaşa/İstanbul",41.069823899999996,28.893351600000003,0507 652 55 67,https://www.instagram.com/invites/contact/?i=cmcjylspdz7l&utm_content=pevfwi,4.5,52,Giyim mağazası,1.0,1.0
ChIJG6cI6Wa6yhQRqhiQTZ0R2bA,Elele Tekstil,konfeksiyon atolyesi,deforme malzeme manipulasyonu,Bayrampasa,"B, Orta, Numunebağı Cd. İmran İş hanı 48 / B, 34030 Bayrampaşa/İstanbul",41.033643000000005,28.913795099999998,0553 842 78 03,http://www.eleletekstil.com/,4.3,15,Toptancı,1.0,1.0
ChIJAXw6unm6yhQR5O2Cyxw7Buo,KAYA TORNA,torna tesviye atolyesi,hassas hizalama + alet kullanimi,Bayrampasa,"Yenidoğan, Rami Kışla Cd. No:87 D:170, 34030 Bayrampaşa/İstanbul",41.045414799999996,28.9150845,(0212) 612 31 68,http://www.kayatorna.com/,4.1,51,Üretici,1.0,1.0
ChIJuTtFNl26yhQRSfxqrFepGgg,Karbel Konfeksiyon San. ve Tic. A.Ş.,konfeksiyon atolyesi,deforme malzeme manipulasyonu,Bayrampasa,"Orta, Topkapı Maltepe Yolu 20-22 A, 34040 Bayrampaşa/İstanbul",41.028338999999995,28.917434,(0212) 482 11 62,https://www.karbel.com/,4.4,124,Üretici,1.0,1.0
ChIJZ9c57me6yhQRxvE-tGlYiS4,Nevra Tekstil Fabrika,konfeksiyon atolyesi,deforme malzeme manipulasyonu,Bayrampasa,"Orta, İbrahimağa Cd. No:18/1, 34040 Bayrampaşa/İstanbul",41.029659,28.918858300000004,0543 684 77 34,http://www.nevratekstil.com/,5,3,Giyim mağazası,1.0,1.0
ChIJeVHKNOyxyhQR8xKt6HfBK2I,OZAY KONFEKSİYON,konfeksiyon atolyesi,deforme malzeme manipulasyonu,Bayrampasa,"Kartaltepe, İstanbul Cd. No:11 B Bodrum Kat, 34000 Bayrampaşa/İstanbul",41.054841599999996,28.904237600000002,0507 358 31 37,https://www.instagram.com/ercan_penye_fason_dikim_atolye?igsh=aGVpa21vdXpvaXp6,,,Mağaza,1.0,1.0
ChIJDxliJEO7yhQRnBKihFyid74,Pöyem Öğrenim Atölyesi Bayrampaşa,konfeksiyon atolyesi,deforme malzeme manipulasyonu,Bayrampasa,"Yenidoğan, Abdi İpekçi Cd. No:63-65, 34030 Bayrampaşa/İstanbul",41.037679999999995,28.912135000000003,(0212) 706 72 93,https://www.poyemkurs.com/,4.7,101,Eğitim Kurumu,1.0,1.0
ChIJLfjWtHq7yhQR_kDVBKBogew,Tek Yıldız Tekstil Ram İğne İmalat Sanayi,konfeksiyon atolyesi,deforme malzeme manipulasyonu,Bayrampasa,"Yenidoğan, Gelin Çk. no: 6/A, 34040 Bayrampaşa/İstanbul",41.037868100000004,28.9114309,(0212) 567 85 13,https://www.tekyildiz.com/,5,1,Mağaza,1.0,1.0
ChIJK2wYNb67yhQR7P_L551NRms,"Tekstilciyim, Fason Dikim Camiası",konfeksiyon atolyesi,deforme malzeme manipulasyonu,Bayrampasa,"Muratpaşa, Bayır Sk. No:13, 34040 Bayrampaşa/İstanbul",41.0488838,28.9018238,0549 770 20 10,http://www.fasonis.com/,,,Mağaza,1.0,1.0
ChIJEZ4RSgCxyhQRZgnVAWwXrKQ,Çelikarar Tekstil,konfeksiyon atolyesi,deforme malzeme manipulasyonu,Bayrampasa,"Kartaltepe, Salihoğlu Cd. 6a, 34040 Bayrampaşa/İstanbul",41.0593152,28.900178099999998,0535 527 34 96,http://www.celikarartekstil.com/,5,13,Üretici,1.0,1.0
ChIJzSdL0me6yhQRdQSD-sizO8s,Özlem Dar Dokuma,konfeksiyon atolyesi,deforme malzeme manipulasyonu,Bayrampasa,"Orta, Maltepe Cd. A Blok Kat:3 No:104-105, 34040 Bayrampaşa/İstanbul",41.0324989,28.919591699999998,(0212) 613 06 18,https://ozlemdardokuma.com/,5,1,Üretici,1.0,1.0
ChIJSxAkl027yhQRoMpagPI-5PY,Özlem Tekstil TOCKA,konfeksiyon atolyesi,deforme malzeme manipulasyonu,Bayrampasa,"Yeni Mahalle, 540/3. Sk. No:4 D:a, 34040 Gaziosmanpaşa/İstanbul",41.075190600000006,28.8999508,0530 822 74 25,http://www.tocka.com.tr/,5,2,Mağaza,1.0,1.0
ChIJO5nXmr6zeakRdC5UZ6YWTfE,ŞİPŞAK TRİKO Dikim Atölyesi,konfeksiyon atolyesi,deforme malzeme manipulasyonu,Bayrampasa,"Orta, Emin Efendi Cd., 34400 Bayrampaşa/İstanbul",41.0321314,28.9155568,0507 676 33 41,https://wa.me/+905076763341,,,Üretici,1.0,1.0
ChIJObiTiV-vyhQR1hs_t-ziLHo,Alp Tekstil ve Dış.Tic.Ltd.Şti.,konfeksiyon atolyesi,deforme malzeme manipulasyonu,Ikitelli OSB,"Başakşehir, Saraçlar Sanayi Sitesi İkitelli Organize Sanayi Bölgesi. No:10 Blok No:30, 34490 Başakşehir/İstanbul",41.0832986,28.787448,(0212) 461 05 90,http://www.alptekstil.com/,5,3,Üretici,1.0,1.0
ChIJ468t2ce6yhQRSZpKkA8etVg,Berkay Tekstil,konfeksiyon atolyesi,deforme malzeme manipulasyonu,Ikitelli OSB,"Fatih, 207. Sk. No:1, 34225 Esenler/İstanbul",41.040648499999996,28.8716267,(0212) 611 44 07,http://www.berkayteks.com/,4.2,56,Giyim mağazası,1.0,1.0
ChIJh2q8j225yhQRw5UDoMUaAUw,Beyaz Düşler Sokağı (Beduso) Moda ve Tasarım Atölyesi,konfeksiyon atolyesi,deforme malzeme manipulasyonu,Ikitelli OSB,"Koşuyolu, D:100, 34718 Kadıköy/İstanbul",41.0051552,29.032333599999994,0552 432 60 40,https://beduso.com/,4.6,20,Terzi,1.0,1.0
ChIJvwCdy9alyhQR4u4itFUdxk8,CNC Torna,torna tesviye atolyesi,hassas hizalama + alet kullanimi,Ikitelli OSB,"İkitelli OSB, 34944 Başakşehir/İstanbul",41.069559000000005,28.802673799999994,0544 170 86 84,https://cnctorna.net/,5,1,Üretici,1.0,1.0
ChIJRyl6bjPGyhQRuZfPbEs1XYk,Ev Tekstil İmalatı Atölyesi,konfeksiyon atolyesi,deforme malzeme manipulasyonu,Ikitelli OSB,"Barbaros, Darende Sk. No:3A/1, 34746 Ataşehir/İstanbul",40.9864863,29.0944914,0533 655 41 67,http://www.evtekstilatolyesi.com/,4.9,7,Ev Eşyaları Mağazası,1.0,1.0
ChIJkapNAYOlyhQR4yCac3bmtpQ,Fato Design / Fato Tekstil,konfeksiyon atolyesi,deforme malzeme manipulasyonu,Ikitelli OSB,"Giyim Sanatkarları İş ve Ticaret Merkezi 4.Ada C Blok No:108-110, İkitelli OSB, 34490 Başakşehir/İstanbul",41.0709679,28.8058221,(0212) 671 43 93,https://www.fatodesign.com/,4.3,6,Hizmetler,1.0,1.0
ChIJ8QxtmdHIyhQRim-29lXwlFU,Feyiz Tekstil Tekstil Makina San ltd şti,konfeksiyon atolyesi,deforme malzeme manipulasyonu,Ikitelli OSB,"Yeni İstanbul Çarşısı, Ihlamurkuyu, Alemdağ Cd no:245 B Blok Kat:1, D:38, 34771 Ümraniye/İstanbul",41.0195388,29.1323254,0532 461 40 44,http://www.feyiztekstil.com/,1.3,6,Üretici,1.0,1.0
ChIJw8UVQGevyhQRlpkbV77kCm4,GÜÇLÜ TORNA FİTTİNGS,torna tesviye atolyesi,hassas hizalama + alet kullanimi,Ikitelli OSB,"İkitelli OSB, Tormak Sanayi Sitesi İKİTELLİ ORGANİZE SANAYİ BLG H/Blok NO:59, 34306 Başakşehir/İstanbul",41.090057,28.787896999999994,(0212) 485 02 09,http://www.guclutorna.com/,5,1,Üretici,1.0,1.0
ChIJr0pqwYWlyhQRJaO9Ji7Pyj0,Otomatik Teknik Torna San.ve Tic.Ltd.Şti,torna tesviye atolyesi,hassas hizalama + alet kullanimi,Ikitelli OSB,"İOSB.Mah.Dolapdere Sanayi Sitesi 3, İkitelli OSB, Ada Sokak No:27-29-31, 34192 Başakşehir/İstanbul",41.0738219,28.802952599999994,(0212) 549 37 36,http://www.otomatiktorna.com/en/iletisim,4.4,10,Araç Bakım ve Onarımı,1.0,1.0
ChIJKVfyQialyhQRDfnG-cAjHAs,PLATO KONFEKSIYON,konfeksiyon atolyesi,deforme malzeme manipulasyonu,Ikitelli OSB,"İKTELLİ GİYİM SAN.SİT. 2.ADA A BLOK KAT.3 NO.306-318, İkitelli OSB, 34490 Başakşehir/İstanbul",41.0704323,28.8087508,(0212) 671 58 06,http://www.platokonfeksiyon.com.tr/,,,Mağaza,1.0,1.0
ChIJc1rO1LivyhQRJxBvoEZZP0s,Salurmaksan Makina Yedek Parça imalat,torna tesviye atolyesi,hassas hizalama + alet kullanimi,Ikitelli OSB,"İkitelli OSB, Metal İş Sanayi Sitesi Yolu 18.blok no 26, 34490 Başakşehir/İstanbul",41.070661,28.802329500000003,(0212) 871 05 55,https://www.salurmaksan.com.tr/,5,47,Üretici,1.0,1.0
ChIJVeDy0nG6yhQRpXvLHe6EMHM,Teknik Torna,torna tesviye atolyesi,hassas hizalama + alet kullanimi,Ikitelli OSB,"Topçular, Rami Kışla Cd. No:12, 34030 Eyüpsultan/İstanbul",41.0384027,28.920986,(0212) 254 94 05,https://tekniktorna.net/,,,Üretici,1.0,1.0
ChIJLSFKQMKlyhQRquLFHq-8_lc,Trikotek,konfeksiyon atolyesi,deforme malzeme manipulasyonu,Ikitelli OSB,"İkitelli Osb Mah. Hürriyet Bulvarı Deparko Sanayi Sitesi No:1-15, İkitelli OSB, 34306 Başakşehir/İstanbul",41.0651602,28.7821281,(0212) 675 20 23,http://www.trikotek.com.tr/,4.8,17,Üretici,1.0,1.0
ChIJvTohDvm7yhQRZc8MMXqa1OU,"Union and Joy (Tasarım, Model, Kalıp, Kesimhane, Tekstil Fason Üretim ve Kalıp Ofisi)",konfeksiyon atolyesi,deforme malzeme manipulasyonu,Ikitelli OSB,"Sancaktepe, 917. Sok 9A, 34200 Bağcılar/İstanbul",41.0392151,28.8551556,0533 760 60 40,https://www.unionandjoy.com/,5,13,Üretici,1.0,1.0
ChIJ1afT346lyhQRsP_3fx0lzYQ,Uğur Konfeksiyon A.Ş İkitelli Şubesi,konfeksiyon atolyesi,deforme malzeme manipulasyonu,Ikitelli OSB,"İkitelli Org.San.Böl. Aykosan San. Sit. 2. Kısım 17 B Blok No:17/B, Başakşehir, 34306 Başakşehir/İstanbul",41.0746949,28.798167,(0212) 671 34 20,http://www.ugurkonfeksiyon.com/,4.3,46,Hizmetler,1.0,1.0
ChIJmRwbe-alyhQRK0QVfnB9sY0,Yüksel Kardeşler Dar Dokuma Ve Tekstil,konfeksiyon atolyesi,deforme malzeme manipulasyonu,Ikitelli OSB,"15 Temmuz, 1437 Sokak No:21 No :4, 34212 Bağcılar/İstanbul",41.0431393,28.813559299999998,(0212) 655 69 37,http://www.yukselkardesler.com/,5,9,Giyim mağazası,1.0,1.0
ChIJ5cuyGiXEyhQRiGr1WVzxI3g,Yürüyen Reklam Maskot Kostüm Üretimi,konfeksiyon atolyesi,deforme malzeme manipulasyonu,Ikitelli OSB,"Burç Caddesi, Atakent, Atanur Sk. No:1, 34760 Ümraniye/İstanbul",41.019808999999995,29.111590999999997,(0216) 589 16 98,http://www.hazirmaskot.com/,5,38,Giyim mağazası,1.0,1.0
ChIJjYeljW2vyhQR9_ZAd-kBfWk,Özak Tekstil,konfeksiyon atolyesi,deforme malzeme manipulasyonu,Ikitelli OSB,"İkitelli Organize Sanayi Mah. 10 Cadde 34 Portall Plaza No: 7/D, İkitelli OSB, 34490 Başakşehir/İstanbul",41.095690499999996,28.8007091,(0212) 486 05 05,https://www.ozaktekstil.com.tr/,3.8,35,Üretici,1.0,1.0
ChIJe5aDTIalyhQRnXMNMcilimg,İkitelli dişli imalat,konfeksiyon atolyesi,deforme malzeme manipulasyonu,Ikitelli OSB,"Mahallesi, İkitelli OSB, Giyim Koop. Sanayi Sitesi No:21 D:3B blok, 34490 Başakşehir/İstanbul",41.0700548,28.807261699999994,(0212) 671 59 61,http://www.ikitellidisli.com/,4.7,13,Kurumsal Ofis,1.0,1.0
ChIJO_uymRe7yhQR9iv-55qV0H0,Apsen Tekstil,konfeksiyon atolyesi,deforme malzeme manipulasyonu,Merter,"Mehmet Nesih Özmen, Alaybey Sk. NO:14 Kat:2, 34173 Güngören/İstanbul",41.0096977,28.8854317,(0212) 557 33 03,https://www.apsen.com.tr/,4.8,43,Kadın giyim mağazası,1.0,1.0
ChIJrbRebj_PyhQRF4iBpOYjDEM,Cnc Teknik Torna,torna tesviye atolyesi,hassas hizalama + alet kullanimi,Merter,"İMES SANAYİ SİTESİ C BLOK 307.SOKAK NO:12 ÜMRANİYE/İSTANBUL İstanbul Turkey 34775, Yukarı Dudullu, 34775 Ümraniye/İstanbul",40.998879099999996,29.160041900000003,(0216) 561 94 57,http://www.teknikcnctorna.com/,5,3,Hizmetler,1.0,1.0
ChIJHUYxmgy7yhQRcfzKP0BhxSA,ESEN TEKSTİL Toptan Penye bluz İmalatı,konfeksiyon atolyesi,deforme malzeme manipulasyonu,Merter,"Çırpıcı, Yeşilyol C Sk. 10/B, 34025 Zeytinburnu/İstanbul",40.9987285,28.8997663,0531 679 47 00,http://www.esentekstil.com/,4.7,31,Giyim mağazası,1.0,1.0
ChIJLYKcgGS6yhQR0LKOhUfpTbc,Fason iş tekstil üretim,konfeksiyon atolyesi,deforme malzeme manipulasyonu,Merter,"Yenidoğan, Abdi İpekçi Cd. No:44/1, 34367 Bayrampaşa/İstanbul",41.0379587,28.912284199999995,0549 770 20 10,https://www.fasonis.com/,4.6,73,Mağaza,1.0,1.0
ChIJx4yn2LC7yhQRtix7xRQz22o,Gangs Workshop Merter,konfeksiyon atolyesi,deforme malzeme manipulasyonu,Merter,"Mehmet Nesih Özmen, Alaybey Sk. No:6 Kat:4, 34173 Güngören/İstanbul",41.0097605,28.8858429,0536 587 71 49,http://www.gangs.com.tr/,5,1,Üretici,1.0,1.0
ChIJN5s0Xyi7yhQR3ty-TNmhlRU,KAKTUS MODA Toptan Kadın Giyim,konfeksiyon atolyesi,deforme malzeme manipulasyonu,Merter,"Mehmet Nesif Özmen Mahallesi Gölgeli Sokak, Mehmet Nesih Özmen, Merter Sok. No:4, 34169 Güngören/İstanbul",41.012652700000004,28.891339400000003,(0212) 481 36 92,https://kaktusmoda.com/,4.7,57,Kadın giyim mağazası,1.0,1.0
ChIJadDclZe7yhQR429--4KG0PU,Koton Eksport,konfeksiyon atolyesi,deforme malzeme manipulasyonu,Merter,"Merter tekstil merkezi istanbul, M. Nesih Özmen Mahallesi, Defne Sk. No:13, 34178 Güngören/İstanbul",41.0098049,28.8825727,(0212) 553 46 35,http://www.kotoneks.com.tr/,4.3,4,Üretici,1.0,1.0
ChIJ7wOJtK27yhQRd71YgbIlsVI,Lady Mall Merter,konfeksiyon atolyesi,deforme malzeme manipulasyonu,Merter,"Mehmet Nesih Özmen, Mehmet Nesih Özmen Mahallesi Nadide Caddesi، Mehmet Nesih Özmen, Nar Sk. No:18، 34173 Güngören/İstanbul",41.0108533,28.890763099999997,(0212) 871 71 80,https://ladymall.com.tr/,4.6,58,Alışveriş merkezi,1.0,1.0
ChIJxbYiyRu7yhQRs605_GieM88,Levure,konfeksiyon atolyesi,deforme malzeme manipulasyonu,Merter,"Mehmet Nesih Özmen, Fidan Sk. No:16, 34173 Güngören/İstanbul",41.012044499999995,28.890113200000002,(0212) 555 20 75,http://www.levure.com.tr/,4.4,16,Kadın giyim mağazası,1.0,1.0
ChIJjy0OtbK7yhQRn5194ytcCiA,Lionette Merter,konfeksiyon atolyesi,deforme malzeme manipulasyonu,Merter,"Keresteciler Sitesi Fatih Cad. No:9/ 1/c, Mehmet Nesih Özmen, Merter Sok., 34160 Güngören/İstanbul",41.011209799999996,28.8857135,(0212) 642 16 21,https://www.lionetteshop.com/,5,2,Giyim mağazası,1.0,1.0
ChIJdeXYxBm7yhQRi5ffwb2GJ7c,MCR MERTER SHOWROOM,konfeksiyon atolyesi,deforme malzeme manipulasyonu,Merter,"Mehmet Nesih Özmen mah. Gülsever sok. No:6/B Merter/Güngören Mehmet Nesih Özmen mah. Gülsever sok, Mehmet Nesih Özmen, Merter Sok. No:6/B, 34173 Güngören/İstanbul",41.0107798,28.8867418,(0212) 677 99 80,http://www.modacriseshop.com/,4,4,Giyim mağazası,1.0,1.0
ChIJdRmKwDG7yhQRtap2wnT590g,MERTER MALL,konfeksiyon atolyesi,deforme malzeme manipulasyonu,Merter,"M. Nesih Özmen Mah. Fatih Cad. Kayacık Sok, Mehmet Nesih Özmen, Merter Sok. No: 16 K: 2 D: 5, 34173 Güngören/İstanbul",41.011813599999996,28.8838484,0552 419 61 34,http://www.mertermall.com/,4.9,57,Toptancı,1.0,1.0
ChIJSenEuxm7yhQRafibKPY1dR0,Markova,konfeksiyon atolyesi,deforme malzeme manipulasyonu,Merter,"Mehmet Nesih Özmen Mah. Fatih Cad. Selvi Sok. No:10 Merter/İstanbul, Mehmet Nesih Özmen, 34173 Güngören/İstanbul",41.011479,28.886875500000002,(0212) 556 82 10,http://www.markovastore.com.tr/,4.8,35,Giyim mağazası,1.0,1.0
ChIJw_ZvZxe7yhQRBb7MKPjzM7I,Merter AVM,konfeksiyon atolyesi,deforme malzeme manipulasyonu,Merter,"Mehmet Nesih Özmen, Kasım Sok., 34173 Güngören/İstanbul",41.0094213,28.8870412,0541 232 91 90,http://www.merteravm.com/,4.3,2076,Alışveriş merkezi,1.0,1.0
ChIJV8wg3AC7yhQRNlQWHw0MPgM,Merter Mall,konfeksiyon atolyesi,deforme malzeme manipulasyonu,Merter,"Gençosman, Merhale Sk., 34165 Güngören/İstanbul",41.0273998,28.8828246,(0212) 569 06 26,http://mertermall.net/,5,1,Giyim mağazası,1.0,1.0
ChIJe2cTsVC7yhQRJ-BoZAtoakc,Merter Toptan Tekstil Caddesi,konfeksiyon atolyesi,deforme malzeme manipulasyonu,Merter,"European Side, Mehmet Nesih Özmen, 34173 Güngören/İstanbul",41.0065616,28.8880235,0543 405 07 10,https://albeyanfashion.com/en/,4.2,554,Toptancı,1.0,1.0
ChIJd0QZ89y7yhQRx0ve5UqqRyo,Merter tekstil merkezi istanbul,konfeksiyon atolyesi,deforme malzeme manipulasyonu,Merter,"Mehmet Nesih Özmen, Merter Sok., 34200 Güngören/İstanbul",41.0096657,28.8870611,0542 261 51 96,https://t.me/markao_istanbul,4.3,92,Toptancı,1.0,1.0
ChIJEXTZdZC5yhQRVF5hcl0Ymqw,Merter wholesaler,konfeksiyon atolyesi,deforme malzeme manipulasyonu,Merter,"Mehmet Nesih Özmen, Çınar Sokağı Adısoy center no:14/24, 34173 Güngören/İstanbul",41.0106636,28.8880069,0545 311 64 17,http://merterwholesaler.com/,5,24,Toptancı,1.0,1.0
ChIJWw_KFsDRyhQRrZZTWKKFpmc,ModeXL - Merter Wholesale/Toptan - Big Size For Man- Büyük Beden Erkek Giyim Showroom,konfeksiyon atolyesi,deforme malzeme manipulasyonu,Merter,"Mehmet Nesih Özmen, Güldalı Sk No:19/1, 34173 Güngören/İstanbul",41.010518,28.888585,0530 238 64 09,https://www.modexl.com.tr/,4.2,6,Giyim mağazası,1.0,1.0
ChIJNxeqjffIyhQRVKruNCjLjyY,Modlino Tekstil,konfeksiyon atolyesi,deforme malzeme manipulasyonu,Merter,"Altınşehir, Hayat Sk. 15/A, 34764 Ümraniye/İstanbul",41.0085286,29.1433602,0542 584 02 20,https://instagram.com/atolye_modlino?igshid=NTc4MTIwNjQ2YQ==,3.9,7,Kadın giyim mağazası,1.0,1.0
ChIJAQcuXgS7yhQRBCBu6VPtklA,Molto Woman,konfeksiyon atolyesi,deforme malzeme manipulasyonu,Merter,"İstanbul /Güngören/Mehmet Nesi Özmen mah./merter, fatih cad, Çınar Sokağı B2 /no:9, 34160 Güngören/İstanbul",41.0105596,28.887268300000002,0533 593 58 42,https://t.me/moltowoman,5,3,Üretici,1.0,1.0
ChIJb1xf6ye7yhQRdWBnd9WM3wQ,SABIR KONFEKSİYON SAN.TİC.LTD.ŞTİ.,konfeksiyon atolyesi,deforme malzeme manipulasyonu,Merter,"M, Mehmet Nesih Özmen, Merter Sok. Pelit Sok No: 26/10, 34200 Güngören/İstanbul",41.015253,28.8862135,(0212) 637 35 52,http://www.danielvoi.com/,4.6,21,Giyim mağazası,1.0,1.0
ChIJC2WtPhi7yhQRj_8jm5JIw3k,Söğüt Tekstil,konfeksiyon atolyesi,deforme malzeme manipulasyonu,Merter,"Mehmet Nesih Özmen Mahallesi Fatih Caddesi &, Mehmet Nesih Özmen, Kayacık Sk 81A, 34173 Güngören/İstanbul",41.0116126,28.884793999999996,(0212) 641 24 34,https://www.find.com.tr/Company/soguttekstiletemsogut,5,5,Toptancı,1.0,1.0
ChIJGU0mDT_PyhQRI8d5eEELJzA,TEKNİK CNC TORNA,torna tesviye atolyesi,hassas hizalama + alet kullanimi,Merter,"Dudullu OSB, 502 sk İMES San. Sit no:18 E blok, 34775 Ümraniye/İstanbul",41.0000565,29.157129499999996,(0216) 364 60 23,http://www.teknikcnctorna.com/iletisim.html,2.3,3,Hizmetler,1.0,1.0
ChIJ2xGWLxTPyhQR8DGHAwGq1OY,TURNA CNC MAKİNA,torna tesviye atolyesi,hassas hizalama + alet kullanimi,Merter,"Dudullu OSB, B-205 Sk. No:10, 34776 Ümraniye/İstanbul",41.002351999999995,29.165695,(0216) 415 40 30,http://www.turnacnc.com/,5,2,Üretici,1.0,1.0
ChIJVS9NlGfPyhQROq2MF4rj2z8,Torna Türk Tesbih Tornası,torna tesviye atolyesi,hassas hizalama + alet kullanimi,Merter,"esenşehir mahallesi, kürkçüler caddesi, Esenşehir, İlkbahar Sk. No:10, 34776 Ümraniye/İstanbul",41.0113991,29.1703361,0544 303 90 28,http://www.tornaturk.com/,3.4,5,,1.0,1.0
ChIJ0UJS9_W6yhQRLBSkcN49G8I,Yılmaz Tornacılık Yan Sanayi ve Ticaret Limited Şirketi,torna tesviye atolyesi,hassas hizalama + alet kullanimi,Merter,"İkitelli OSB Mahallesi Tormak Sanayi Sitesi, V Blok No:11, İkitelli OSB, Sanayi Sitesi No:11 SANAYİ SİTESİ, 34490 Başakşehir/İstanbul",41.087966,28.7879705,(0212) 567 87 58,http://yilmaztornacilik.com.tr/,5,2,Hizmetler,1.0,1.0
ChIJTztG4CG7yhQRexvQ6w9FUnw,Önlük Atölyesi,konfeksiyon atolyesi,deforme malzeme manipulasyonu,Merter,"M.Nesih Özmen Mah. Fatih Cad. Uzun Sokak No.14 Mavi Çarşı Kat.4 No.34 Merter, Mehmet Nesih Özmen, 34173 Güngören/İstanbul",41.0169102,28.882864399999995,0533 232 00 64,http://www.onlukatolyesi.com/,4.8,64,Giyim mağazası,1.0,1.0
ChIJxVspWHjPyhQRk5EmbYRpnS4,AHŞAP TORNA EVİ,torna tesviye atolyesi,hassas hizalama + alet kullanimi,Modoko Umraniye,"Yukarı Dudullu, Nato Yolu Cd no:132/A Y, 34775 Ümraniye/İstanbul",41.012063999999995,29.149807699999997,0535 265 44 90,https://www.instagram.com/ahsaptornaevi?igsh=MXc4aGo0cW1qNGk1ZQ==,5,3,Üretici,1.0,1.0
ChIJoaEp7rLJyhQR-8VCco27yOY,Atölye Touch,konfeksiyon atolyesi,deforme malzeme manipulasyonu,Modoko Umraniye,"Armağanevler, Tütengil Sk. No:38 Han Apartmanı. Kat:4, 34764 Ümraniye/İstanbul",41.015672599999995,29.1197609,0538 570 17 11,https://www.atolyetouch.com/,,,Giyim mağazası,1.0,1.0
ChIJHZcxbdDIyhQR9sJ8Mgoud4s,Avrupa Aksesuar ve Kim.Mad.San.Tic.Ltd.Şti.,konfeksiyon atolyesi,deforme malzeme manipulasyonu,Modoko Umraniye,"Parseller, Taşköprü Cd. No. : 33 -A, 34773 Ümraniye/İstanbul",41.027085299999996,29.153532299999995,(0216) 611 01 00,http://www.avrupaaksesuar.com/,4.6,5,Giyim mağazası,1.0,1.0
ChIJZegJafnJyhQROVYES70j3D0,Ayşegül Kalelio - Gelinlik ve Davet Elbisesi Satış Mağazası,konfeksiyon atolyesi,deforme malzeme manipulasyonu,Modoko Umraniye,"Atatürk mah.Alemdağ caddesi, Tantavi, Kaşkar Sk. No:1 K.2-3, 34764 Ümraniye/İstanbul",41.0247165,29.085876799999998,0532 366 75 27,http://www.aysegulkalelio.com/,3.8,207,Kadın giyim mağazası,1.0,1.0
ChIJb-W3ZTnPyhQRYvPSh-q4ZIQ,Azime Tekstil,konfeksiyon atolyesi,deforme malzeme manipulasyonu,Modoko Umraniye,"Yukarı Dudullu, Sanayi Sk. No:48, 34775 Ümraniye/Istanbul - Asia",41.0055577,29.1557332,(0216) 466 65 43,http://www.divaio.com/,4.8,6,Giyim mağazası,1.0,1.0
ChIJHejP4tjOyhQRSF6yfBCWMrM,DudulluMarangoz Dama Mobilya İmalat Atölyesi,torna tesviye atolyesi,hassas hizalama + alet kullanimi,Modoko Umraniye,"Revnak Sok, Dudullu OSB, Kürkçüler Cd. 10/A, 34773 Ümraniye/İstanbul",41.0086152,29.1722185,0532 441 35 24,https://damamobilyatasarim.com/,4.9,125,Üretici,1.0,1.0
ChIJl0JxOx_PyhQR_uzLA2G4eU4,Gabya Tekstil,konfeksiyon atolyesi,deforme malzeme manipulasyonu,Modoko Umraniye,"Mahallesi, Necip Fazıl, Necip Fazıl Blv. 7-9 Kat 1, 34773 Ümraniye/İstanbul",41.0150711,29.164733099999996,(0216) 313 62 08,http://www.gabya.com/,4.6,16,Üretici,1.0,1.0
ChIJb_Ief2PPyhQR4MbqiWhIT_g,Gusto Fabrika,konfeksiyon atolyesi,deforme malzeme manipulasyonu,Modoko Umraniye,"Şerifali, Mevdudi Sokaği No:55, 34773 Ümraniye/İstanbul",41.0005513,29.1552363,0850 346 6970,http://www.gustogiyim.com/,3.3,35,Kurumsal Ofis,1.0,1.0
ChIJQW2TRKzPyhQRrsAEuVlEId0,Görkem Giyim San. ve Tic. A.Ş.,konfeksiyon atolyesi,deforme malzeme manipulasyonu,Modoko Umraniye,"Şerifali, Söyleşi Sk. No:10, 34775 Ümraniye/İstanbul",40.9963767,29.1466845,(0216) 420 63 00,http://www.gorkemgiyim.com.tr/,4.8,36,Hizmetler,1.0,1.0
ChIJm1qCnBvPyhQRYbZtXYFIvzY,MISS LILIUM CONCEPT,konfeksiyon atolyesi,deforme malzeme manipulasyonu,Modoko Umraniye,"Çilo İş Merkezi 70, Esenşehir, Kürkçüler Cd., 34776 Ümraniye/İstanbul",41.010218599999995,29.1706893,(0216) 540 02 40,http://www.missliliumconcept.com.tr/,4.6,15,Giyim mağazası,1.0,1.0
ChIJt3lFl4XPyhQRHhYOV5QSo18,Mat Tekstil Pazarlama ve İmalat San. Tic. Ltd. Şti.,konfeksiyon atolyesi,deforme malzeme manipulasyonu,Modoko Umraniye,"Yukarı Dudullu, Cam Sk. No:18, 34775 Dudullu/Ümraniye/İstanbul",41.0113329,29.1558442,(0216) 313 77 10,http://www.matteks.com/,4.3,17,Hizmetler,1.0,1.0
ChIJATbRPp7JyhQRZJYazwiXTT4,MechButik,konfeksiyon atolyesi,deforme malzeme manipulasyonu,Modoko Umraniye,"Mehmet Akif, Doğanevler Cd. no:52/b, 34775 Ümraniye/İstanbul",41.0119565,29.136320700000002,0533 358 81 42,http://www.mechbutik.com/,4.2,27,Ayakkabı mağazası,1.0,1.0
ChIJVRwJWTzPyhQRvpFeXnn4Hmc,Modoko,konfeksiyon atolyesi,deforme malzeme manipulasyonu,Modoko Umraniye,"Yukarı Dudullu, 3. Cd. Mobilyacılar Sites NO:294, 34775 Ümraniye/İstanbul",41.006589399999996,29.158552399999998,444 8 855,https://www.modoko.com.tr/,4.2,4888,Mobilya mağazası,1.0,1.0
ChIJc8lj1SfPyhQResKKesAt7nA,Mutlu Tekstil,konfeksiyon atolyesi,deforme malzeme manipulasyonu,Modoko Umraniye,"Namık Kemal Mah Cengiz Topel Cad, Namık Kemal, Çiğdemlik Sokağı No:42, 34762 Ümraniye/İstanbul",41.01815190000001,29.0938268,(0216) 461 38 69,http://www.mutlukids.com.tr/,4.9,14,Üretici,1.0,1.0
ChIJYRQj_77JyhQRVEb-VE7T8DA,My Happy Day Dress,konfeksiyon atolyesi,deforme malzeme manipulasyonu,Modoko Umraniye,"Alemdağ caddesi, Atatürk, Esen Sk. no:7, 34764 Ümraniye/İstanbul",41.025286799999996,29.0868448,0530 783 00 53,https://instagram.com/myhappydaydress?r=nametag,4.9,764,Giyim mağazası,1.0,1.0
ChIJ35U4oyTPyhQR7g-nMUxI2-Y,NES HAZIR GİYİM TEKSTİL SAN. VE TİC. LTD. ŞTİ.,konfeksiyon atolyesi,deforme malzeme manipulasyonu,Modoko Umraniye,"Necip Fazıl, Dilektaşı Sk. NO:30, 34773 Ümraniye/İstanbul",41.0190248,29.1730262,(0216) 526 12 28,http://www.nes-textile.com/,4.8,50,Kadın giyim mağazası,1.0,1.0
ChIJKdbJHjzPyhQRHudsxeqtZ3c,Sahne Mobilya,konfeksiyon atolyesi,deforme malzeme manipulasyonu,Modoko Umraniye,"Yukarı Dudullu, 2. Cd. No:183, 34775 Dudullu Osb/Ümraniye/İstanbul",41.005292,29.159201499999998,(0216) 364 13 92,http://www.sahnemobilya.com/,4,162,Mobilya mağazası,1.0,1.0
ChIJvac-K5jHyhQRzFfaGRy9z80,Sim Nakış,konfeksiyon atolyesi,deforme malzeme manipulasyonu,Modoko Umraniye,"Şerifali mahallesi Turcan caddesi, Şerifali, Kible Sk No:7, 34775 Ümraniye/İstanbul",40.9979845,29.141728799999996,0554 884 85 86,https://simnakis.com/,4.6,132,,1.0,1.0
ChIJOz2kTwDPyhQRAfS9tH1zYtg,Tanes Dizayn | Taş Baskı & Taş Yapıştırma,konfeksiyon atolyesi,deforme malzeme manipulasyonu,Modoko Umraniye,"Altınşehir Mahallesi, Yukarı Dudullu, Arınç Sk. No: 1 Kat: 2, 34775 Ümraniye/İstanbul",41.016067199999995,29.145279599999995,0554 699 85 58,http://www.tanesdizayn.com/,5,13,Mağaza,1.0,1.0
ChIJ9VOdSdTIyhQRofEfU7fjsm8,Yaren Tekstil Müm. San. Tic. Ltd. Şti.,konfeksiyon atolyesi,deforme malzeme manipulasyonu,Modoko Umraniye,"Ihlamurkuyu, Sabır Sk. No:8, 34771 Ümraniye/İstanbul",41.0225734,29.1334195,0552 422 45 36,http://www.yarentekstil.com/,4.2,19,Üretici,1.0,1.0
ChIJy5_45D3PyhQR6vjHvMqEAZM,Yıldırım Torna Atölyesi,torna tesviye atolyesi,hassas hizalama + alet kullanimi,Modoko Umraniye,"Yukarı Dudullu, 103 Sok. A Blok D:17, 34775 Ümraniye/Istanbul - Asia",41.0050137,29.1615422,(0216) 364 31 87,http://www.yildirimtorna.com/,5,20,Ev Tadilatı Mağazası,1.0,1.0
ChIJOSXKIE3JyhQRHYgSL20ks6k,tba Tekstil Baskı Atölyesi,konfeksiyon atolyesi,deforme malzeme manipulasyonu,Modoko Umraniye,"Tekstil Baski Atolyesi, İstiklal, Mihraç Sokağı No:17 D:19B, 34764 Ümraniye/İstanbul",41.023512,29.100409400000004,0541 417 57 74,https://www.tekstilbaskiatolyesi.com/,3,2,Hizmetler,1.0,1.0
ChIJQ--2_qnJyhQRuDqvWkxt6UU,Çıkrıkçı Tekstil,konfeksiyon atolyesi,deforme malzeme manipulasyonu,Modoko Umraniye,"Elmalıkent Mah Özyavuz Cad, Elmalıkent, Yaman Sk. No:2, 34760 Ümraniye/İstanbul",41.0417846,29.091977600000003,(0216) 632 09 57,http://www.cikrikcitextil.com/,4.9,16,Üretici,1.0,1.0
ChIJv_flxxO3yhQRQ9USBhCtNS0,Afşar Terzi “Giysinizin Doktoru 1979”,konfeksiyon atolyesi,deforme malzeme manipulasyonu,Osmanbey Sisli,"Bozkurt, Kurtuluş Cd. No:15/2, 34375 Şişli/İstanbul",41.051893299999996,28.983976900000002,(0212) 291 86 59,http://www.afsarterzi.com/,4.9,442,Terzi,1.0,1.0
ChIJ57VQ0-K2yhQRG28aztCeeH4,Atolye No6,konfeksiyon atolyesi,deforme malzeme manipulasyonu,Osmanbey Sisli,"Teşvikiye Mahallesi ıhlamur yolu sok, Teşvikiye, Göksu apartmanı 7/2, 34365 Şişli/İstanbul",41.0504028,28.9937149,0533 546 45 75,https://www.atolyeno6.com.tr/sayfa/ileti%C5%9Fim,4.9,79,Giyim mağazası,1.0,1.0
ChIJDy_Pgja3yhQR1-aH0yNBqUw,Avidita Tekstil,konfeksiyon atolyesi,deforme malzeme manipulasyonu,Osmanbey Sisli,"Cumhuriyet Mah, Çifte Cevizler Cd. No:25/A, 34380 Şişli/İstanbul",41.062376,28.982314,(0212) 343 20 25,https://www.avidita.it/,4.6,14,Ev Eşyaları Mağazası,1.0,1.0
ChIJvbS5kCSuyhQRDx1V4aW4pts,Bircan Torna Atölyesi,torna tesviye atolyesi,hassas hizalama + alet kullanimi,Osmanbey Sisli,"malkoçoğlu mh, CEBECİ YOLU 2605 SK, 34270 Sultangazi/İstanbul",41.1374536,28.827192999999994,(0212) 476 70 13,https://bircantorna.wordpress.com/,4.4,14,Araç Bakım ve Onarımı,1.0,1.0
ChIJn-jNVw63yhQREgCESUO4lNI,Işıldar Giyim,konfeksiyon atolyesi,deforme malzeme manipulasyonu,Osmanbey Sisli,"Halaskargazi, Şair Nigar Sk. No:73, 34363 Şişli/İstanbul",41.053773199999995,28.9888813,(0212) 234 11 83,http://www.isildargiyim.com/,5,3,Giyim mağazası,1.0,1.0
ChIJzZuDPg63yhQRcZb3UH-HKWM,Lavin Kumaşcılık - İpek Kumaş - Abiye Kumaş - Toptan ve Perakende Satış,konfeksiyon atolyesi,deforme malzeme manipulasyonu,Osmanbey Sisli,"Halaskargazi, Süleyman Nazif Sk. No:65 D:B, 34371 Şişli/İstanbul",41.0529651,28.9888902,(0212) 296 98 77,https://lavintekstil.com/,3.8,43,Ev Eşyaları Mağazası,1.0,1.0
ChIJD6OpNsC7yhQRoXYt1uNj-7E,"MODA TASARIMATOLYE ""Dijital kalıp ve Modelhane.Kalıp ofisi",konfeksiyon atolyesi,deforme malzeme manipulasyonu,Osmanbey Sisli,"İzzet Paşa, Çam Sk. No:2, 34360 Şişli/İstanbul",41.0679772,28.9872542,0543 886 73 14,https://sites.google.com/d/1yVQco-2LW2eOrq6DQxEzZk3kILoa7JM7/p/1fMfUq9LLr600fA70Y_XIqVCHkTHBvY74/edit,4.6,17,,1.0,1.0
ChIJoxbXaIu3yhQRoRbZXU7ElqM,Meh Atelier,konfeksiyon atolyesi,deforme malzeme manipulasyonu,Osmanbey Sisli,"Halaskargazi, Ayla Algan Sok. Akıncılar iş Hanı No:55, 34371 Şişli/İstanbul",41.0517931,28.990539899999998,0546 840 30 32,https://mehatelier.com/,5,30,Mağaza,1.0,1.0
ChIJycGscw-3yhQR3rfz-8nJloU,Miss Mina Tasarım Ofisi,konfeksiyon atolyesi,deforme malzeme manipulasyonu,Osmanbey Sisli,"Osmanbey, Meşrutiyet, Kodaman Sk. No:59 Kat:3, 34363 Şişli/İstanbul",41.054297,28.990378000000003,(0212) 231 19 97,https://www.missmina.com.tr/,5,3,Giyim mağazası,1.0,1.0
ChIJWzK5nhm3yhQRpVmSkCKCOWs,Odrica Abiye (Atölye),konfeksiyon atolyesi,deforme malzeme manipulasyonu,Osmanbey Sisli,"Merkez, Birahane Sk. No:11, 34381 Şişli/İstanbul",41.0606527,28.980805399999998,(0212) 248 91 25,http://odricaofficial.com/,5,8,Hizmetler,1.0,1.0
ChIJDWdm3RG3yhQRCXwTS6J8IZk,Osmanbey Tekstilci İş Adamları Derneği,konfeksiyon atolyesi,deforme malzeme manipulasyonu,Osmanbey Sisli,"Halaskargazi Cad. Yasan İş Merkezi D:101 K:4, Cumhuriyet, 34380 Şişli/İstanbul",41.0536123,28.986976100000003,(0212) 231 92 85,http://www.otiad.org.tr/,4.5,4,Toptancı,1.0,1.0
ChIJqWYcD94_yhQR1jdduva0FJk,Pınar Torna Tesviye Metal,torna tesviye atolyesi,hassas hizalama + alet kullanimi,Osmanbey Sisli,"Küçükbalıklı, Sarıyer Cd. no:16, 16140 Osmangazi̇/Bursa",40.21970900000001,29.069898000000002,0533 419 91 54,http://www.pinartorna.com/,,,Üretici,1.0,1.0
ChIJ_UzbtD63yhQRH32wvLLHgB8,Sayan Torna | Boya Tabancaları,torna tesviye atolyesi,hassas hizalama + alet kullanimi,Osmanbey Sisli,"Hafik Cad, Mahmut Şevket Paşa, Yayla Çk. No:5/A, 34384 Şişli/İstanbul",41.0456089,28.956017,(0212) 235 88 20,https://www.sayantorna.com/,,,Üretici,1.0,1.0
ChIJFwrcyRq3yhQRSCQ_VthqBuE,Terzi Hulki,konfeksiyon atolyesi,deforme malzeme manipulasyonu,Osmanbey Sisli,"Merkez, Halaskargazi Cd. No: 168, 34360 Şişli/İstanbul",41.0579314,28.987195699999997,0532 385 19 85,https://www.hulkidogru.com/,4.5,32,Terzi,1.0,1.0
ChIJrzvgi1q3yhQRfpN1J2Y4iYg,Uçuk Moda Nişantaşı Osmanbey,konfeksiyon atolyesi,deforme malzeme manipulasyonu,Osmanbey Sisli,"osmanbey kurtuluş caddesi numara:9/11 oda:46, feriköy pasajı, Bozkurt, 34377 Şişli/İstanbul",41.052042,28.984133999999994,0532 443 07 72,https://ucukmoda.com.tr/,5,1,Terzi,1.0,1.0
ChIJC31y_JG5yhQR21EXQgBrMcc,Wagner Atelier,konfeksiyon atolyesi,deforme malzeme manipulasyonu,Osmanbey Sisli,"Sismanoglu Korkmaz Ap, 19 Mayıs, Tayyareci Cemal Sok. No:10A, 34360 Şişli/İstanbul",41.0598618,28.9881574,0532 219 15 70,https://wagneratelier.co/,3.4,18,Hizmetler,1.0,1.0
ChIJ59XIU6e3yhQRdgpTznGtoDc,YÖNEL MODA DİKİM EVİ,konfeksiyon atolyesi,deforme malzeme manipulasyonu,Osmanbey Sisli,"Meşrutiyet, Albay Sadi Alantar Sokağı 16/1, 34360 Şişli/İstanbul",41.055295199999996,28.9927769,0530 873 70 38,https://www.instagram.com/yonelmodadikimevi?utm_source=qr&igsh=NzV5OHhqejExN2xi,4.9,16,Mağaza,1.0,1.0
ChIJ-8nd46-3yhQRGrpQbtKaUQc,göçer moda,konfeksiyon atolyesi,deforme malzeme manipulasyonu,Osmanbey Sisli,"19 Mayıs, Halaskargazi Cd., 34360 Şişli/İstanbul",41.0588542,28.9872432,0543 510 96 48,http://göçermoda.com/,5,1,Giyim mağazası,1.0,1.0
ChIJP7lII2y3yhQR-PMRGug0XeM,Çalışkan Tasarım Atölyesi,konfeksiyon atolyesi,deforme malzeme manipulasyonu,Osmanbey Sisli,"Halaskargazi, Şafak Sk. no:43/2, 34371 Şişli/İstanbul",41.0524226,28.9893046,0542 408 48 93,https://www.europages.co.uk/tr/company-editor/794981c1-e7c2-3b7f-b1d7-3f31f170aa22/basic-info,5,2,Giyim mağazası,1.0,1.0
ChIJs6y6J1O3yhQRNQcGTScAtPU,Özel Tekstil Merkez Ofis İstanbul,konfeksiyon atolyesi,deforme malzeme manipulasyonu,Osmanbey Sisli,"Cumhuriyet, Nakiye Elgün Sok. No:31/B, 34380 Şişli/İstanbul",41.055173200000006,28.986849099999997,0549 675 05 09,http://www.ozeltekstil.com/,5,1,Hizmetler,1.0,1.0
ChIJE33Hdju3yhQR8zhf8uiDsDI,Askeroğlu Ayakkabı & Giyim,konfeksiyon atolyesi,deforme malzeme manipulasyonu,Perpa Okmeydani,"Halil Rıfat Paşa Mah. Perpa Ticaret Merkezi. A Blok. Kat:13 / 2140, Halil Rıfat Paşa, Okmeydanı, 34384 Şişli/İstanbul",41.061138199999995,28.9701915,0536 207 33 42,http://askeroglu.com/,3.6,15,Ayakkabı mağazası,1.0,1.0
ChIJ8YB-pzy3yhQR3xDqZQpG1-g,Okan Ateşci,konfeksiyon atolyesi,deforme malzeme manipulasyonu,Perpa Okmeydani,"Halil Rıfat Paşa Mahallesi Yüzer Havuz Sokak no:1 Perpa Ticaret Merkezi Kat 13 B Blok Dükkan 2426, Halil Rıfat Paşa, D:2428, 34384 Şişli/İstanbul",41.060701699999996,28.970342199999997,0532 175 31 93,http://www.okanatesci.com/,5,17,Terzi,1.0,1.0
ChIJt3cozF63yhQR32FUNho6ZR4,Saygınlar İş Tekstili,konfeksiyon atolyesi,deforme malzeme manipulasyonu,Perpa Okmeydani,"H. Rıfat Paşa Mahallesi PERPA TİCARET MERKEZİ KAT:5 B BLOK NO:203, Halil Rıfat Paşa, 34384 Şişli/İstanbul",41.0606533,28.970055199999994,(0212) 361 48 56,http://www.sayginlar.com.tr/,5,5,Giyim mağazası,1.0,1.0
ChIJe17c75O3yhQR6_gwdTB7eKc,medikal forma aküniforma adil iş elbiseleri,konfeksiyon atolyesi,deforme malzeme manipulasyonu,Perpa Okmeydani,"talatpaşa aydoğan caddesi, Talatpaşa, okmeydanı perpa metrobus durağı 20/d D:5 dk, 34400 Kağıthane/İstanbul",41.0633215,28.9661239,0532 784 05 23,http://akuniforma.com.tr/,5,11,Giyim mağazası,1.0,1.0
ChIJH-ck_ZK5yhQRjqtLj9Y5_Vc,Bahar Tekstil Atolye,konfeksiyon atolyesi,deforme malzeme manipulasyonu,Persembe Pazari Karakoy,"Guzel Han, Mercan, Tacirhane Sk. No:15 D:301, 34116 Fatih/İstanbul",41.0142946,28.966632599999993,0541 446 70 62,https://www.etsy.com/shop/BaharcollectioDesign,5,2,Giyim mağazası,1.0,1.0
ChIJNQD2gOaxyhQRAsNgBoA7diM,Karaköy Perşembe Pazarı,konfeksiyon atolyesi,deforme malzeme manipulasyonu,Persembe Pazari Karakoy,"75. Yıl, İstiklal Cd. No:54/B, 34260 Sultangazi/İstanbul",41.093381699999995,28.907030499999998,0542 187 01 87,https://www.karakoypersembepazari.com/,4,10,Hizmetler,1.0,1.0
ChIJ8yv10vO5yhQR37XWbm5vj6I,Kardeşler Konfeksiyon Ekipmanları,konfeksiyon atolyesi,deforme malzeme manipulasyonu,Persembe Pazari Karakoy,"Yavuz Sinan, Katip Çelebi Cad. 9/A, 34134 Fatih/İstanbul",41.021686,28.961425,(0212) 527 79 32,http://www.kardesan.com.tr/,5,2,Üretici,1.0,1.0
ChIJIcmSqN25yhQRhbDZcoAJG98,MAE ZAE,konfeksiyon atolyesi,deforme malzeme manipulasyonu,Persembe Pazari Karakoy,"Mahallesi, Kemankeş Karamustafa Paşa, Hoca Tahsin Sk. No:16-A, 34425 Beyoğlu/İstanbul",41.0248863,28.9787884,(0212) 288 77 68,https://maezae.com/,4.6,99,Giyim mağazası,1.0,1.0
ChIJEaM1wWu3yhQRDSOBpgrvm6o,Si Uniq Studio – Tango & Artwear,konfeksiyon atolyesi,deforme malzeme manipulasyonu,Persembe Pazari Karakoy,"Firuzağa, Çukur Cuma Cd. 36 B, 34425 Beyoğlu/İstanbul",41.031362,28.980269,0545 546 18 10,https://www.siuniq.com/,5,25,Giyim mağazası,1.0,1.0
ChIJ_9qWr3O7yhQR1bbTvnf3KRY,İlkay Şal Eşarp Bandana Dikim Atölyesi,konfeksiyon atolyesi,deforme malzeme manipulasyonu,Persembe Pazari Karakoy,"Derviş Ali, Ağızlık Sk. No:8, 34900 Fatih/İstanbul",41.0298164,28.9386322,0534 914 06 34,https://www.instagram.com/saldikimatolyesi?igsh=MThjNDY3N21uenBvdA==,5,4,Mağaza,1.0,1.0
ChIJ74EHs0C7yhQRrPLNt7JRMjU,ABDALLAH TEKSTIL عبدالله محيمد,konfeksiyon atolyesi,deforme malzeme manipulasyonu,Zeytinburnu,"Sümer, 29/12. Sk. No:8, 34025 Zeytinburnu/İstanbul",40.9864639,28.8981137,0538 584 84 89,https://m.facebook.com/Abdallahtekstil/,5,22,Mağaza,1.0,1.0
ChIJA4rBXXm7yhQRJ0RaJgnPxXU,Agop Deri Işleme,konfeksiyon atolyesi,deforme malzeme manipulasyonu,Zeytinburnu,"Nuripaşa, 15. Sk. No:35, 34025 Zeytinburnu/İstanbul",40.9842387,28.901217400000004,(0212) 664 87 42,http://www.ksiad.com/uye-detay/agop-deri-isleme,4.1,18,Mağaza,1.0,1.0
ChIJj7QFdp-7yhQRxb0ogSaCERw,EndaSpor Spor Giyim ve Tekstil Atölyesi,konfeksiyon atolyesi,deforme malzeme manipulasyonu,Zeytinburnu,"Gökalp, 36. Sk. No:19, 34020 Zeytinburnu/İstanbul",40.993935500000006,28.9092347,0536 625 36 40,https://endaspor.com.tr/,4.7,3,Spor Giyim Mağazası,1.0,1.0
ChIJByz1Nqa7yhQRbLa0PVP5cKs,Ercan Tekstil,konfeksiyon atolyesi,deforme malzeme manipulasyonu,Zeytinburnu,"Telsiz, Dursun Kılıç Cd 30/A, 34020 Zeytinburnu/İstanbul",41.003397,28.911659900000004,(0212) 679 38 23,http://www.ercan-tekstil.net/,4.7,12,Ev Eşyaları Mağazası,1.0,1.0
ChIJ8YMN6fa6yhQRCk5CVfcFXtQ,Genç Torna,torna tesviye atolyesi,hassas hizalama + alet kullanimi,Zeytinburnu,"Maltepe, Çiftehavuzlar Sk. 22/B, 34010 Maltepe - Zeytinburnu/Zeytinburnu/İstanbul",41.027493,28.902045899999997,(0212) 567 65 96,https://genctorna.sahibinden.com/,,,Üretici,1.0,1.0
ChIJw7n1Aqa7yhQROcPW99mk-IQ,KARCANLAR TEKSTIL,konfeksiyon atolyesi,deforme malzeme manipulasyonu,Zeytinburnu,"Telsiz Mahallesi Dursun, Telsiz, Kılıç Cd. No:27/B, 34020 Zeytinburnu/İstanbul",41.0031926,28.9115817,(0212) 558 34 58,http://www.karcanlartekstil.com/,4.8,34,Ev Eşyaları Mağazası,1.0,1.0
ChIJ9yuQgqO7yhQRZmcB61J_j3A,Polat Tekstil,konfeksiyon atolyesi,deforme malzeme manipulasyonu,Zeytinburnu,"Telsiz, 80/1. Sk No:4/B, 34020 Zeytinburnu/İstanbul",40.997155,28.9149483,(0212) 517 06 06,http://t.me/PolatTekstilOfficial,5,2,Mağaza,1.0,1.0
ChIJ-XXTFhS7yhQRH3cicaxWN0E,Ponçik Fabrika,konfeksiyon atolyesi,deforme malzeme manipulasyonu,Zeytinburnu,"Çırpıcı, 3. Taşocağı Sk. 16/B, 34020 Zeytinburnu/İstanbul",41.0001882,28.897314899999998,(0212) 558 58 37,http://www.poncik.com.tr/,,,Mağaza,1.0,1.0
ChIJmXcv_ly6yhQRCTFV1HxWeHE,REEL TEKSTİL SANAYİ TİCARET LTD. ŞTİ.,konfeksiyon atolyesi,deforme malzeme manipulasyonu,Zeytinburnu,"Maltepe Mahallesi, Maltepe Yolu Obaköy İş Merkezi No:110, Maltepe, 34010 Zeytinburnu/İstanbul",41.0278449,28.915341200000004,(0212) 613 70 20,http://www.reeltriko.com/,5,78,Kurumsal Ofis,1.0,1.0
ChIJlYuLgeW7yhQRhd9_wu9oz8U,REYNAFUR ATÖLYE,konfeksiyon atolyesi,deforme malzeme manipulasyonu,Zeytinburnu,"Yenidoğan, 45. Sk. No:13 A, 34020 Zeytinburnu/İstanbul",40.9883708,28.9064065,0530 186 34 62,https://www.reynafur.com/,,,Üretici,1.0,1.0
ChIJlad1S6G7yhQRcfxNYQb-BZk,Yiğit Modelistlik – Dijital Kalıp ve 3D Tasarım Ofisi,konfeksiyon atolyesi,deforme malzeme manipulasyonu,Zeytinburnu,"Telsiz, 72. Sk. Uğur İş Merkezi NO:46 / K:4, 34020 Zeytinburnu/İstanbul",40.9987864,28.9109438,0532 547 24 96,https://wa.me/905325472496,4.9,39,Hizmetler,1.0,1.0
ChIJ_6cozmi6yhQRbkhVjya5jag,Zirve Nakış Tekstil,konfeksiyon atolyesi,deforme malzeme manipulasyonu,Zeytinburnu,"Yüncüler iş Hanı, Maltepe, Gümüşsuyu Cd. No 47/5 Kat 3, 34010 Zeytinburnu/İstanbul",41.0286982,28.909657199999998,(0212) 544 40 39,http://www.zirvenakis.com/,4.7,24,,1.0,1.0
ChIJDzfcNnq7yhQR8D4V84CT2XY,Çalışkan Tekstil,konfeksiyon atolyesi,deforme malzeme manipulasyonu,Zeytinburnu,"Telsiz, Dursun Kılıç Cd No:62-63-64, 34020 Zeytinburnu/İstanbul",41.0030529,28.9086388,(0212) 416 88 88,http://www.caliskantekstil.com.tr/,4.3,46,Üretici,1.0,1.0
ChIJqeDfR4K7yhQRCkp3FgRxQfU,Özsar Tekstil (Textile Fabric),konfeksiyon atolyesi,deforme malzeme manipulasyonu,Zeytinburnu,"Telsiz, Seyitnizam Cd. no:170, 34020 Zeytinburnu/İstanbul",41.004357,28.910286999999997,(0212) 546 07 07,http://ozsartekstil.com/,4.6,10,Üretici,1.0,1.0
ChIJD15GfOqxyhQRfMv_TQx3Dbo,"Alker Mobilya - Özel Ölçü Mobilya İmalat, Cila, Mobilya Tadilat, Deck Döşeme",mobilya atolyesi,iki elli montaj + alet kullanimi,Bayrampasa,"Karayolları, 619. Sk. no8/A, 34250 Gaziosmanpaşa/İstanbul",41.086295899999996,28.8994689,0532 775 91 28,https://www.alkermobilya.com/,5,23,Üretici,0.95,0.965
ChIJbQUKpQW7yhQRCJQCr1zpX2o,Beril ahşap çelebi mobilya - marangoz,mobilya atolyesi,iki elli montaj + alet kullanimi,Bayrampasa,"Muratpaşa, Aygün Sk. 11a, 34040 Bayrampaşa/İstanbul",41.050846,28.904807799999997,0535 385 07 78,https://i̇nstagram.com/berilahsap,5,3,Üretici,0.95,0.965
ChIJn7rl-TO7yhQRBUaCvCVxBV4,Dilek mobilya imalat,mobilya atolyesi,iki elli montaj + alet kullanimi,Bayrampasa,"Nenehatun mahallesi, 170. Sk., 34230 Esenler/İstanbul",41.03786470000001,28.876740500000004,0553 104 36 74,https://www.instagram.com/dilekmobilya.imalat,4.7,3,,0.95,0.965
ChIJB6eXdSyxyhQRo2FlWLn9ue4,Dönüşüm Mobilya CİLA ve BOYAMA,mobilya atolyesi,iki elli montaj + alet kullanimi,Bayrampasa,"Alibeyköy, Atatürk Cd. 96/2, 34060 Eyüpsultan/İstanbul",41.081331999999996,28.948688100000002,0536 239 51 68,https://mobilyacilaboyama.tr.gg/,4.7,41,Hizmetler,0.95,0.965
ChIJMTcmbuq7yhQRrCVP3-qTtUs,ERA MOBİLYA,mobilya atolyesi,iki elli montaj + alet kullanimi,Bayrampasa,"İsmet Paşa, İsmet Paşa Cd. No : 23/A, 34035 Bayrampaşa/İstanbul",41.041261299999995,28.9077885,0532 348 47 98,https://www.eramobilya.com/?utm_source=google&utm_medium=wix_google_business_profile&utm_campaign=10791355302551141550,5,3,Mobilya mağazası,0.95,0.965
ChIJLY1chPO6yhQRQfjG6wYvicQ,KARATAŞ GROUP - Necoline & Poland,mobilya atolyesi,iki elli montaj + alet kullanimi,Bayrampasa,"Terazidere, Sinan Sk. No:15, 34035 Bayrampaşa/İstanbul",41.0287095,28.899774500000003,(0212) 674 05 98,http://www.necoline.com/,4.3,24,Üretici,0.95,0.965
ChIJn1YxBIK7yhQRb9jgjnjX32s,"LİSA Sandalye Toptan Ahşap Sandalye, Masa, Sedir ve Koltuk İmalatı",mobilya atolyesi,iki elli montaj + alet kullanimi,Bayrampasa,"Terazidere, Hakan Sokağı, 34000 Bayrampaşa/İstanbul",41.0310718,28.902375,0531 991 46 34,https://www.lisasandalye.com.tr/,5,41,Üretici,0.95,0.965
ChIJiQotbOyxyhQRFdCMMGXq1fU,Montajfix mobilya atölyesi,mobilya atolyesi,iki elli montaj + alet kullanimi,Bayrampasa,"Hürriyet, 278. Sk. 6 a, 34394 Gaziosmanpaşa/İstanbul",41.0696754,28.8970262,0544 119 00 01,https://www.montajfix.com.tr/,5,14,Üretici,0.95,0.965
ChIJ_7rfFUOxyhQRvGjGo5XEOi4,Sabit Mobilya,mobilya atolyesi,iki elli montaj + alet kullanimi,Bayrampasa,"Yıldırım, Tunaboylu Sokağı 38/A, 34035 Bayrampaşa/İstanbul",41.0612114,28.889835599999998,0535 376 06 80,https://www.instagram.com/sabitmobilyaa?igsh=NjlkcGRzMTF0ZzIy&utm_source=qr,5,12,Üretici,0.95,0.965
ChIJndWTM467yhQRN4puIqneL9Y,YAŞAR MOBİLYA,mobilya atolyesi,iki elli montaj + alet kullanimi,Bayrampasa,"Orta mahalle uygur caddesi, İMALAT, Orta, Kale Sk. 50/b, 34035 Bayrampaşa/İstanbul",41.037123099999995,28.905845799999998,0536 503 26 72,https://www.instagram.com/yasar_home?igsh=MW0zem5uejZrN2JkYg==&utm_source=qr,5,8,Mobilya mağazası,0.95,0.965
ChIJu3Kl4t6jyhQRTeRqJXmoxgY,İkea Montaj Ustası,mobilya atolyesi,iki elli montaj + alet kullanimi,Bayrampasa,"Bayrampaşa, Tamer Sk. no:48, 34045 Bayrampaşa/İstanbul",41.0657809,28.897889300000003,0540 554 76 33,http://montajmobilya.com/,4.7,135,Hizmetler,0.95,0.965
ChIJ_aUTV9K7yhQRJ8ESV0L7_90,İzvemo Mobilya - Özel Ölçü Mobilya & Mutfak Dolabı İmalatı,mobilya atolyesi,iki elli montaj + alet kullanimi,Bayrampasa,"Menderes, 309. Sk. HUZUR APT NO: 9 B, 34225 Esenler/İstanbul",41.038766599999995,28.880569299999994,0542 432 38 61,https://www.izvemomobilya.com/,5,5,Üretici,0.95,0.965
ChIJNenU_l-6yhQRBVoJFhsUvt8,Şenol Plastik,mobilya atolyesi,iki elli montaj + alet kullanimi,Bayrampasa,"Vatan, Esenler Cd. No:27, 34035 Bayrampaşa/İstanbul",41.032812299999996,28.9072586,(0212) 565 52 95,http://www.senolplastik.com/,4.7,3,Üretici,0.95,0.965
ChIJ_bxi3OilyhQRExPMlSBF-Ak,Alageyik Orman Ürünleri,mobilya atolyesi,iki elli montaj + alet kullanimi,Ikitelli OSB,"Başakşehir O.S.B Keresteciler Sanayi Sitesi & 26 Sok, İkitelli OSB, 1. İkitelli Cad. No:9, 34490 Başakşehir/İstanbul",41.0705221,28.780437900000003,0533 281 01 52,http://www.alageyikorman.com.tr/,5,14,Yapı Malzemeleri Mağazası,0.95,0.965
ChIJ1-Qj9ZalyhQRvOxVbHHLnhw,Alkan Mobilya,mobilya atolyesi,iki elli montaj + alet kullanimi,Ikitelli OSB,"I.O.S.B, Başakşehir, İkitelli, MASKO 19 B Blok No: 27-29-31, İkitelli OSB, 34490 İstanbul/Başakşehir/İstanbul",41.0648237,28.8025243,(0212) 480 04 00,http://www.alkanmobilya.com.tr/,4.4,82,Mobilya mağazası,0.95,0.965
ChIJle0g4M2lyhQRhzJR8lGVlrE,Artı Ebatlama Orman Ürünleri San. Tic. Ltd. Şti.,mobilya atolyesi,iki elli montaj + alet kullanimi,Ikitelli OSB,"Keresteciler San.Sit Katlı Otoparkı, İkitelli OSB, Hürriyet Bulvari No:4 Kat:1, 34490 İkitelli Osb/Başakşehir/İstanbul",41.0733908,28.785799800000003,0533 960 44 10,https://artiebatlama.com/,4.7,14,Üretici,0.95,0.965
ChIJA2qFEObPyhQRp8EuqCBfAfs,Atölye Arası,mobilya atolyesi,iki elli montaj + alet kullanimi,Ikitelli OSB,"Huzur, Kuş Sk. 15A, 34773 Ümraniye/İstanbul",41.027262,29.159696,0545 842 35 92,http://atolyearasi.com/,5,74,,0.95,0.965
ChIJDxuo-uilyhQRBZVhNhygzMA,Elvira Ahşap,mobilya atolyesi,iki elli montaj + alet kullanimi,Ikitelli OSB,"İkitelli OSB, 26. Sk. No:29, 34490 Başakşehir/İstanbul",41.069883399999995,28.7802864,(0212) 670 51 52,http://www.elviraahsap.com/,4.6,16,Üretici,0.95,0.965
ChIJ51J2tJWlyhQRUTTEFIYEQBI,Exoteak,mobilya atolyesi,iki elli montaj + alet kullanimi,Ikitelli OSB,"Masko Mobilya Kenti 10-B Blok No: 8 İkitelli, İkitelli OSB, 34490 Başakşehir/İstanbul",41.0656227,28.793749199999993,0532 620 30 45,https://exoteak.com.tr/,4.8,23,Mobilya mağazası,0.95,0.965
ChIJy-OP7n6vyhQRPlaaBQeU8mk,FORMAT AHŞAP MOBİLYA DEKORASYON SAN.VE TİC.LTD.ŞTİ,mobilya atolyesi,iki elli montaj + alet kullanimi,Ikitelli OSB,"Organize sanayi Bölgesi Mahellesi Heskoop san. Sit. S1 Blok, İkitelli OSB, Tufan Sok. No:7 D:7, 34490 Başakşehir/İstanbul",41.0698432,28.7943206,(0212) 671 50 61,http://www.formatahsap.com.tr/,4.3,7,Üretici,0.95,0.965
ChIJd5mEzVvFyhQRs7Eeqi3Uj8E,KÖSE MOBİLYA - MARANGOZ ATÖLYESİ,mobilya atolyesi,iki elli montaj + alet kullanimi,Ikitelli OSB,"Kayışdağı, Nusret Sk. 39/A, 34755 Ataşehir/İstanbul",40.9813328,29.1429485,0542 554 47 60,https://sites.google.com/view/kosemobilya-com/ana-sayfa,5,61,Üretici,0.95,0.965
ChIJF2HlUrilyhQRrLAEoYCZjOw,Li mobilya Dekorasyon,mobilya atolyesi,iki elli montaj + alet kullanimi,Ikitelli OSB,"İkitelli OSB, Saraçlar Sanayi Sitesi No:6 blok No:87, 34490 Başakşehir/İstanbul",41.0852368,28.787226099999998,0532 060 67 78,http://www.limobilya.com/,5,17,Üretici,0.95,0.965
ChIJaao0wRWlyhQRtUdGlzgyjEg,MOSSO FABRİKA,mobilya atolyesi,iki elli montaj + alet kullanimi,Ikitelli OSB,"DEPARKO SANAYİ SİTESİ ÜSTÜNGÜL İŞ MERKEZİ, İkitelli OSB, KAT : -2, 34490 Başakşehir/İstanbul",41.0671818,28.783828399999997,(0212) 675 06 61,http://www.mosso.com.tr/,3.5,6,Mobilya mağazası,0.95,0.965
ChIJ6wqORhKvyhQREMeKpkP0Hng,Masko Mobilya Kenti,mobilya atolyesi,iki elli montaj + alet kullanimi,Ikitelli OSB,"İkitelli OSB Mh. MASKO Mobilya Kenti, İkitelli OSB, 34490 Başakşehir/İstanbul",41.066282199999996,28.7912655,(0212) 675 00 11,http://www.masko.com.tr/,4.3,4899,Mobilya mağazası,0.95,0.965
ChIJr5O-AJO5yhQRoctwC5PwyMU,Mercan Tasarım Atölyesi,mobilya atolyesi,iki elli montaj + alet kullanimi,Ikitelli OSB,"İkitelli OSB, Marmara Küçük Sanayi Sitesi N Blok sk 5B 3.kat numara 321, 34307 Küçükçekmece/İstanbul",41.060508,28.7952443,0532 413 65 97,https://www.instagram.com/mercan_tasarim_atolyesi?igsh=Mm9IZTdhdHJudjF3&utm_source=qr,5,2,,0.95,0.965
ChIJR3XDBIGvyhQR6aQ2hoRP9cs,Mobilya Tamir Atölyesi,mobilya atolyesi,iki elli montaj + alet kullanimi,Ikitelli OSB,"İkitelli OSB, 12A Block Masko Mobilya Kenti No:29, 34306 Başakşehir/İstanbul",41.0657523,28.796409399999998,0506 127 12 38,https://www.mobilyatamiratolyesi.com/,,,Hizmetler,0.95,0.965
ChIJ-5my97ylyhQRqHNdbf33VFk,Mobilya Tamiri & Mobilya Tamir Atölyesi,mobilya atolyesi,iki elli montaj + alet kullanimi,Ikitelli OSB,"Masko Mobilya Kenti 12A Blok NO: 29/A, İkitelli OSB, 34480 Başakşehir/İstanbul",41.0660509,28.796030700000003,0506 127 12 38,https://www.mobilyatamiratolyesi.com/,5,5,Hizmetler,0.95,0.965
ChIJ59BnyvKlyhQRahd68xYtW8U,Mobilya İmalathanesi,mobilya atolyesi,iki elli montaj + alet kullanimi,Ikitelli OSB,"İkitelli Organize San Bölgesi Pik Dökümcüler Sitesi, İkitelli OSB, A2 Blok No:10, 34480 Başakşehir/İstanbul",41.096818999999996,28.793475100000002,0536 695 74 10,http://www.mobilyaimalathanesi.com/,5,4,Üretici,0.95,0.965
ChIJizu-x1WlyhQRl0EihIFv7sE,Mosso Mobilya,mobilya atolyesi,iki elli montaj + alet kullanimi,Ikitelli OSB,"İkitelli OSB. Masko Mobilya Kenti 1A Blok No: 37-39, İkitelli OSB, 34480 Başakşehir/İstanbul",41.066032199999995,28.7874685,(0212) 675 07 61,http://www.mosso.com.tr/,4.9,26,Mobilya mağazası,0.95,0.965
ChIJBSjtSkrHyhQR21vu6eO7g_s,Oktay Ahşap Atölyesi,mobilya atolyesi,iki elli montaj + alet kullanimi,Ikitelli OSB,"Aşıkveysel, 3056. Sk. No: 15, 34707 Ataşehir/İstanbul",40.998393799999995,29.088965199999997,0536 954 11 90,https://oktayahsap.com/,4.8,29,Üretici,0.95,0.965
ChIJxxzxAemlyhQRvbv2xYLZnEk,Tabiat Ahşap Tasarım Ve Uygulama,mobilya atolyesi,iki elli montaj + alet kullanimi,Ikitelli OSB,"İkitelli OSB, Keresteciler san sit D:28.blok No: 18, 34490 Başakşehir/İstanbul",41.070884199999995,28.779712300000003,(0212) 452 04 51,http://tabiatahsap.com/,3.8,5,,0.95,0.965
ChIJtTYaGAWvyhQRGxakTN5ouek,Ufuk Ahşap Mobilya,mobilya atolyesi,iki elli montaj + alet kullanimi,Ikitelli OSB,"Ziya Gökalp, Keresteciler Sanayi Sitesi 3.Blok No: 15, 34480 Başakşehir/İstanbul",41.073572999999996,28.783477599999998,(0212) 670 36 70,http://www.ufukahsap.com/tr,4,22,Üretici,0.95,0.965
ChIJRxjF-n6vyhQR6pq8q1ad8Ok,YDS AHŞAP & DEKORASYON SAN. VE DIŞ TİC. LTD. ŞTİ,mobilya atolyesi,iki elli montaj + alet kullanimi,Ikitelli OSB,"İkitelli OSB, Eski Turgut Özal Cd. No:42 D:E, 34303 Başakşehir/İstanbul",41.0799989,28.809650299999998,(0212) 472 06 96,http://www.ydsahsap.com/,4.8,4,Üretici,0.95,0.965
ChIJB8Bdl5alyhQR14c5iwlQtzA,mobilya tamiri,mobilya atolyesi,iki elli montaj + alet kullanimi,Ikitelli OSB,"Masko, Ziya Gökalp, 34480 Başakşehir/İstanbul",41.065475299999996,28.789826499999997,0530 265 40 38,http://www.mobilyatamiri.com.tr/,4.9,65,Hizmetler,0.95,0.965
ChIJ6eHmWyWvyhQROCba4PPGK0k,Önder Mobilya Cila,mobilya atolyesi,iki elli montaj + alet kullanimi,Ikitelli OSB,"İkitelli OSB, Çevre Sanayi Sitesi No:4 blok no:25, 34490 Başakşehir/İstanbul",41.0862629,28.792466799999996,0555 144 57 67,https://www.onarimmobilya.com/,5,12,Üretici,0.95,0.965
ChIJV5mw0B67yhQRLzu1KRidSAY,Artist Dekorasyon,mobilya atolyesi,iki elli montaj + alet kullanimi,Merter,"Mehmet Nesih Özmen Mahallesi Savaş Caddesi, No:6 Kat: 1, Mehmet Nesih Özmen, Merter Sok., 34169 Güngören/İstanbul",41.0149949,28.8861751,(0212) 637 66 24,https://www.artistdekorasyon.net/,4.6,30,,0.95,0.965
ChIJMxVgflLPyhQRLIbaw6Vh7h4,Atölye Net Mobilya Tasarım & Mimarlık,mobilya atolyesi,iki elli montaj + alet kullanimi,Merter,"Esenşehir Mah. Kürkçüler Cad, Esenşehir, Gurur Sk. No:1-A, 34776 Ümraniye/İstanbul",41.0099551,29.170893999999997,0530 395 94 00,https://www.efuria.com/,4.5,30,Üretici,0.95,0.965
ChIJ_cK77DK7yhQRY0gZTU-Aedg,Demiröz Mobilya ve Ahşap restorasyon,mobilya atolyesi,iki elli montaj + alet kullanimi,Merter,"Mareşal çakmak mahallesi Soğanlı Cad, Mareşal Çakmak, Cömert Sk. No:8a, 34160 Güngören/İstanbul",41.015633,28.8630428,0537 797 83 63,https://mobilyatasarla.com.tr/,5,24,Mobilya mağazası,0.95,0.965
ChIJO3Ppgma6yhQRZmpAzkBblWM,Dovita,mobilya atolyesi,iki elli montaj + alet kullanimi,Merter,"Yenidoğan, Büyük Çınar Sk. No:19 D:B, 34030 Bayrampaşa/İstanbul",41.0349535,28.914240500000002,(0212) 567 09 70,http://www.dovita.com.tr/,4.6,36,Mobilya mağazası,0.95,0.965
ChIJdW76DZzPyhQRmTN8fF1syeE,EMİNKAYA MOBİLYA,mobilya atolyesi,iki elli montaj + alet kullanimi,Merter,"Ferhatpaşa Mah Ferhatpaşa Cad. & G.35 Sok. No:73, Ferhatpaşa, 34758 Ataşehir/İstanbul",40.978407,29.176575999999997,(0216) 661 71 23,http://www.eminkaya.com/,4.9,40,Üretici,0.95,0.965
ChIJg5r-R5XRyhQRfBgY1F0Yc3Y,LEMA MOBİLYA özel üretim mobilya imalat Atölyesi,mobilya atolyesi,iki elli montaj + alet kullanimi,Merter,"Osmangazi, Palmiye Sk. no:9/b, 34750 Sancaktepe/İstanbul",40.9853088,29.246005699999994,0532 522 58 87,http://www.eylinmobilyadizayn.com/,5,15,Üretici,0.95,0.965
ChIJn6whFom2yhQRftDiDMV0-jk,Maad Mobilya İzolasyon Mühendislik San.Tic. A.Ş.,mobilya atolyesi,iki elli montaj + alet kullanimi,Merter,"Seyrantepe, Çile Sokak No:3, 34415 Kağıthane/İstanbul",41.0967303,28.996827999999997,(0212) 270 62 23,http://www.maad.com.tr/,5,3,Üretici,0.95,0.965
ChIJFVEuK-C6yhQRAr_7qMZZd18,Mert Dekorasyon,mobilya atolyesi,iki elli montaj + alet kullanimi,Merter,"Abdurrahman Nafiz Gürman, Şair Ahmet Kutsi Tecer Cd. Ferah Apt, 34173 Güngören/İstanbul",41.007746,28.8877551,(0212) 504 13 64,https://mertdekorasyon.com/,4.4,42,Mobilya mağazası,0.95,0.965
ChIJqfhAEhvPyhQRmQPo27U8pv8,Mobilya Dekorasyon Üretim Atölyesi,mobilya atolyesi,iki elli montaj + alet kullanimi,Merter,"İnönü Mah. İnönü Cd Kozan Sk/2 Sancaktepe, İnönü, 34785 Çekmeköy/İstanbul",41.0143209,29.2107611,0532 204 27 57,http://www.icemutfak.com/,5,1,Üretici,0.95,0.965
ChIJX0Oqgt-7yhQRlbnKfN4LQCM,Mobilyacı - Marangoz İmalat ve Dekorasyon Hizmetleri,mobilya atolyesi,iki elli montaj + alet kullanimi,Merter,"Güven, Erguvan Sk. No:24, 34160 Güngören/İstanbul",41.0117688,28.8739482,0532 216 41 00,https://www.yepyenimobilya.com.tr/,5,1,Üretici,0.95,0.965
ChIJjyxAJA26yhQRQBlRPm_V1gc,Tasarım Atölyesi,mobilya atolyesi,iki elli montaj + alet kullanimi,Merter,"Defterdar, Mobilyacılar Sk. No:30, 34050 Eyüpsultan/İstanbul",41.0372237,28.930572899999998,(0212) 567 05 04,https://www.eyupmodesa.com.tr/mobilya/firma/111/tasarim_atolyesi.html,1.4,5,Mobilya mağazası,0.95,0.965
ChIJrUqKWezHyhQRL5H1OaPyKkI,Usta Kapında - Mobilya Montaj Ustası,mobilya atolyesi,iki elli montaj + alet kullanimi,Merter,"Caddebostan, Bağdat Cad. No:346, 34728 Kadıköy/İstanbul",40.964379699999995,29.072565,(0216) 360 60 90,https://kapindausta.com/,5,24,Hizmetler,0.95,0.965
ChIJicC2MRm7yhQRU8jN5r0wzfc,merter aksesuar,mobilya atolyesi,iki elli montaj + alet kullanimi,Merter,"merter aksesuar, Mehmet Nesih Özmen, 34000 merter güngören/Güngören/İstanbul",41.014390999999996,28.886695,0530 405 44 14,https://www.facebook.com/aksesuarmerter/,4.2,14,Hizmetler,0.95,0.965
ChIJf_8t-CG7yhQRo_TVWoHysiQ,tekstil aksesuarları,mobilya atolyesi,iki elli montaj + alet kullanimi,Merter,"Mehmet Nesih Özmen Mah. Keresteciler Sitesi, Savaş Cad, Mehmet Nesih Özmen, Savur Sokağı No:26/B, 34173 Güngören/İstanbul",41.0158242,28.8862147,(0212) 539 35 39,http://www.tasariaksesuar.com/,4,11,Hizmetler,0.95,0.965
ChIJKZIl83-vyhQRw6aBD8zF_uM,İkitelli Keresteciler Sitesi,mobilya atolyesi,iki elli montaj + alet kullanimi,Merter,"İkitelli OSB, Karaduman Sk. No:6, 34490 Başakşehir/İstanbul",41.0703068,28.782095499999993,(0212) 670 01 27,https://www.keresteciler.org.tr/,4.3,764,Yapı Malzemeleri Mağazası,0.95,0.965
ChIJR7fl9uPPyhQR-McuOSBfAuI,5 FURNİTURE ( Beşgül Mobilya ),mobilya atolyesi,iki elli montaj + alet kullanimi,Modoko Umraniye,"MODOKO MOBİLYACILAR SİTESİ 2.CADDE, Yukarı Dudullu, 2. Sk. NO : 159, 34755 Ümraniye/İstanbul",41.0057121,29.1582364,0850 677 5557,https://www.5furniture.com.tr/?utm_source=google&utm_medium=cpc&utm_campaign=pure-brand&gad_source=1&gclid=Cj0KCQjwm5e5BhCWARIsANwm06h3zB8DdOKja9N2qCKkm--lvw5VV_9TuQluHaM27_lBK_kPkiif4ywaAjiWEALw_wcB,4.6,50,Mobilya mağazası,0.95,0.965
ChIJlbHq7XLPyhQR32jKH_NsO8M,ACTİVE MOBİLYA MODOKO,mobilya atolyesi,iki elli montaj + alet kullanimi,Modoko Umraniye,"Modoko Mobilyacılar Sitesi 3.Cadde No : 240, Yukarı Dudullu, 34775 Ümraniye/İstanbul",41.007323799999995,29.1601915,0549 563 56 56,http://www.activemobilya.com/,4.8,13,Mobilya mağazası,0.95,0.965
ChIJCYGQcTzPyhQR2nWUuHe6SrA,AS Armon Mobilya,mobilya atolyesi,iki elli montaj + alet kullanimi,Modoko Umraniye,"Yukarı Dudullu, 1. Cad./11. Sok. D:80-81, 3.Cad/1, 5.Cad/18, Yukarı Dudullu, 34000 Ümraniye/İstanbul",41.006481199999996,29.158155500000003,(0216) 313 81 21,http://www.modoko.com.tr/magaza/39/as-armon-mobilya,4.2,48,Mobilya mağazası,0.95,0.965
ChIJx3kdhDzPyhQRuYdUaF2SSKg,Adalılar Mobilya,mobilya atolyesi,iki elli montaj + alet kullanimi,Modoko Umraniye,"Yukarı Dudullu, 5. Cd. Modoko Sanayi Sitesi No:281, 34775 Ümraniye/İstanbul",41.0080661,29.156927999999997,(0216) 540 97 67,http://www.homebutik.com/,4.3,17,Mobilya mağazası,0.95,0.965
ChIJKzBwhzvPyhQRNMTBoLEqONM,Almila | Modoko,mobilya atolyesi,iki elli montaj + alet kullanimi,Modoko Umraniye,"Yukarı Dudullu, 10. Sk. No:273, 34775 Ümraniye/İstanbul",41.0074523,29.156324599999998,(0216) 313 38 58,https://www.almila.com.tr/,4.1,98,Mobilya mağazası,0.95,0.965
ChIJS1zZUDzPyhQR9jRoCElw_wU,Atlantis Mobilya,mobilya atolyesi,iki elli montaj + alet kullanimi,Modoko Umraniye,"Yukarı Dudullu, 3. Sk. Modoko Mobılyacılar Sitesi D:141, 34775 Ümraniye/İstanbul",41.0064208,29.159661199999995,(0216) 540 36 31,http://www.atolyematlantis.com/,4.2,5,Mobilya mağazası,0.95,0.965
ChIJmdJ6HLnPyhQRHh1FPKInWhk,Atölye Mutfak - İstanbul Modoko - Tunart Group,mobilya atolyesi,iki elli montaj + alet kullanimi,Modoko Umraniye,"Altınşehir, Nato Yolu Cd No:35, 34775 Ümraniye/İstanbul",41.0148511,29.143873199999998,0554 986 50 07,https://www.atolyemutfak.com.tr/,5,10,Mobilya mağazası,0.95,0.965
ChIJEZOh8ozPyhQRTKr7w4L-qGM,Balkan Home Modoko,mobilya atolyesi,iki elli montaj + alet kullanimi,Modoko Umraniye,"Yukarı Dudullu Mh, Dudullu OSB, 3. Sk. No: 132, 34775 Ümraniye/İstanbul",41.0068862,29.1591895,0532 135 32 24,https://www.balkanhome.com.tr/,4.9,32,Toptancı,0.95,0.965
ChIJ6QG-ljzPyhQRGsP6El-SqUY,Bari Concept Modoko,mobilya atolyesi,iki elli montaj + alet kullanimi,Modoko Umraniye,"Yukarı Dudullu, 3. Cd. Modoko Mobilyacılar Sitesi D:225/B, 34775 Ümraniye/İstanbul",41.0083567,29.1573118,(0216) 508 22 74,https://www.barimobilya.com.tr/,4.1,32,Mobilya mağazası,0.95,0.965
ChIJpW2zmRLPyhQRVWfDl5D9030,Class Home Modoko,mobilya atolyesi,iki elli montaj + alet kullanimi,Modoko Umraniye,"CLASS HOME, Yukarı Dudullu, 2. Cd. Modoko Mobilyacilar Sit. No:162, 34775 Ümraniye/İstanbul",41.0060115,29.158597399999998,0505 423 51 75,https://www.classhome.com.tr/,4.7,89,Mobilya mağazası,0.95,0.965
ChIJ2aoCMTzPyhQRxpf1WotZXXo,Elve Luxury,mobilya atolyesi,iki elli montaj + alet kullanimi,Modoko Umraniye,"Modoko Mobilyacılar Çarşısı 2.Cd. No:259, Yukarı Dudullu, 34775 Ümraniye/İstanbul",41.0051424,29.159455500000004,(0216) 540 14 42,https://www.elvemobilya.com.tr/,4.2,16,Mobilya mağazası,0.95,0.965
ChIJa7YKrI3PyhQRqMtMwMuhaRM,Erbil Mobilya Tasarım ve Mimari Uygulama,mobilya atolyesi,iki elli montaj + alet kullanimi,Modoko Umraniye,"Sanayi Sitesi, 2. Cd. No:247/A, 34775 Ümraniye/İstanbul",41.0068439,29.1606707,(0216) 313 44 44,http://www.erbilmobilya.com.tr/,4.1,17,Mobilya mağazası,0.95,0.965
ChIJh3iiD-PIyhQRlOh25r0ZYJw,Fuga Mobilya Modoko,mobilya atolyesi,iki elli montaj + alet kullanimi,Modoko Umraniye,"Yukarı Dudullu, Yargıcı Cd. No:41, 34775 İstanbul/Ümraniye/İstanbul",41.0074244,29.157779499999997,(0212) 222 38 42,http://www.fugamobilya.com/,4.3,82,Mobilya mağazası,0.95,0.965
ChIJ1XR7jDzPyhQR5IWKshWg4jQ,Keops Mobilya - Modoko İstanbul,mobilya atolyesi,iki elli montaj + alet kullanimi,Modoko Umraniye,"Modoko San. Sit. 3. Cd. 6, Yukarı Dudullu, 7. Sk. No:39, 34775 Ümraniye/İstanbul",41.0076069,29.157716899999993,(0216) 415 30 02,https://keopsmobilya.com.tr/,4.6,92,Mobilya mağazası,0.95,0.965
ChIJhUEDSBzPyhQRVg2v0Xii-tg,LUKA HOME,mobilya atolyesi,iki elli montaj + alet kullanimi,Modoko Umraniye,"NATO YOLU CAD, Yukarı Dudullu, Emre Sk. NO:1, 34775 Ümraniye/İstanbul",41.0079977,29.160456000000003,0536 644 11 38,https://instagram.com/lukahomecom?,5,263,Mobilya mağazası,0.95,0.965
ChIJGdy9tD3PyhQROPxHZQMDhS8,Leonart Concept Mobilya Modoko,mobilya atolyesi,iki elli montaj + alet kullanimi,Modoko Umraniye,"Yukarı Dudullu, 6. Sk. Mobilyacılar Sitesi No:104 No:104, 34775 Dudullu/Ümraniye/İstanbul",41.0073462,29.1581071,(0216) 540 57 55,http://leonartmobilya.com/,4.3,26,Mobilya mağazası,0.95,0.965
ChIJx-DGcrHPyhQRRI-peLVFz3c,Liness Mobilya - Modoko Şube,mobilya atolyesi,iki elli montaj + alet kullanimi,Modoko Umraniye,"Modoko Mobilyacılar Sitesi 4. Cad. No:146, Yukarı Dudullu, 34775 Ümraniye/İstanbul",41.0065313,29.1588764,0545 833 43 84,https://linessmobilya.com/,3.1,35,Mobilya mağazası,0.95,0.965
ChIJS4mGITzPyhQRXCI5aqQu0aM,Loda,mobilya atolyesi,iki elli montaj + alet kullanimi,Modoko Umraniye,"Yukarı Dudullu, 2. Cd. No:267, 34775 Ümraniye/İstanbul",41.005497,29.158123,(0216) 540 36 24,https://www.loda.com.tr/,4.4,51,Mobilya mağazası,0.95,0.965
ChIJ-cSRB12kyhQRJhLNOFXMIK8,Macitler Mobilya Modoko,mobilya atolyesi,iki elli montaj + alet kullanimi,Modoko Umraniye,"Modoko Mobilyacılar Sitesi 2. CAD. No: 184, Yukarı Dudullu, 34000 Ümraniye/İstanbul",41.005486,29.159070800000002,(0216) 540 73 49,http://www.macitler.com.tr/,3.9,59,Mobilya mağazası,0.95,0.965
ChIJ8wLhPDzPyhQR5Xl6_1zheYk,Merve Masa Sandalye Modoko,mobilya atolyesi,iki elli montaj + alet kullanimi,Modoko Umraniye,"Modoko San. Sit 158, Yukarı Dudullu, 1. Cd., 34775 Ümraniye/İstanbul",41.0057804,29.1581577,(0216) 420 70 08,http://instagram.com/masasandalyeciii,4.1,23,Mobilya mağazası,0.95,0.965
ChIJAdBPPC3PyhQR7eBHwu-7iro,Millennium Mobilya - Modoko,mobilya atolyesi,iki elli montaj + alet kullanimi,Modoko Umraniye,"Yukarı Dudullu, 1. Cd. Modoko San. Sit. D:193/194, 34775 Ümraniye/İstanbul",41.0068722,29.158603699999993,0530 567 26 38,http://www.millenniummobilya.com/,4.4,34,Mobilya mağazası,0.95,0.965
ChIJSywCBRDPyhQRgGLYCjqdEl4,Modoko Mobilyacılar Sitesi - Mut Design,mobilya atolyesi,iki elli montaj + alet kullanimi,Modoko Umraniye,"Nato yolu caddesi, Yukarı Dudullu, Nebioğlu Sk. no :1, 34775 Ümraniye/İstanbul",41.010062399999995,29.155476,0544 214 47 41,https://mutdesign.com.tr/,4.7,50,Mobilya mağazası,0.95,0.965
ChIJzfPinVzPyhQRN-NPSiFAdxY,Napoly Design Modoko,mobilya atolyesi,iki elli montaj + alet kullanimi,Modoko Umraniye,"Yukarı Dudullu, 3. Cd. Mobilyacılar Sitesi, 34775 Ümraniye/İstanbul",41.0072153,29.159923799999994,0532 596 42 70,https://www.napolydesign.com.tr/,4.7,60,Mobilya mağazası,0.95,0.965
ChIJwwIsejzPyhQRPPu4mn0rSDQ,Ndesign | Modoko1,mobilya atolyesi,iki elli montaj + alet kullanimi,Modoko Umraniye,"Yukarı Dudullu, 5. Cd. No:201, 34775 Ümraniye/İstanbul",41.0073298,29.1568982,0534 366 88 68,http://www.ndesign.com.tr/,4.9,129,Mobilya mağazası,0.95,0.965
ChIJS1zZUDzPyhQRXsnVtyE3K-Q,Nüans Life (Modoko Country Mobilya),mobilya atolyesi,iki elli montaj + alet kullanimi,Modoko Umraniye,"Yukarı Dudullu Mahallesi 1.Cd 3. Sk, Yukarı Dudullu, 3. Sk. MOBİLYACILAR SİTESİ No:135, 34775 Ümraniye/İstanbul",41.0066389,29.1596652,0532 676 81 80,http://www.nuansmobilya.com/,4.1,31,Mobilya mağazası,0.95,0.965
ChIJqWbxhzvPyhQRZozioY9o1o0,Palmera modoko,mobilya atolyesi,iki elli montaj + alet kullanimi,Modoko Umraniye,"Yukarı Dudullu, 9. Sk. No:203, 34775 Ümraniye/İstanbul",41.0069357,29.1567215,(0216) 499 80 89,http://www.palmera.com.tr/,4.8,33,Mobilya mağazası,0.95,0.965
ChIJS1zZUDzPyhQRrCiGU9hnPNw,RADA Mobilya Dekorasyon,mobilya atolyesi,iki elli montaj + alet kullanimi,Modoko Umraniye,"Yukarı Dudullu Mahallesi 2. Cadde 3. Sokak Modoko Mobilyacılar Sitesi No:142, Yukarı Dudullu, 34775 Ümraniye/İstanbul",41.00638920000001,29.159485899999996,(0216) 313 33 64,https://radamobilya.com/,4.6,18,Mobilya mağazası,0.95,0.965
ChIJiZ8fJDzPyhQRKhk9jiWSu0Y,Roni Mobilya Modoko Klasik Mobilya,mobilya atolyesi,iki elli montaj + alet kullanimi,Modoko Umraniye,"Yukarı Dudullu, 2. Cd. No:266, 34775 Ümraniye/İstanbul",41.0052279,29.1585242,(0216) 313 72 72,https://ronimobilya.com/,4,12,Mobilya mağazası,0.95,0.965
ChIJ2VH93x7PyhQRGAcM51u1sOA,Saloni Mobilya - Modoko,mobilya atolyesi,iki elli montaj + alet kullanimi,Modoko Umraniye,"Modoko Mobilyacılar Sİtesi 3.Sokak, Yukarı Dudullu, istanbul 3.Sokak No:133, 34775 Ümraniye/İstanbul",41.0067874,29.159333399999998,0538 441 84 04,http://www.saloni.com.tr/,3.7,15,Mobilya mağazası,0.95,0.965
ChIJ-ztT5QrPyhQRcmy33jexVpQ,Soho Kids,mobilya atolyesi,iki elli montaj + alet kullanimi,Modoko Umraniye,"Modoko, Yukarı Dudullu, 9. Sk. Mobilyacılar Çarşısı, 34775 Ümraniye/İstanbul",41.0066,29.1565987,(0216) 314 17 14,http://www.sohokids.com.tr/,4.2,136,Mobilya mağazası,0.95,0.965
ChIJs0kRfTvPyhQR_e3_Lg1UrKs,Stella,mobilya atolyesi,iki elli montaj + alet kullanimi,Modoko Umraniye,"Yukarı Dudullu, 5. Cd. No: 197, 34775 Ümraniye/İstanbul",41.0064081,29.157024800000002,(0216) 364 21 54,http://www.stellamobilya.com/,4.5,46,Mobilya mağazası,0.95,0.965
ChIJ2caypsvIyhQRBxmHYgF1Z-w,Tuna&Botoso Mobilya,mobilya atolyesi,iki elli montaj + alet kullanimi,Modoko Umraniye,"Modoko sanayi sitesi 3.cad, D:230, Yukarı Dudullu, 34775 Ümraniye/İstanbul",41.0081357,29.158311,(0216) 364 20 10,http://www.tunabotoso.com/,4.8,150,Mobilya mağazası,0.95,0.965
ChIJ81ILW-bPyhQRnF9FeL_QBqs,Weltew Home Modoko,mobilya atolyesi,iki elli montaj + alet kullanimi,Modoko Umraniye,"Yukarı Dudullu, 1. Cd. Sanayi Sitesi No:194 / 1, 34764 Ümraniye/İstanbul",41.0069789,29.158756300000004,0530 641 65 89,https://www.weltew.com/tr_tr,4.5,291,Mobilya mağazası,0.95,0.965
ChIJR0Rza2K3yhQRBQBsq-uy2a4,Atölye Metrik,mobilya atolyesi,iki elli montaj + alet kullanimi,Osmanbey Sisli,"İzzet Paşa, Vefa Poyraz Cd. No:7-B, 34381 Şişli/İstanbul",41.0682549,28.987124899999998,0541 208 20 18,http://www.atolyemetrik.com/,,,,0.95,0.965
ChIJUUVXVHbIyhQRQW5ogk6B5ZU,Bahar Mobilya ve Koltuk Döşeme Atölyesi,mobilya atolyesi,iki elli montaj + alet kullanimi,Osmanbey Sisli,"Fetih, Demiray Sok., 34704 Ataşehir/İstanbul",41.006249,29.0778237,0543 315 27 80,http://baharmobilyam.com/?utm_source=google&utm_medium=wix_google_business_profile&utm_campaign=15628050693815288527,5,8,Üretici,0.95,0.965
ChIJmxLu8wO3yhQRJuqtfNQY1es,Baki Usta İstanbul Mobilya Kurulum,mobilya atolyesi,iki elli montaj + alet kullanimi,Osmanbey Sisli,"Gülbahar Mahallesi, Mecidiyeköy Mahallesi, Çulluk Sk. NO:33, 34381 Şişli/İstanbul",41.0755219,28.996582200000002,0544 320 16 20,https://istanbulmobilyakurulum.com/,5,31,Hizmetler,0.95,0.965
ChIJywwR-Nq3yhQRkcCewhfYk6M,Başaran döşeme,mobilya atolyesi,iki elli montaj + alet kullanimi,Osmanbey Sisli,"Yenibosna Merkez, Cumhuriyet Cd. no 52, 34142 Şişli/İstanbul",41.0439469,28.9868306,0535 971 51 30,http://www.istikbalkoltukdoseme.com/,5,11,Hizmetler,0.95,0.965
ChIJtRTJ_ga3yhQRdqJk0BT5HtQ,CEPHE MOBİLYA,mobilya atolyesi,iki elli montaj + alet kullanimi,Osmanbey Sisli,"Serbest, Kuştepe, Hudut Sk. No:111, 34403 Şişli/İstanbul",41.0738045,28.9890467,0532 506 52 64,https://www.instagram.com/cephe.mobilya?igsh=MWNiZWppb2M0bzR4bQ==,,,Üretici,0.95,0.965
ChIJCYt5uF21yhQRO-GkYfYqKcY,Minas Maison,mobilya atolyesi,iki elli montaj + alet kullanimi,Osmanbey Sisli,"Teşvikiye, Nişantaşı Ihlamur Yolu Sok. No:19/D, 34365 Şişli/İstanbul",41.0511253,28.9952973,(0212) 248 30 08,http://www.minasmaison.com/,5,2,Mobilya mağazası,0.95,0.965
ChIJE61xje3HyhQRx4zjWtQH1BA,Usta koltuk,mobilya atolyesi,iki elli montaj + alet kullanimi,Osmanbey Sisli,"Fetih, Kösebey Sk No:69, 34630 Ataşehir/İstanbul",41.0047425,29.075235100000004,0543 392 63 51,https://www.ustakoltuk.com/,5,3,Hizmetler,0.95,0.965
ChIJbWhkuv23yhQRvYI-_zrBNyo,atolye vadisi,mobilya atolyesi,iki elli montaj + alet kullanimi,Osmanbey Sisli,"Merkez, Hasat Sk. 52/1, 34403 Şişli/İstanbul",41.0622731,28.9845503,0542 891 81 90,https://www.atolyevadisi.com/,,,Üretici,0.95,0.965
ChIJqadn6wgKTqQR4dRgVH7V1Xw,Şişli Mobilya Montaj,mobilya atolyesi,iki elli montaj + alet kullanimi,Osmanbey Sisli,"Şişli, Rüya Sk. No:5, 34394 Şişli/İstanbul",41.072998,28.999475,0532 394 80 63,https://sislimobilyamontaj.site/,5,7,Hizmetler,0.95,0.965
ChIJudPTgKuwyhQRVhqTv0EYolI,Ekol Mobilya A.B,mobilya atolyesi,iki elli montaj + alet kullanimi,Perpa Okmeydani,"Piri Paşa, Ahbap Sk. No:1, 34445 Beyoğlu/İstanbul",41.0438465,28.949610300000003,(0212) 369 47 18,http://www.ekolmobilyaab.com/,4.9,20,Üretici,0.95,0.965
ChIJNe85Uzu3yhQRcrCpdyiW_MQ,Ofis-im Mobilya,mobilya atolyesi,iki elli montaj + alet kullanimi,Perpa Okmeydani,"D:1323, Halil Rıfat Paşa, Yüzer Havuz Sk. Perpa Ticaret Merkezi B Blok, 34384 Şişli/İstanbul",41.060621999999995,28.970145700000003,(0212) 320 28 29,http://www.ofis-im.com/,,,Mobilya mağazası,0.95,0.965
ChIJN1VVVTy3yhQRuw7IbOhz5So,Pleksi Kürsü,mobilya atolyesi,iki elli montaj + alet kullanimi,Perpa Okmeydani,"Halil Rıfat Paşa, Yüzer Havuz Sk. Perpa Ticaret Merkezi B Blok D:13.Kat No:2568, 34384 Şişli/İstanbul",41.0614354,28.971708300000003,0532 346 06 85,http://www.pleksikursu.com/,5,33,Mobilya mağazası,0.95,0.965
ChIJ_RHsXDe3yhQR8IUzvOL3aOk,Yiğit Mobilya,mobilya atolyesi,iki elli montaj + alet kullanimi,Perpa Okmeydani,"Mahmut Şevket Paşa Mahallesi, Gaziler Sokak, Mahmut Şevket Paşa, Okmeydanı Cd. No:21/A, 34384 Şişli/İstanbul",41.0511086,28.964373499999997,0542 484 34 81,http://yigitmobilya.xyz/,4.3,3,Üretici,0.95,0.965
ChIJr896pDy3yhQRy5jjehRwuho,Şablon,mobilya atolyesi,iki elli montaj + alet kullanimi,Perpa Okmeydani,"H. Rıfat Paşa Mahallesi Perpa Ticaret Merkezi. B Blok kat:9 no::1479, Halil Rıfat Paşa, 34384 Şişli/İstanbul",41.0602503,28.9709613,(0212) 320 18 13,http://www.sablonint.com/,4.3,6,Mobilya mağazası,0.95,0.965
ChIJhXu2TGa3yhQRebAsMmCK1O0,ALİ TIRLI MOBİLYA VE DEKORASYON,mobilya atolyesi,iki elli montaj + alet kullanimi,Persembe Pazari Karakoy,"Bülbül, Dereotu Sk. No:49 - 49/A, 34435 Beyoğlu/İstanbul",41.038975,28.979052000000003,(0212) 297 04 70,http://www.alitirli.com/,4.9,34,Mobilya mağazası,0.95,0.965
ChIJx7E4_-y5yhQRCOfhKi_yzmM,Atölye Kafası,mobilya atolyesi,iki elli montaj + alet kullanimi,Persembe Pazari Karakoy,"Sarıdemir, Kutucu Sk. No:6, 34134 Fatih/İstanbul",41.018046600000005,28.967782199999995,(0212) 528 00 60,http://www.atolyekafasi.com/,4.5,89,Mobilya mağazası,0.95,0.965
ChIJ2YmT5ce5yhQRQmr31okPhRE,Eminönü Ahşap Midye Sehpası Simitçi Tezgah İmalat Atölyesi,mobilya atolyesi,iki elli montaj + alet kullanimi,Persembe Pazari Karakoy,"Sarıdemir, Kutucular Cd. No:43 D:2.Kat Dükkan 10, 34000 Fatih/İstanbul",41.0180558,28.9675124,0539 699 82 31,https://www.instagram.com/koksalatolyesi?igsh=MTg2bmpodndyeWplcQ==,5,17,,0.95,0.965
ChIJ-YzqA1m3yhQRy6BBHIpX5Ys,FMS Mobilya,mobilya atolyesi,iki elli montaj + alet kullanimi,Persembe Pazari Karakoy,"Küçük Piyale, Yeni Yol Ara Sk. No:5, 34440 Beyoğlu/İstanbul",41.0369677,28.967849599999997,(0212) 255 55 55,http://www.fmsmobilya.com/,4.6,62,Mobilya mağazası,0.95,0.965
ChIJp8TQLTLPyhQRLKsoXLJ47h4,Galata Mobilya,mobilya atolyesi,iki elli montaj + alet kullanimi,Persembe Pazari Karakoy,"Cihangir, Mebusan Ykş. 25 A İST, 34775 Beyoğlu/İstanbul",41.0326582,28.9877828,0542 379 34 29,https://www.instagram.com/mobilyagalata?igsh=MW4yZHM0bjRyM283dQ==,5,7,Üretici,0.95,0.965
ChIJdVWZ6_e3yhQRfoOosTQhBW8,Hazine dekorasyon mobilya,mobilya atolyesi,iki elli montaj + alet kullanimi,Persembe Pazari Karakoy,"Bülbül, Ağa Deresi Sk. No:4, 34435 Beyoğlu/İstanbul",41.038343999999995,28.980430999999996,0532 457 02 24,http://hazinedekorasyon.com/,3.3,3,,0.95,0.965
ChIJYwABca3Y7mARZpEQ9hPWEp0,Karakaya Concept - Mobilya Montaj kurulum & Tamirat,mobilya atolyesi,iki elli montaj + alet kullanimi,Persembe Pazari Karakoy,"Dudullu OSB, Yeditepe Ünv., 34755 Ataşehir/İstanbul",40.974928399999996,29.153336999999993,0543 734 42 82,https://wa.me/qr/IGYPWEMKM7JQF1,5,20,Hizmetler,0.95,0.965
ChIJkX2u74G3yhQRZH3a1xGKsNg,Naturel Cila Atölyesi,mobilya atolyesi,iki elli montaj + alet kullanimi,Persembe Pazari Karakoy,"Kuloğlu, Turnacıbaşı Cd. no:48, 34433 Beyoğlu/İstanbul",41.0331615,28.981715599999998,0535 542 21 44,http://instagram.com/naturelcilaatolyesi,5,1,Hizmetler,0.95,0.965
ChIJBV6zdgC3yhQREzSE8_pM-yo,Naturel cila atölyesi,mobilya atolyesi,iki elli montaj + alet kullanimi,Persembe Pazari Karakoy,"Kuloğlu, Turnacıbaşı Cd. No:34433 no 46, 34433 Beyoğlu/İstanbul",41.033248199999996,28.981643599999998,0535 542 21 44,http://www.instagram.com/naturelcilaatolyesi,,,Hizmetler,0.95,0.965
ChIJbxk7--i3yhQRk7P2YvXF2-g,Pera Varak Atölyesi,mobilya atolyesi,iki elli montaj + alet kullanimi,Persembe Pazari Karakoy,"Kuloğlu, Koca Ağa Sk. no17A, 34433 Beyoğlu/İstanbul",41.033570999999995,28.981402999999997,0535 229 08 10,http://i̇nstagram.com/peravarakatolyesi,5,4,Hizmetler,0.95,0.965
ChIJ6QGmCFa5yhQRFcHWSqGG3wE,Yonga Ahşap Atölyesi,mobilya atolyesi,iki elli montaj + alet kullanimi,Persembe Pazari Karakoy,"Çatma Mescit, Tepebaşı Cd. No:36A, 34430 Beyoğlu/İstanbul",41.0317244,28.971854800000003,0555 513 50 08,https://www.instagram.com/yongaatolye/,5,3,Yapı Malzemeleri Mağazası,0.95,0.965
ChIJHQuW1OO7yhQRu5voT_nnxAQ,ALACA Mobilya Ev Tadilatı Mutfak ve Banyo Dolabı Yapımı Zeytinburnu,mobilya atolyesi,iki elli montaj + alet kullanimi,Zeytinburnu,"Çırpıcı, Prof. Dr. Aziz Ergin Cd NO:86/B, 34025 Zeytinburnu/İstanbul",41.0010906,28.894034500000004,0555 655 35 65,https://alacamobilya.com/,5,21,Mobilya mağazası,0.95,0.965
ChIJjXSn2Xq7yhQRelnahs-ZGPE,Bayraktar Mobilya,mobilya atolyesi,iki elli montaj + alet kullanimi,Zeytinburnu,"Sümer, Prof. Dr. Turan Güneş Cd. No:110, 34025 Zeytinburnu/İstanbul",40.9896786,28.894006400000002,(0212) 582 97 96,http://www.bayraktarmobilya.com/,4.6,198,Mobilya mağazası,0.95,0.965
ChIJ_-jv8nq7yhQRxiUUZEUNgDQ,Can Mobilya Ve Dekorasyon Zeytinburnu,mobilya atolyesi,iki elli montaj + alet kullanimi,Zeytinburnu,"Sümer, Merv Cd. No:100, 34025 Zeytinburnu/İstanbul",40.987644499999995,28.897077000000003,(0212) 415 44 37,https://canmobilya.sahibinden.com/,4.6,25,Mobilya mağazası,0.95,0.965
ChIJ6cWC7Au7yhQRyyUuiclI07Y,Genç Döşeme,mobilya atolyesi,iki elli montaj + alet kullanimi,Zeytinburnu,"Beştelsiz, 75/2. Sk. No:124, 34020 Zeytinburnu/İstanbul",41.0003896,28.9015351,0536 293 55 59,http://gencdoseme.com/,4.5,4,Mobilya mağazası,0.95,0.965
ChIJa_qGwGChyhQRMUhOfBD_GZU,GÜLCAN MOBİLYA 37,mobilya atolyesi,iki elli montaj + alet kullanimi,Zeytinburnu,"Veliefendi, 278. Sokak numara 6/A, 34025 Zeytinburnu/İstanbul",40.9983797,28.8964191,0539 725 60 37,http://www.gulcanmobilya.com/,5,66,Üretici,0.95,0.965
ChIJ-RTFBeTHyhQRbR7mY08bT38,Gübül Mobilya,mobilya atolyesi,iki elli montaj + alet kullanimi,Zeytinburnu,"Merdivenköy, Katip Nazmiler Sk. No:47 D:1, 34732 Kadıköy/İstanbul",40.990328999999996,29.068355999999998,0535 427 34 09,https://gubulmobilya.com/,4.9,132,Hizmetler,0.95,0.965
ChIJoWQWan67yhQRe78b285gTdg,Kalem Yatak,mobilya atolyesi,iki elli montaj + alet kullanimi,Zeytinburnu,"Nuripaşa, 8. Sk. 2A, 34000 Zeytinburnu/İstanbul",40.984207,28.899539,0533 154 83 46,http://kalemyatak2.wixsite.com/kalem-yatak,4.5,11,Üretici,0.95,0.965
ChIJm9uDTOK7yhQRLXPtLVe2Pdw,Necip Mobilya montaj ustası,mobilya atolyesi,iki elli montaj + alet kullanimi,Zeytinburnu,"Yeşiltepe, 57/19. Sk. No:4, 34025 Zeytinburnu/İstanbul",40.9929304,28.899932,0534 942 84 41,https://necipmobilyamontaj.com/,5,6,Hizmetler,0.95,0.965
ChIJcfU02_a6yhQRl4c1-pSyGk4,Oğuzhanlar Ofis Mobilyaları,mobilya atolyesi,iki elli montaj + alet kullanimi,Zeytinburnu,"Maltepe, Davutpaşa Çiftehavuzlar Cd NO=24 D:C, 34010 Zeytinburnu/İstanbul",41.027623,28.901591000000003,(0212) 567 99 24,http://www.oguzhanlar.com/,3.9,19,Mobilya mağazası,0.95,0.965
ChIJRaqkGZulyhQRCDg4tWJ5ID4,RY TASARIM ATÖLYESİ,mobilya atolyesi,iki elli montaj + alet kullanimi,Zeytinburnu,"Topkapı Caddesi 2. Matbaacılar Sitesi F Blok Kat 1 No ZF8, Maltepe, 34089 Zeytinburnu/İstanbul",41.0253356,28.9192739,(0212) 596 85 62,https://www.instagram.com/ry.tasarimatolyesi/,4.9,238,Hizmetler,0.95,0.965
ChIJ53ZiBFm6yhQRvNSa4qNI8mY,Web Mutfak - Endüstriyel Dolap İmalatı,mobilya atolyesi,iki elli montaj + alet kullanimi,Zeytinburnu,"Maltepe, Fazıl Paşa Cd Zer Sanayi Sitesi no:4, 34010 Zeytinburnu/İstanbul",41.0236717,28.911488799999997,0552 077 59 40,http://webmutfak.com.tr/,5,1,Mobilya mağazası,0.95,0.965
ChIJu28PfFq6yhQRMn41dFdaIlA,Çilingiroğlu Büro Mobilyaları,mobilya atolyesi,iki elli montaj + alet kullanimi,Zeytinburnu,"Maltepe, Davutpaşa Cd. No:8 D:128, 34010 Zeytinburnu/İstanbul",41.021820999999996,28.915021000000003,(0212) 576 79 20,http://www.cilingirogluburo.com/,4.5,731,Mobilya mağazası,0.95,0.965
ChIJmX_RCPe7yhQRVLE7U5m5h9E,ARABAMİSTANBUL ARAÇ BAKIM ONARIM VE GENEL SERVİS HİZMETLERİ,oto tamir servisi,kisitli alanda alet kullanimi,Bayrampasa,"Yenidoğan Mahallesi Abdi İpekçi Caddesi Ramtaş Sanayi Sitesi, Yenidoğan, D:163/50, 34030 Bayrampaşa/İstanbul",41.0471268,28.913185199999997,0530 514 28 90,http://www.arabamistanbul.com.tr/,4.8,109,Araç Bakım ve Onarımı,0.9,0.93
ChIJ688LoTq7yhQRB6s4C3D1MCc,AYDIN ELEKTRONİK SHIMA SEIKI ELEKTRONIK KART TAMIRI . İĞNE PLAKA YİKAMA . TEKNİK SERVİS . YEDEK PARÇA,elektronik tamir,ince motor manipulasyon,Bayrampasa,"Bayrampaşa Orta mahalle. Trikocular caddesi, aktaslar iş merkezi, Orta, Ulubatlı Hasan Sk. 5b, 34010 Bayrampaşa/İstanbul",41.032655999999996,28.916259,0536 589 45 84,http://aydınelektronik.com/?utm_source=gmb&utm_medium=referral,5,3,Üretici,0.9,0.93
ChIJn1Qsh3uwyhQRd4qI4OUEYF8,Atılım elektronik,elektronik tamir,ince motor manipulasyon,Bayrampasa,"Kartaltepe, Geyik Sk. No:1, 34040 Bayrampaşa/İstanbul",41.0595168,28.8999859,0554 821 04 04,http://www.atilimservis.com/,4.7,14,Hizmetler,0.9,0.93
ChIJR38NdMu7yhQRsTz-BXsRnic,BS TEKNİK OTOMOTİV MAN SERVİSİ,oto tamir servisi,kisitli alanda alet kullanimi,Bayrampasa,"Altıntepsi, Yahya Kemal Cd. NO:93/2, 34035 Bayrampaşa/İstanbul",41.041722799999995,28.895604,0533 603 80 25,http://www.bsteknik.com.tr/,5,5,Araç Bakım ve Onarımı,0.9,0.93
ChIJAQC0Vm6wyhQRaTjNOmnFqtk,Baygop Elektronik Anakart Yazarkasa Pos Cihazı TCL TV Tamir Servis Satış,elektronik tamir,ince motor manipulasyon,Bayrampasa,"Yıldırım, Millet Cd. No:102, 34045 Bayrampaşa/İstanbul",41.066557499999995,28.8912627,(0212) 535 05 05,https://baygopelektronik.com.tr/,5,72,Hizmetler,0.9,0.93
ChIJ2yIAgiGxyhQRaQFHDkk_HPA,Bayrampaşa Çekici oto tamir 7/24,oto tamir servisi,kisitli alanda alet kullanimi,Bayrampasa,"Kartaltepe, Enver Paşa Cd. no2a, 34040 Bayrampaşa/İstanbul",41.0578655,28.9056395,0542 412 99 61,https://babacanotokurtarma.wordpress.com/,5,17,Araç Bakım ve Onarımı,0.9,0.93
ChIJTTmgG3uwyhQREHcKo7efH8s,COŞKUN ELEKTRONİK,elektronik tamir,ince motor manipulasyon,Bayrampasa,"Yıldırım, Mor Sk. No:3, 34045 Bayrampaşa/İstanbul",41.0611343,28.8980027,(0212) 614 78 86,http://www.coskunelektronik.com/,3.7,211,Hizmetler,0.9,0.93
ChIJMSQVWaW7yhQRSKLQqaOS4O4,Dijital TV Hastanesi - LED TV Tamir & Panel Değişim Servisi,elektronik tamir,ince motor manipulasyon,Bayrampasa,"Muratpaşa, Cumhuriyet Cd. No:131-1, 34040 Bayrampaşa/İstanbul",41.050483899999996,28.9033671,0533 317 31 12,http://www.ledtvustasi.com/,5,15,Hizmetler,0.9,0.93
ChIJ2XkYYHiwyhQRMjss8ku4MOw,Ekser Otomotiv,oto tamir servisi,kisitli alanda alet kullanimi,Bayrampasa,"Terazidere, 29 Ekim Cd. 1A, 34035 Bayrampaşa/İstanbul",41.0297145,28.905231999999998,(0212) 640 67 01,https://www.istanbulisrehberi.info/32607-ekser-otomotiv.html,4.4,39,Araç Bakım ve Onarımı,0.9,0.93
ChIJC_WXlnC6yhQRtq593p9JiUk,Elektronik Kart Tamiri - Berk Elektronik,elektronik tamir,ince motor manipulasyon,Bayrampasa,"Rami Kışla Caddesi Üretmen İş Merkezi A Blok Kat: 1 61/167 Topçular, Topçular, 34145 Eyüp/Eyüpsultan/İstanbul",41.041717,28.918954399999997,(0212) 501 04 99,http://www.berkelektronik.net/,4.6,30,Hizmetler,0.9,0.93
ChIJ5zfMlEO7yhQR_70rOcWGr8w,EltonTeknikServis,elektronik tamir,ince motor manipulasyon,Bayrampasa,"Yenidoğan, Demirkapı Cd. ÖZALTIN İŞ MERKEZİ GİRİŞ NO:8 KAT NO31, 34040 Bayrampaşa/İstanbul",41.035829500000006,28.910504999999993,0552 431 88 88,http://www.eltonteknikservis.com.tr/,5,386,Hizmetler,0.9,0.93
ChIJ80j8p_O6yhQRKXQMKzOh8CU,Eylül Oto,oto tamir servisi,kisitli alanda alet kullanimi,Bayrampasa,"Terazidere, Güneştel Sk., 34035 Bayrampaşa/İstanbul",41.02848600000001,28.900062899999998,(0212) 567 07 33,http://www.facebook.com/eylulototerazidere,4.6,50,Araba Hizmeti,0.9,0.93
ChIJYaMHzWmxyhQRD_enjXWEed0,Feza Teknik | Profesyonel Onarım Merkezi,elektronik tamir,ince motor manipulasyon,Bayrampasa,"Yıldırım, Gürsel Sokağı no:4/a, 34060 Bayrampaşa/İstanbul",41.0691821,28.894137500000003,(0212) 993 16 23,http://fezateknik.com/,4.8,1702,Hizmetler,0.9,0.93
ChIJa7HrEBGxyhQRjLl2KjbgOqI,LG Tv Anakart Onarımı İstanbul,elektronik tamir,ince motor manipulasyon,Bayrampasa,"Yıldırım, Sakarya Sk. No: 61 B, 34045 Bayrampaşa/İstanbul",41.0665702,28.891806999999996,0544 539 09 91,https://oledelektronik.com/,4.9,7,Hizmetler,0.9,0.93
ChIJqZ6WrnuxyhQRJzRot9fvF10,LGM Elektronik TV Servisi,elektronik tamir,ince motor manipulasyon,Bayrampasa,"Yıldırım, Sakarya Sk. No:60, 34045 Bayrampaşa/İstanbul",41.066666999999995,28.891648800000002,0506 949 21 57,https://oledtvservis.com/,5,38,Hizmetler,0.9,0.93
ChIJsdTgZ_W6yhQRSsTg9JAl6A0,Marjinal Otomotiv,oto tamir servisi,kisitli alanda alet kullanimi,Bayrampasa,"Vatan, Esenler Cd. No:35, 34220 Bayrampaşa/İstanbul",41.0322004,28.9066665,(0212) 612 44 63,http://marjinalotomotiv.com/,4.4,42,Araç Bakım ve Onarımı,0.9,0.93
ChIJXQ_tbZm7yhQRDBO75mxC9SU,Maxim Oto Servis,oto tamir servisi,kisitli alanda alet kullanimi,Bayrampasa,"Muratpaşa, işkent sanayi sitesi, 34040 Bayrampaşa/İstanbul",41.0501879,28.908154999999997,0532 010 00 32,https://maximotoservis.com.tr/,5,7,Araç Bakım ve Onarımı,0.9,0.93
ChIJx-tpD2G6yhQRHDg5sRp3rgw,Murat elektronik -Murat güçtekin,elektronik tamir,ince motor manipulasyon,Bayrampasa,"Orta mah.Demirkapı caddesi, Orta, Göksu Sk. no : 7, 34030 Bayrampaşa/İstanbul",41.0349919,28.9100839,(0212) 674 02 60,http://www.dolumcum.com/,4.7,12,Hizmetler,0.9,0.93
ChIJUeyONs27yhQRuq5-Xg-Z3bE,Prestij Elektronik LED TV,elektronik tamir,ince motor manipulasyon,Bayrampasa,"Orta, Adalet Sk. No:16/A, 34030 Bayrampaşa/İstanbul",41.0354762,28.907968999999998,0535 724 03 39,https://prestijelektroniktv.com/,5,1,Hizmetler,0.9,0.93
ChIJ0aIRYZ26yhQRLUP2z5QKqwM,Sert Elektronik,elektronik tamir,ince motor manipulasyon,Bayrampasa,"Muratpaşa, Hasanpaşa Sk. no:6, 34045 Bayrampaşa/İstanbul",41.052084099999995,28.9046881,0532 793 04 99,http://www.teraziservisi.com/,4.5,29,Hizmetler,0.9,0.93
ChIJEwkzDvyvyhQR7RtsRDwPmlE,Tv Anakart Tamir İkinci El Satış Servis Merkezi,elektronik tamir,ince motor manipulasyon,Bayrampasa,"Yıldırım, Millet Cd. No:102, 34045 Bayrampaşa/İstanbul",41.0666021,28.8912864,(0212) 538 65 43,https://baygop.com.tr/,4,130,Hizmetler,0.9,0.93
ChIJnU5Mu_O6yhQRtS_9uuxA54g,AKSUOĞLU ELEKTRONİK OTOM. SAN. TİC .LTD. ŞTİ,elektronik tamir,ince motor manipulasyon,Ikitelli OSB,"Başakşehir ikitelli giyim sanatkarlar sitesi 4A-Blok 407 Numara, İkitelli OSB, 34490 Başakşehir/İstanbul",41.07031,28.805618899999995,(0212) 567 28 02,http://www.aksuoglu.com.tr/,5,21,Hizmetler,0.9,0.93
ChIJeVJ3h7GhyhQRdqmQIeu6mM0,ALTEKSİSTEM ELEKTRONİK,elektronik tamir,ince motor manipulasyon,Ikitelli OSB,"İkitelli OSB, Aykosan Sanayi Sitesi, 34490 Başakşehir/İstanbul",41.0716685,28.800785499999996,(0212) 420 00 25,http://www.alteksistem.com/,,,Hizmetler,0.9,0.93
ChIJJ4JH6E2lyhQRgYURoY9n8uU,Bay Car Servis | İkitelli Oto Tamir Bakım,oto tamir servisi,kisitli alanda alet kullanimi,Ikitelli OSB,"İkitelli OSB, Güngören - Bağcılar Sanayi Sitesi No:20 Blok, No:18, 34490 Başakşehir/İstanbul",41.076172,28.803384099999995,0530 552 45 27,https://www.baycarservis.com/,5,32,Araç Bakım ve Onarımı,0.9,0.93
ChIJ8R_vh0qlyhQR9iCS-WXHx9c,Cihan Oto Fren Kaliper Limitör Fren Test Muayene Tamir Bakım Servisi,oto tamir servisi,kisitli alanda alet kullanimi,Ikitelli OSB,"İkitelli OSB, Güngören - Bağcılar Sanayi Sitesi No:16 blok no:53, 34490 Başakşehir/İstanbul",41.0757486,28.806062100000002,0530 403 52 97,http://www.otofrenservisi.com.tr/,4.8,744,Araç Bakım ve Onarımı,0.9,0.93
ChIJHcH6DQqlyhQRGJvmCaOC6hI,Diriliş Oto Tamir ve Bakım Servisi,oto tamir servisi,kisitli alanda alet kullanimi,Ikitelli OSB,"İkitelli OSB, Güngören - Bağcılar Sanayi Sitesi blok:5 no:42, 34490 Başakşehir/İstanbul",41.0780921,28.802477699999997,0543 595 44 52,http://www.dirilisservis.com/,4.4,47,Araç Bakım ve Onarımı,0.9,0.93
ChIJfepnTh-lyhQR3MOoTOp_kJQ,ERC Car Servis,oto tamir servisi,kisitli alanda alet kullanimi,Ikitelli OSB,"İKİTELLİ OSB MAH. BAĞCILAR GÜNGÖREN, İkitelli OSB, 21. Blok Sk 21 BLOK NO: 40, 34490 Başakşehir/İstanbul",41.0760015,28.8030445,0530 203 80 60,https://www.erccarservis.com.tr/,4.8,79,Araç Bakım ve Onarımı,0.9,0.93
ChIJpZDBU9WvyhQRkgUOAnc6vtI,Es Oto Elektronik,elektronik tamir,ince motor manipulasyon,Ikitelli OSB,"İki̇telli Osb Mah. Bağcılar Güngören 18. Blok Sk. 18 Blok No: 55, İkitelli OSB, 34165 Başakşehir/İstanbul",41.0755005,28.805010799999998,0539 418 28 46,https://esotoelektronik.com/,4.4,40,Araç Bakım ve Onarımı,0.9,0.93
ChIJIS2ssQW6yhQRr0FYdDmIyzI,Esi Elektronik Otomasyon SAN. VE TİC. LTD. ŞTİ.,elektronik tamir,ince motor manipulasyon,Ikitelli OSB,"İkitelli OSB, İOSB Keresteciler Sanayi Sitesi D:6B Blok Kat: 4 No:4, 34490 Başakşehir/İstanbul",41.0727987,28.7802433,0554 923 33 33,http://www.esielektronik.com/,4.7,38,Üretici,0.9,0.93
ChIJCWL-KFilyhQRPOD-WRgrr6Q,Eurorepar Car Servis İstanbul Başakşehir Metrocar Otomotiv,oto tamir servisi,kisitli alanda alet kullanimi,Ikitelli OSB,"kitelli OSB mah. Metal iş 20.Blok sok. Numara:1, İkitelli OSB, Bedrettin Dalan Blv, 34490 Başakşehir/İstanbul",41.0707349,28.803780999999997,(0212) 671 40 08,https://metrocar.com.tr/,5,103,Araç Bakım ve Onarımı,0.9,0.93
ChIJWw8JgIelyhQREi7KGBwVNJU,FETİH OTO SERVİS VE BAKIM HİZMETLERİ,oto tamir servisi,kisitli alanda alet kullanimi,Ikitelli OSB,"İkitelli OSB, Güngören - Bağcılar Sanayi Sitesi, 34490 Başakşehir/İstanbul",41.0789903,28.804153699999997,0537 830 33 82,https://preview.canva.site/1e894f47-cf8a-4980-b69e-1bc8a60fd26f/fetihotomotiv.com/oto,4.9,59,Araç Bakım ve Onarımı,0.9,0.93
ChIJCQcpSf6lyhQRQ9cFakBlu6A,Garage 27 Turbo Elektronik & İstanbul Turbo Servisi,elektronik tamir,ince motor manipulasyon,Ikitelli OSB,"İkitelli OSB, Güngören - Bağcılar Sanayi Sitesi No:12 Blok No:59, 34306 Başakşehir/İstanbul",41.0796976,28.8062859,0534 033 30 27,https://garage27turbo.com.tr/,4.8,40,Araç Bakım ve Onarımı,0.9,0.93
ChIJb5j2seqlyhQRETM-GAOD6-s,Güler Oto Tamir Özel Servis ve Yedek Parça,oto tamir servisi,kisitli alanda alet kullanimi,Ikitelli OSB,"Ziya Gökalp, Güngören-Bağcılar Sanayi Sitesi 1:blok, İkitelli OSB, No:57, 34490 Başakşehir/İstanbul",41.0775669,28.7993395,0507 142 53 66,https://www.facebook.com/profile.php?id=61575793791065,5,41,Araç Bakım ve Onarımı,0.9,0.93
ChIJFybCUUilyhQREifVBUH9zUc,Güçlü Oto Özel Servis İkitelli,oto tamir servisi,kisitli alanda alet kullanimi,Ikitelli OSB,"Ziya Gökalp Mah. İkitelli Org. San. Bölg. Gün. Bağ. San. Sit. 9.Blok No: 53-55, İkitelli OSB, 34490 Başakşehir/İstanbul",41.0789743,28.8044611,(0212) 671 78 88,http://www.gucluotoservis.com/,4.6,16,Araç Bakım ve Onarımı,0.9,0.93
ChIJlU4eiB-lyhQRhv8otoUJc0U,HEY ELEKTRİK VE ELEKTRONİK LTD. ŞTİ.,elektronik tamir,ince motor manipulasyon,Ikitelli OSB,"İkitelli OSB, Giyimsanatkarları sanayi sitesi 4 ada c blok no 41, 34480 İkitelli organize sanayi bölgesi/Başakşehir/İstanbul",41.0711247,28.805795000000003,(0212) 549 99 30,http://www.heyelektronik.com/,5,10,Hizmetler,0.9,0.93
ChIJdc3Hr2OlyhQR2aDa3wq08Kw,Hak Oto Özel Servis,oto tamir servisi,kisitli alanda alet kullanimi,Ikitelli OSB,"Bağcılar, İkitelli OSB, Güngören - Bağcılar Sanayi Sitesi No:8 Blok no:8, 34490 Başakşehir/İstanbul",41.0778569,28.8046913,0535 985 37 71,http://otohak.my.canva.site/ads-z-uygulama,5,112,Araç Bakım ve Onarımı,0.9,0.93
ChIJHT08v-SlyhQRcdCMymyLFhw,Hakanlar Oto Servis,oto tamir servisi,kisitli alanda alet kullanimi,Ikitelli OSB,"İkitelli OSB, Güngören - Bağcılar Sanayi Sitesi No:20 Blok No: 25, 34490 Başakşehir/İstanbul",41.075845699999995,28.803123399999997,0536 326 76 00,http://hakanlarotoservis.com/,4.8,17,Araç Bakım ve Onarımı,0.9,0.93
ChIJt7BUTbelyhQR7kP-BQ3lqpI,Japon Elektronik,elektronik tamir,ince motor manipulasyon,Ikitelli OSB,"Atatürk, 1. İkitelli Cad. No:147, 34307 Küçükçekmece/İstanbul",41.0533974,28.795608499999997,(0212) 698 22 64,http://www.tvustasi.com/,3.5,22,Hizmetler,0.9,0.93
ChIJQ8yP74OlyhQR8jXafxXLZbc,Joker Elektronik,elektronik tamir,ince motor manipulasyon,Ikitelli OSB,"Ziya Gökalp, Dolapdere Sanayi Sitesi 16. Ada No:21, 34490 İkitelli Osb/Başakşehir/İstanbul",41.0728334,28.808061699999996,0544 488 79 94,https://lone.app/jokerustan,4.7,40,,0.9,0.93
ChIJLQFtX_qvyhQRzp11vL51yTI,Karataş oto tamir,oto tamir servisi,kisitli alanda alet kullanimi,Ikitelli OSB,"İkitelli OSB, Güngören - Bağcılar Sanayi Sitesi No:10 blok no 40, 34000 Başakşehir/İstanbul",41.0767326,28.804519499999998,0545 495 89 04,http://www.karatasototamir.com/,5,11,Hizmetler,0.9,0.93
ChIJu4FIA4mlyhQR0BYsHSUVzIY,Linetech Elektronik,elektronik tamir,ince motor manipulasyon,Ikitelli OSB,"Başakşehir, İkitelli Organize Sanayi Bölgesi Triko Center Sanayi Sitesi M6 Blok No: 119, Başakşehir, 34490 Başakşehir/İstanbul",41.0778081,28.7983035,(0212) 671 09 39,http://www.linetech-tr.com/,5,7,Üretici,0.9,0.93
ChIJw9uXtlWlyhQRt2cQ0EX3v4w,MERKAR ELEKTRONİK-AĞIR VASITA BEYİN-ECU TAMİR VE SATIŞI,elektronik tamir,ince motor manipulasyon,Ikitelli OSB,"Ikitelli org. san. bol, İkitelli OSB, Dolapdere Sanayi Sitesi Sit 7. Ada No:26, 34300 Başakşehir/İstanbul",41.0722977,28.803970999999997,0534 518 50 16,https://merkarelektronik.sahibinden.com/,4.8,4,Araç Bakım ve Onarımı,0.9,0.93
ChIJg4fgJn62yhQR7PcGvE0XvfU,MİKROSTAR - Merkez | Bilgisayar ve Elektronik Kontrol Sistemleri SAN TİC LTD ŞTİ,elektronik tamir,ince motor manipulasyon,Ikitelli OSB,"İkitelli OSB Mh, Sefaköy Sanayi Sitesi 10.Blok No:2-4, 34490 Başakşehir/İstanbul",41.0814281,28.8036383,(0212) 278 88 78,http://www.mikrostar.com/,4.9,29,Hizmetler,0.9,0.93
ChIJt5znHz2lyhQRupFGPzJUYW8,OTO TORQ | FORD - PEUGEOT - CITROEN ÖZEL SERVİS,oto tamir servisi,kisitli alanda alet kullanimi,Ikitelli OSB,"Ziya Gökalp, İkitelli OSB, Güngören - Bağcılar Sanayi Sitesi No:18 Blok No:48-50, 34490 Başakşehir/İstanbul",41.0757202,28.805066000000004,0532 226 27 43,https://ototorq.com/,5,61,Araç Bakım ve Onarımı,0.9,0.93
ChIJQWQNpSKlyhQRFsruUxstG44,Onur Oto Tamir Merkezi,oto tamir servisi,kisitli alanda alet kullanimi,Ikitelli OSB,"Bagcılar Güngören sanayi sitesi, iosb mah, ikitelli no:41 D:16.blok, 34494 Başakşehir/İstanbul",41.076090799999996,28.805936000000003,0533 674 68 60,https://www.onurototamir.com/,4.7,20,Araç Bakım ve Onarımı,0.9,0.93
ChIJa3qLni6lyhQRlBE70PJt8vQ,RPM Oto Tamir Servisi,oto tamir servisi,kisitli alanda alet kullanimi,Ikitelli OSB,"İkitelli OSB, Güngören - Bağcılar Sanayi Sitesi No:6 blok no:56 6.blok, 34490 Başakşehir/İstanbul",41.0783628,28.802981199999998,(0212) 549 96 34,https://www.rpmcarservice.com/,5,18,Araç Bakım ve Onarımı,0.9,0.93
ChIJ3Qt2Y4alyhQRyc4noilhXug,SOS Oto Mekanik Servis,oto tamir servisi,kisitli alanda alet kullanimi,Ikitelli OSB,"Bağcılar Güngören Sanayi Sitesi Sitesi, No:20, D:58, İkitelli OSB, 34160 Başakşehir/İstanbul",41.075103899999995,28.8039339,0542 778 72 53,http://www.sosotomekanik.com/,4.7,46,Araç Bakım ve Onarımı,0.9,0.93
ChIJI3JLHrClyhQRzzgyyMKfkwg,TMR Elektronik,elektronik tamir,ince motor manipulasyon,Ikitelli OSB,"İkitelli osb. Bedrettindalan blv. İşbatı iş merkezi, İkitelli OSB, no:1/41, 34490 Başakşehir/İstanbul",41.069493099999995,28.8124131,0532 235 39 85,http://www.tmrelektronik.com/,4.2,73,Mağaza,0.9,0.93
ChIJR66zLeWlyhQR3D9DMr4NJHw,Taner Elektronik - Elektronik Kart Tamiri,elektronik tamir,ince motor manipulasyon,Ikitelli OSB,"İstasyon, Tavukçuyolu Cd No:218 Kat:2 D:4, 34775 Ümraniye/İstanbul",41.004284899999995,29.149770999999998,0531 431 53 73,https://www.tanerelektronik.com.tr/,4.6,213,Hizmetler,0.9,0.93
ChIJu_maD9ylyhQRQeOGKD5Hq6g,UTTS YETKİLİ MONTAJ BAYİSİ BAŞAKŞEHİR-ENS ELEKTRONİK,elektronik tamir,ince motor manipulasyon,Ikitelli OSB,"İkitelli OSB, Saraçlar Sanayi Sitesi İkitelli Organize Sanayi Bölgesi No:14 Blok No:10, 34494 Başakşehir/İstanbul",41.0842738,28.786115,0530 877 37 06,https://utts.enselektronik.com/,4.7,58,Üretici,0.9,0.93
ChIJxdXldY-lyhQRWLbgHYNNVpo,Uçar Elk. Elektronik San.Tic.Ltd.Şti.,elektronik tamir,ince motor manipulasyon,Ikitelli OSB,"Ziya Gökalp Mahallesi, Aykosan Sanayi Sitesi Çarşı1 A Blok, 192, 34303 Başakşehir/İstanbul",41.0732188,28.800283999999998,(0212) 235 06 91,http://www.ucarelektrik.com/,4,5,Üretici,0.9,0.93
ChIJ4_9bz2OlyhQRU-Nrp0bRLdU,Vox Elektronik - Beyin Tamiri,elektronik tamir,ince motor manipulasyon,Ikitelli OSB,"Ziyagökalp Mahallesi, Dolapdere Sanayi Sitesi 13 Ada, 34490 Başakşehir/İstanbul",41.0737223,28.8077281,0533 410 71 86,http://voxelektronik.com/,4.4,23,Araba Hizmeti,0.9,0.93
ChIJEz2w50ylyhQRhYl0FsB9uNQ,İES Elektronik Sanayi ve Ticaret LTD. ŞTİ.,elektronik tamir,ince motor manipulasyon,Ikitelli OSB,"İOSB Deposite İş Merkezi A1 Blok 3. Kat No: 303-B, İkitelli OSB, 34400 Başakşehir/İstanbul",41.070846599999996,28.809345199999996,(0212) 924 16 71,http://www.ieselektronik.net/,5,1,Hizmetler,0.9,0.93
ChIJFXygZoalyhQRnAqc3BhtLzc,"İkitelli Renault, Fiat Özel Servisi - Arslan Oto Servis İkitelli",oto tamir servisi,kisitli alanda alet kullanimi,Ikitelli OSB,"İkitelli O.S.B. Bağcılar, Güngören San. Sit, İkitelli OSB, 20. Blok Sk No: 46, 34490 Başakşehir/İstanbul",41.075398799999995,28.8037527,(0212) 549 12 53,https://www.renaultozelservisikitelli.com/,4.5,163,Araç Bakım ve Onarımı,0.9,0.93
ChIJP8z98FalyhQR_4tghOKSIkg,ŞHN Oto Elektronik,elektronik tamir,ince motor manipulasyon,Ikitelli OSB,"İkitelli OSB, Güngören - Bağcılar Sanayi Sitesi 16.Blok No:59, 34490 Başakşehir/İstanbul",41.07629,28.8058269,(0212) 549 31 07,http://www.shnotoelektronik.com/,4.1,126,Araç Bakım ve Onarımı,0.9,0.93
ChIJ5-AYPCK7yhQRGuvqurgMsJw,ASİLLER OTO,oto tamir servisi,kisitli alanda alet kullanimi,Merter,"Mah. Keresteciler Sitesi, Mehmet Nesih Özmen, Kirazlı Sok. D:9, 34160 Güngören/İstanbul",41.0150746,28.8814944,(0212) 637 17 24,http://www.asilleroto.com/,4.7,97,Araç Bakım ve Onarımı,0.9,0.93
ChIJiV7ikbSkyhQRv0ydBxSe9MY,Bahçelievler Tv Tamir Servisi / LG -SAMSUNG,elektronik tamir,ince motor manipulasyon,Merter,"Bahçelievler, Meltem Sk. No:1 D:1A, 34180 Bahçelievler/İstanbul",41.0076031,28.8593322,(0212) 644 77 94,http://www.tvtamir.com/,4.6,109,Hizmetler,0.9,0.93
ChIJ_fobcK2kyhQRXOlhsDK7Tso,Boğaçhan Elektronik Tv Tamir Atölyesi,elektronik tamir,ince motor manipulasyon,Merter,"Siyavuşpaşa Mahallesi Bahçelievler Merkez Çamlık Caddesi &, Siyavuşpaşa, Gül Sk. No:4, 34182 Bahçelievler/İstanbul",40.9990789,28.857459499999997,(0212) 442 17 81,http://www.donanimelektronik.com/,4.4,25,Hizmetler,0.9,0.93
ChIJ6d_ERhS7yhQRP709ccYKW4Y,Ceyhan Bilgisayar - Ali Ceyhan,elektronik tamir,ince motor manipulasyon,Merter,"Abdurrahman Nafiz Gürman, Kınalıtepe Sk. No:11/8, 34173 Güngören/İstanbul",41.004307999999995,28.886844999999997,0542 256 49 64,http://www.ceyhan.com.tr/site,3.7,3,Hizmetler,0.9,0.93
ChIJTztTG227yhQRUSOZKVz9wfQ,CloudCell Telekom,elektronik tamir,ince motor manipulasyon,Merter,"Tozkoparan Mah. Gen Ali Rıza Gürcan Cad, Tozkoparan, Merter Sok. ALPARSLAN İŞ MERKEZİ N:29 A BLOK KAT:3 D:7, 34173 Güngören/İstanbul",41.008427600000005,28.896141899999996,0850 443 4000,https://www.cloudcell.com.tr/,3.4,5,Telekomünikasyon Servis Sağlayıcısı,0.9,0.93
ChIJpViVadTIyhQRfJT4ORyhp20,ELEKTRONİK KART TAMİRİ,elektronik tamir,ince motor manipulasyon,Merter,"Oruçreis, Tekstilkent Cd No:205 G2 Blok, 34235 Esenler/İstanbul",41.064327,28.867900499999998,0555 321 88 89,http://www.karttamiri.com.tr/,4.8,204,Hizmetler,0.9,0.93
ChIJV3FYhxe7yhQRqd0IKhngmZY,Efsun,elektronik tamir,ince motor manipulasyon,Merter,"Mehmet Nesih Özmen Mah.Fatih Cad.Kayacık Sk, Tavşanoğlu İş Hanı, Mehmet Nesih Özmen, Merter Sok. No:17 \101-102, 34173 Güngören/İstanbul",41.016079,28.883119599999997,(0212) 554 47 38,http://www.efsunbilgisayar.com/iletisim.aspx,3,2,Hizmetler,0.9,0.93
ChIJx4e3K8C7yhQRlq_I2lgqe1I,Erim Teknik,elektronik tamir,ince motor manipulasyon,Merter,"A.nafiz Gurman Mah Mete Sokak, Ünal Apt, Abdurrahman Nafiz Gürman, Merter Sk. No:21/A, 34173 Güngören/İstanbul",41.0037525,28.8852047,0537 614 16 49,http://fanucturkey.com/,4,1,Araç Bakım ve Onarımı,0.9,0.93
ChIJm1c9PyG7yhQRtkh3hVcOqLU,Güngören kart tamiri,elektronik tamir,ince motor manipulasyon,Merter,"Sanayi, 34165 Güngören/İstanbul",41.018375,28.8783393,(0212) 551 52 35,http://www.karttamirservisi.com/,3.4,9,Hizmetler,0.9,0.93
ChIJcRyuLAa7yhQRH0u2VmwIFe8,Güven Oto Elektrik Klima Servisi,elektronik tamir,ince motor manipulasyon,Merter,"Güven, Posta Cd. No:102, 34160 Güngören/İstanbul",41.014817199999996,28.87507,0532 680 93 87,http://www.otoelektrikklima.com/,4.4,138,Araç Bakım ve Onarımı,0.9,0.93
ChIJLdjDQtu7yhQRBQv7KQmTMWQ,JJ Gsm | Cep Telefonu Teknik Servisi | English Support Available👍|,elektronik tamir,ince motor manipulasyon,Merter,"Abdurrahman Nafiz Gürman, General Ali Rıza Gürcan Cd. No:33 D:3, 34173 Merter/İstanbul",41.0051639,28.8918401,0534 880 97 91,http://www.jjgsm.com/,5,47,Hizmetler,0.9,0.93
ChIJsUKG5RC7yhQRPJNWOwB0GgY,Keops Bilgisayar,elektronik tamir,ince motor manipulasyon,Merter,"Abdurrahman Nafiz Gürman, Gündoğdu Sk. No:22/D, 34173 Güngören/İstanbul",41.005097,28.8864767,(0212) 644 07 17,http://www.keopsbilgisayar.com/,4,98,Hizmetler,0.9,0.93
ChIJrUlzoiK7yhQRuRyctXB_PgU,Köseoğlu Otomotiv Merter,oto tamir servisi,kisitli alanda alet kullanimi,Merter,"Mehmet Nesih Özmen, Nazım Sk. No:15, 34173 Güngören/İstanbul",41.012465899999995,28.8825245,(0212) 507 00 06,https://www.koseogluotoservis.com/,4.4,87,Araç Bakım ve Onarımı,0.9,0.93
ChIJZ9emXh-7yhQRKnzt3Lo_Pww,Merter Bilgisayar Sistemleri San. ve Tic. Ltd. Şti.,elektronik tamir,ince motor manipulasyon,Merter,"Mehmet Nesih Özmen, Keresteciler Sitesi, Akasya Sok. Dirican İş Merkezi No:7, D:36, Kat:4, Mehmet Nesih Özmen, Merter Sok., 34173 Güngören/İstanbul",41.0172415,28.885269099999995,(0212) 637 40 40,http://www.merterbilgisayar.com/,4.3,7,Elektronik eşya mağazası,0.9,0.93
ChIJXYzXbyK7yhQRk0pR4fHRQRs,Merter Bosch Car Service,oto tamir servisi,kisitli alanda alet kullanimi,Merter,"Mehmet Nesih Özmen Mahallesi.Fatih Caddesi Sedir Sokak.No:17/A, Güngören/İSTANBUL, Mehmet Nesih Özmen, 34173 Güngören/İstanbul",41.0145005,28.8822309,(0212) 642 60 01,https://www.merterotobcs.com/,4.6,178,Araç Bakım ve Onarımı,0.9,0.93
ChIJR6bOCma7yhQR4PpOrWQZEF4,Merter Elektrik,elektronik tamir,ince motor manipulasyon,Merter,"Güven, Erguvan Sk. No:3, 34180 Güngören/İstanbul",41.0106119,28.8755304,0535 521 06 10,http://www.merterelektrik.com/,5,6,Elektrikçi,0.9,0.93
ChIJxUE8rqG8yhQRtJbEyyi-wVw,Merter Elektronik,elektronik tamir,ince motor manipulasyon,Merter,"Kobi İş Merkezi, Tevfik Bey, Dr. Ali Demir Cd No:51 Kat:2, 34295 Küçükçekmece/İstanbul",41.006855,28.8069495,0850 473 0808,https://www.merterelektronik.com/,4.3,259,Üretici,0.9,0.93
ChIJj6sY9yq7yhQR8YzEi-YDUhY,Merter Mercedes Özel Servis,oto tamir servisi,kisitli alanda alet kullanimi,Merter,"MERTER, Mehmet Nesih Özmen, Sedir Sk. No:3, 34010 Güngören/İstanbul",41.0137174,28.880901700000003,0532 571 08 11,http://bmrservis.com/,4.5,2,Araç Bakım ve Onarımı,0.9,0.93
ChIJXdHfTpO7yhQR5b0toZf1l2I,Merter merkez servis,oto tamir servisi,kisitli alanda alet kullanimi,Merter,"Keresteciler sit Fatih Cad, Mehmet Nesih Özmen, Ceviz Sokağı, 34300 Güngören/İstanbul",41.013163299999995,28.8825389,0554 556 70 25,http://www.mertermerkezservis.com/,4.4,50,Araç Bakım ve Onarımı,0.9,0.93
ChIJtcaAjJWgyhQRvx9weB2MybQ,OTO TAMİRCİ COM TR (KAPORTA BOYA MEKANİK YEDEK PARÇA ),oto tamir servisi,kisitli alanda alet kullanimi,Merter,"Mehmet Nesih Özmen, Ceviz Sokağı Cem Han No: 1, 34160 Güngören/İstanbul",41.0125841,28.881679300000002,0536 286 15 18,http://ototamirci.com.tr/,4.6,144,Araç Bakım ve Onarımı,0.9,0.93
ChIJM_eF3zzGyhQRfq9sJS8vd3c,Ouno Teknik Servis,elektronik tamir,ince motor manipulasyon,Merter,"Küçükbakkalköy, Attila İlhan Cd. No:20, 34750 Ataşehir/İstanbul",40.983961,29.112723199999994,0850 502 0800,http://www.ounoservice.com/,2.4,3131,Hizmetler,0.9,0.93
ChIJcbpXDSq7yhQRCLxo2YgyM3s,Probay elektronik TV servis,elektronik tamir,ince motor manipulasyon,Merter,"Terazidere, Çayır Sk. No:9 D:C, 34035 Bayrampaşa/İstanbul",41.030258499999995,28.899003699999994,0530 421 40 94,http://probayelektronik.com/,5,17,Hizmetler,0.9,0.93
ChIJc8n7Mh-7yhQRFlh7tkoNag4,Sebat Otomotiv,oto tamir servisi,kisitli alanda alet kullanimi,Merter,"Fatih Cad. & Karadal Sok, Mehmet Nesih Özmen, Merter Keresteciler Sitesi 16/A, 34173 Güngören/İstanbul",41.015572999999996,28.8849183,(0212) 643 06 43,http://sebatotomotiv.com/,4.4,84,Araç Bakım ve Onarımı,0.9,0.93
ChIJ0XEgtO2lyhQRMJNE7zwEj04,TT Otomotiv Servisi,oto tamir servisi,kisitli alanda alet kullanimi,Merter,"Mehmet Akif Cad Nazım Sokak, Mehmet Nesih Özmen, Merter Sok. No:1/A, 34306 Güngören/İstanbul",41.011753999999996,28.881222,(0212) 507 86 80,http://www.ttotomotiv.com/,4.5,53,Araç Bakım ve Onarımı,0.9,0.93
ChIJx3D92qy7yhQRgTead5saVqo,Turan Elektronik TV Hastanesi,elektronik tamir,ince motor manipulasyon,Merter,"Kobi İş Merkezi, Tevfik Bey, Dr. Ali Demir Cd No:51 Kat:2, 34295 Küçükçekmece/İstanbul",41.006855,28.8069495,(0212) 554 24 97,http://www.turanelektronik.com/,4.6,99,Hizmetler,0.9,0.93
ChIJ55eXbKa8yhQRiyrRq1b17jE,TÜRKTRUST Bilgi İletişim ve Bilişim Güvenliği Hizmetleri A.Ş. - Merter Şubesi,elektronik tamir,ince motor manipulasyon,Merter,"Maltepe, Eski Çırpıcı Yolu Merter Meridyen İş Merkezi No:324 Maltepe, 34025 Zeytinburnu/İstanbul",41.010722400000006,28.899874,(0212) 570 85 80,https://www.turktrust.com.tr/,3.9,55,Hizmetler,0.9,0.93
ChIJ0dwY8o26yhQRBfHX1WZXPn4,UTTS YETKİLİ MONTAJ SERVİSİ bayrampaşa esenler istanbul davutpaşa terazi dere bahçeli evler merter güneşli Sinan Elektronik,elektronik tamir,ince motor manipulasyon,Merter,"E.6K Yeni, Altıntepsi, Doğu Altı Çarşısı Büyük İstanbul Otogarı, 34035 Bayrampaşa/İstanbul",41.0399817,28.895768500000003,0533 695 53 03,http://www.cavis.com.tr/,5,4,Üretici,0.9,0.93
ChIJXdXp1Ee7yhQRGmL-W6ljOdw,Yasomi,elektronik tamir,ince motor manipulasyon,Merter,"Maltepe, Eski Çırpıcı Yolu Merter İş Merkezi No:2/2d Kapı Kapı No: 17, 34010 Zeytinburnu/İstanbul",41.009852099999996,28.8991787,0544 156 92 72,https://www.yasomi.com.tr/,3.2,18,,0.9,0.93
ChIJs_cK_gK7yhQRSbzH4PscOTc,Yüksel Elektronik TV Hastanesi,elektronik tamir,ince motor manipulasyon,Merter,"Atışalanı, Havaalanı Cd. No:20A, 34230 Esenler/İstanbul",41.0563293,28.8710703,0535 254 40 76,https://yukseltvhastanesi.com.tr/,4.4,13,,0.9,0.93
ChIJiyMaaCS7yhQR-LUDHPLyne8,Özlü Servis,oto tamir servisi,kisitli alanda alet kullanimi,Merter,"Mehmet Nesih Özmen, Yüksel Sk, Mehmet Nesih Özmen, Merter Sok. No:5, 34173 Güngören/İstanbul",41.0130479,28.8810401,0555 970 20 22,https://ozluservis.com/,5,8,Araç Bakım ve Onarımı,0.9,0.93
ChIJc86nCCC7yhQRBa6qkGUrnYg,Özmerter otomotiv,oto tamir servisi,kisitli alanda alet kullanimi,Merter,"Sanayi, Atatürk Cd. No:57, 34165 Güngören/İstanbul",41.020428599999995,28.882243700000004,(0212) 637 30 84,http://ozmerterotomotiv.com/,3.5,11,Araç Bakım ve Onarımı,0.9,0.93
ChIJWUQEPVa7yhQR77qeq07MfuU,İkigo Bilgisayar san.tic.ltd.şti.,elektronik tamir,ince motor manipulasyon,Merter,"M.NESİH ÖZMEN MAH FATİH CAD. NO35/1-D MERTER (SAĞLIKOCAĞI ALTI, Mehmet Nesih Özmen, 34173 Güngören/İstanbul",41.0160683,28.883761000000003,0532 314 48 83,https://www.2go.com.tr/,,,Hizmetler,0.9,0.93
ChIJsct1CiXPyhQRofE2F8nwUEw,A.A. mehmet oto tamir,oto tamir servisi,kisitli alanda alet kullanimi,Modoko Umraniye,"No Yukarı Dudullu, Dudullu OSB, 3. Cd., 34775 Ümraniye/İstanbul",41.013610799999995,29.1524006,0539 334 92 03,https://m.facebook.com/profile.php?id=100002564186752,4.2,5,Araç Bakım ve Onarımı,0.9,0.93
ChIJNWQciEHJyhQRx2dc-nWO0OA,Ceylin Otomotiv - Ümraniye Oto Tamir,oto tamir servisi,kisitli alanda alet kullanimi,Modoko Umraniye,"Fatih Sultan Mehmet Sanayi Sitesi, Yamanevler, Ömer Faik Atakan Cad No:23, 34768 Ümraniye/İstanbul",41.0266253,29.117928799999998,0553 096 14 67,https://www.umraniyeototamir.com/,5,231,Araç Bakım ve Onarımı,0.9,0.93
ChIJn59LUMPPyhQR7LW8nLzbH00,DİJİSEM ELEKTRONİK,elektronik tamir,ince motor manipulasyon,Modoko Umraniye,"Esenşehir, Nilgün Sk. KAYA APT NO:11/6, 34764 Ümraniye/İstanbul",41.008003099999996,29.166012499999994,0539 972 06 11,http://www.dijisemelektronik.com/,5,9,Hizmetler,0.9,0.93
ChIJ1RTRSz_PyhQRYqsXp4_XKJQ,Elektro-Test Elektronik Kart Tamiri,elektronik tamir,ince motor manipulasyon,Modoko Umraniye,"Dudullu OSB Mah, Yukarı Dudullu, E-503 Sk. İmes sanayi sitesi No:28, 34775 Ümraniye/İstanbul",41.0003782,29.1587121,(0216) 504 55 66,http://www.elektro-test.com/,4.5,13,Hizmetler,0.9,0.93
ChIJpYRYBi3PyhQR62rxmMFqnfU,Elit Garage | Elit Garaj | İstanbul Oto Servis Bakım Hizmeti,oto tamir servisi,kisitli alanda alet kullanimi,Modoko Umraniye,"Dudullu OSB Mah. Kadosan Sanayi Sitesi KDS, Dudullu OSB, 7. Sk. No:36 G blok, 34775 Ümraniye/İstanbul",40.9958764,29.182682099999997,(0216) 365 50 45,http://www.elitgarage.com.tr/,4.3,118,Araç Bakım ve Onarımı,0.9,0.93
ChIJH51PytLIyhQRr0QRvhlICHA,Erdal Elektronik,elektronik tamir,ince motor manipulasyon,Modoko Umraniye,"Altınşehir, Doğanevler Cd, Altınşehir, Çiğdem Sk. No:6, 34775 Ümraniye/İstanbul",41.016241799999996,29.1389677,(0216) 415 69 21,https://www.erdalelektroniktv.com/,4.5,35,Hizmetler,0.9,0.93
ChIJ5VO1zezPyhQRWKLMoOxH3yg,Feba Elektronik A.Ş istanbul şubesi,elektronik tamir,ince motor manipulasyon,Modoko Umraniye,"Şerifali Mahallesi, Yukarı Dudullu, Başer Sk. 58/A, 34772 Ümraniye/İstanbul",41.0012732,29.156036800000003,(0216) 573 39 94,http://www.febaelectronics.com/,4.4,22,Hizmetler,0.9,0.93
ChIJUwJXFUbPyhQRE3LiwlJTYEo,GÜNEYLİ OTOMOBİL SAN. ve TİC. LTD. ŞTİ.,oto tamir servisi,kisitli alanda alet kullanimi,Modoko Umraniye,"Şerifali, Türker Cd. No:48, 34775 Ümraniye/İstanbul",40.996911,29.150775999999997,0532 296 04 89,http://www.mobilaracservis.com/,4,23,Araç Bakım ve Onarımı,0.9,0.93
ChIJ4wXOOcmG14QRpKn6_PXSTV0,Görer Elektronik Teknik Servis,elektronik tamir,ince motor manipulasyon,Modoko Umraniye,"Armağanevler, Havuz Sk. No:39/A, 34760 Ümraniye/İstanbul",41.0186655,29.1139035,0532 225 20 69,https://gorerelektronik.com/,5,2,Hizmetler,0.9,0.93
ChIJhyakXqDPyhQR58UN9px1Kgc,"Kadosan Oto Beyin Tamiri ve Kadosan Şanzıman Tamiri | Yeniler Elektronik, Oto Beyinci ve Otomatik Şanzıman Tamiri Servisi",oto tamir servisi,kisitli alanda alet kullanimi,Modoko Umraniye,"Esenkent Mah., Esenkent Mah. Kadosan Oto. San. Sit. N Blok No:21 Dudullu Osb, Dudullu OSB, 34776 Ümraniye/İstanbul",40.9944869,29.1873732,0531 324 60 52,https://yenilerelektronik.com.tr/,4.3,45,Araç Bakım ve Onarımı,0.9,0.93
ChIJT6yBorHJyhQRw5q-r8-Ql1M,Karakoç Elektronik,elektronik tamir,ince motor manipulasyon,Modoko Umraniye,"İstiklal, Şehzade Cd. 15 B, 34762 Ümraniye/İstanbul",41.021502399999996,29.101934599999996,0542 427 55 73,http://ledtvparcasi.com/,4.6,39,Hizmetler,0.9,0.93
ChIJqxEvoy7PyhQR3NqDkW4ExV0,Karttamircisi,elektronik tamir,ince motor manipulasyon,Modoko Umraniye,"Yukarı Dudullu, Halay Sk. NO:4/A, 34775 Ümraniye/İstanbul",41.0107746,29.1484658,0532 362 13 82,https://www.karttamircisi.net/,5,1,Hizmetler,0.9,0.93
ChIJIVdyDyPPyhQRU5Qr59stXao,Katuma Performance Honda Özel Servis,oto tamir servisi,kisitli alanda alet kullanimi,Modoko Umraniye,"Esenşehir, Ulubatlı Hasan Sk. No:5, 34776 Ümraniye/İstanbul",41.0069849,29.163586400000003,0534 234 98 89,https://katumaperformance.com/,5,84,Araç Bakım ve Onarımı,0.9,0.93
ChIJcw9zrePByhQR3JMJV1axlPc,Kuzey Elektrik Servis Elektronik Tamir Bakım Ümraniye,elektronik tamir,ince motor manipulasyon,Modoko Umraniye,"Yamanevler, 34768 Ümraniye/İstanbul",41.0272542,29.1050212,0507 043 37 67,https://sites.google.com/view/kuzeyteknikelektronik/,5,7,Hizmetler,0.9,0.93
ChIJsV2fvBnPyhQRAZ7UEtFIEA4,Lider Elektromarket & Hesapliurunler.com,elektronik tamir,ince motor manipulasyon,Modoko Umraniye,"Esenşehir, Özerk Sok. No:4/ A, 34776 Ümraniye/İstanbul",41.0094774,29.166271199999994,0505 102 01 01,http://hesapliurunler.com/,4.9,274,Hizmetler,0.9,0.93
ChIJYSEq4qXJyhQRz_9AgcHpFLY,"Master Oto Servis & DSG Tamiri - Ümraniye Ataşehir Çekmeköy Volkswagen, Audi, Seat, Skoda, Porsche Özel Servisi",oto tamir servisi,kisitli alanda alet kullanimi,Modoko Umraniye,"Yukarı Dudullu, Özgürlük Cd. no: 2b, 34775 Ümraniye/İstanbul",41.0101793,29.152054999999997,0542 785 18 06,http://masterotoservisi.com/,4.9,209,Araç Bakım ve Onarımı,0.9,0.93
ChIJSYTQzMvPyhQR4ZLI1wfa0Ko,Meral Elektrik Elektronik,elektronik tamir,ince motor manipulasyon,Modoko Umraniye,"Necip Fazıl, Aybars Cd. No:42, 34773 Ümraniye/İstanbul",41.0145726,29.1684511,0536 214 02 61,http://www.meralelektronik.com/,5,6,Hizmetler,0.9,0.93
ChIJw13sDT7PyhQRdjrm6pHuLOw,Msk Elektronik,elektronik tamir,ince motor manipulasyon,Modoko Umraniye,"Esenşehir, Füsün Sk. No:1/B, 34776 Ümraniye/İstanbul",41.006849599999995,29.165692500000002,(0216) 452 95 98,http://www.motorsurucu.com/,4.9,9,Hizmetler,0.9,0.93
ChIJiRUuLs7IyhQRPvy5tXtQKLM,Nisa Elektronik - Navitech ve Newfron Servis,elektronik tamir,ince motor manipulasyon,Modoko Umraniye,"Tepeüstü, Eski Kadıköy Yolu Cd. No:28, 34771 Ümraniye/İstanbul",41.016936,29.131361799999997,0546 935 01 18,https://www.navitech.com.tr/sale.asp?city=%DDSTANBUL&prv=%DCMRAN%DDYE,4.7,85,Hizmetler,0.9,0.93
ChIJ4x_Rl0XPyhQRORr7qcB8MG0,R-D Otomotiv Özel Ford Servisi - Mekanik - Elektrik - Klima - Edc Şanzıman Tamiri Ümraniye,oto tamir servisi,kisitli alanda alet kullanimi,Modoko Umraniye,"Esenkent Mahallesi Kadosan Oto Sanayi Sitesi KDS-4. Sokak, Dudullu OSB, Dudullu Osb No:2 E Blok, 34775 Ümraniye/İstanbul",40.994948199999996,29.1872202,0537 415 76 06,https://googlereklamcim.com/firmalar/r-d-oto-ozel-servis-,4,39,Araç Bakım ve Onarımı,0.9,0.93
ChIJmxlZsijPyhQRvpzKCqnFhm4,Ruby Elektronik - Televizyon - Notebook - Bilgisayar - Telefon ve Elektronik Kart - Küçük Ev Aletleri Tamir Merkezi,elektronik tamir,ince motor manipulasyon,Modoko Umraniye,"Huzur, Abdullahazam Cd. NO:28/A, 34773 Ümraniye/İstanbul",41.0308795,29.158913799999997,0546 944 33 88,http://www.rubyelektronik.com/,5,16,Hizmetler,0.9,0.93
ChIJQfZHKObIyhQRq2gm5AZVO50,Semaks Elektronik Sanayi ve Ticaret Limited Sirketi,elektronik tamir,ince motor manipulasyon,Modoko Umraniye,"Şerifali, Edep Sk. No 31, 34775 Ümraniye/İstanbul",40.999400699999995,29.152079699999998,(0216) 523 46 88,http://www.semaks.com/,4.7,43,Hizmetler,0.9,0.93
ChIJk4jTYQ_PyhQR37iL-FNLLjc,TUNÇ BİLİSİM TV TAMİRİ,elektronik tamir,ince motor manipulasyon,Modoko Umraniye,"Aşağı Dudullu Mah. Cami Cad. No:4-10 Kat:2, Umraniye, Eka Plaza, Aşağı Dudullu, 34773 Ümraniye/İstanbul",41.0170183,29.163814,0536 737 47 88,http://www.tuncbilisim.com/,5,67,Hizmetler,0.9,0.93
ChIJb-2Q7DHPyhQRwulh_qDpsrA,Televizyon Parçası,elektronik tamir,ince motor manipulasyon,Modoko Umraniye,"Yukarı Dudullu, Halay Sk. No:4/A, 34775 Ümraniye/İstanbul",41.0107741,29.148457200000003,(0216) 527 35 37,http://www.televizyonparcasi.com/,4.7,12,Üretici,0.9,0.93
ChIJx_vJCE3PyhQRblolko2bOEg,Tv Tamir Servisi - Bilgisayar Tamiri | Katmer Elektronik & Bilişim,elektronik tamir,ince motor manipulasyon,Modoko Umraniye,"Esenşehir, Kürkçüler Cd. No:32/A /B, 34776 Ümraniye/İstanbul",41.011926599999995,29.1679121,0541 591 70 76,https://www.tvtamircim.net/,4.6,11,Hizmetler,0.9,0.93
ChIJCRvL9gXJyhQReLBcNaFmQkc,Volkan Elektronik,elektronik tamir,ince motor manipulasyon,Modoko Umraniye,"Elmalıkent, Adem Yavuz Cd. No:143/b, 34764 Ümraniye/İstanbul",41.043349899999996,29.099383999999997,0532 620 24 10,http://www.volkanelektronik.com/,4.8,124,Hizmetler,0.9,0.93
ChIJs6yA2NfPyhQRoK8huly-g1M,WebteknoServis,elektronik tamir,ince motor manipulasyon,Modoko Umraniye,"Şerifali, Garip Sokaǧi No:1, 34775 Ümraniye/İstanbul",41.004652899999996,29.144812500000004,0850 888 0528,https://webteknoservis.com/,4.5,56,Hizmetler,0.9,0.93
ChIJsRDRVSjPyhQRxmY_D0YZ_pI,Yağmur Oto Servisi,oto tamir servisi,kisitli alanda alet kullanimi,Modoko Umraniye,"Esenşehir, Nato Yolu Cd No:255/A, 34776 Ümraniye/İstanbul",41.004289899999996,29.168869399999995,0555 171 51 50,http://www.yagmurotoservisi.com/,4.9,91,Araç Bakım ve Onarımı,0.9,0.93
ChIJz6ejOgDPyhQRgTmgwjwIh0U,Yiğit Oto Servis,oto tamir servisi,kisitli alanda alet kullanimi,Modoko Umraniye,"Esenşehir, Kürkçüler Cd. No:38, 34776 Ümraniye/İstanbul",41.011691299999995,29.1682893,0552 106 04 66,http://www.yigitotoservis.com.tr/,5,40,Araç Bakım ve Onarımı,0.9,0.93
ChIJW1dKvKDPyhQRdIQ1GMy-Etw,Çalışkanlar Oto Full Servis,oto tamir servisi,kisitli alanda alet kullanimi,Modoko Umraniye,"Esenkent mahallesi, girişi kapısı, y.dudullu, Kadosan Oto Sanayi Sitesi no:21 (a C Blok, 34000 Ümraniye/İstanbul",40.9960795,29.1866895,0536 822 74 97,https://www.volkswagenservisumraniye.com/,4.9,46,Araç Bakım ve Onarımı,0.9,0.93
ChIJwVrqeFLJyhQR9XPe1mEFb70,Ümraniye Oto Servis | Oto Tamir - Turbo - Şanzıman - Periyodik Bakım - Denkar Oto Servis,oto tamir servisi,kisitli alanda alet kullanimi,Modoko Umraniye,"Ihlamurkuyu, Taşkent Sk No:41A, 34771 Ümraniye/İstanbul",41.0206965,29.1366653,0538 501 11 29,https://www.toyotaotoservis.com/,5,8,Araç Bakım ve Onarımı,0.9,0.93
ChIJZ2WFbNrJyhQRztB5A0RAUA0,İSTANBUL ELEKTRONİK,elektronik tamir,ince motor manipulasyon,Modoko Umraniye,"Ömüroğlu plaza yan giriş, Tepeüstü, Doğanevler Cd. No:30/32, 34771 Ümraniye/İstanbul",41.0139977,29.137629,(0216) 360 41 41,http://www.istanbulelektronik.com/,4.8,131,Hizmetler,0.9,0.93
ChIJqz5K4--2yhQRl8CEnawyd_Y,Adaptörcü - Adaptör Tamiri ve Satışı - Turan Elektronik - adaptorcuturan,elektronik tamir,ince motor manipulasyon,Osmanbey Sisli,"Dereboyu Cad. (Şehit Er Cihan Namlı Cad, Dere, 1 Sok Kezban Apt No:2 Dükkan:2E, 34387 Şişli/İstanbul",41.0681095,28.998534499999998,(0212) 213 48 69,https://www.adaptortamiri.com/,4.8,117,Üretici,0.9,0.93
ChIJAWh8SyO3yhQRi__EggPRK9U,Alesta Elektronik,elektronik tamir,ince motor manipulasyon,Osmanbey Sisli,"Perpa Ticaret Merkezi B blok Kat:6 No:655, Halil Rıfat Paşa, 34384 Şişli/İstanbul",41.0610442,28.971674,(0212) 220 21 11,http://www.alestaelektronik.com/,4.5,69,Hizmetler,0.9,0.93
ChIJt0IHAeO2yhQRpcziCQGqWWI,As Elektronik,elektronik tamir,ince motor manipulasyon,Osmanbey Sisli,"İzzet Paşa, Okul Arkası Sk. No: 20/A, 34381 Şişli/İstanbul",41.069385499999996,28.985946100000003,0542 210 04 04,https://www.sislitvservisi.com/,4.1,14,Hizmetler,0.9,0.93
ChIJ31_R6xG3yhQRbmkHIKawETg,BAREM ELEKTRONIK ve TELEKOMINIKASYON LTD,elektronik tamir,ince motor manipulasyon,Osmanbey Sisli,"Tayyareci Fehmibey Sok. No:3 Cumhuriyet Mahallesi, Cumhuriyet, 34380 Şişli/İstanbul",41.0524,28.985759899999994,(0212) 233 73 35,http://www.baremelektronik.com/,4.8,49,Cep telefonu mağazası,0.9,0.93
ChIJRz1A3zy3yhQR_lj2_y7VlHI,Bosch Car Service - Nato Oto,oto tamir servisi,kisitli alanda alet kullanimi,Osmanbey Sisli,"Halide Edip Adıvar, Gül 3 Sk., 34382 Şişli/İstanbul",41.0597328,28.9731562,0532 732 02 99,https://www.natoservisbcs.com/,4.3,62,Araç Bakım ve Onarımı,0.9,0.93
ChIJUfwc0L98y6wRTd_IACbGIWA,Chip Elektronik Elektrik,elektronik tamir,ince motor manipulasyon,Osmanbey Sisli,"Feriköy, Bozkurt, Kurtuluş Cd. No:95/a, 34375 Şişli/İstanbul",41.0494896,28.9818952,0537 331 94 96,http://www.chipelektronik.com/,,,Hizmetler,0.9,0.93
ChIJDdRoYq23yhQRMRA99qSuAQA,DTL Elektronik Servis Hiz.Tic.Ltd.Şti.,elektronik tamir,ince motor manipulasyon,Osmanbey Sisli,"Mahmut Şevket Paşa, Şahinkaya Sk. No:31, 34384, 34384 Şişli/İstanbul",41.054978999999996,28.967135700000004,(0212) 293 86 88,http://www.dtlelektronik.com/,4.2,100,,0.9,0.93
ChIJEQ6pgTa3yhQRZVhLjfZpgeE,Des Elektronik Sanayi ve Ticaret A.Ş.,elektronik tamir,ince motor manipulasyon,Osmanbey Sisli,"Halil Rıfat Paşa, Yüzer Havuz Sk. Perpa Ticaret Merkezi No:1 B Blok Kat:8 No:996, 34394 Şişli/İstanbul",41.0606782,28.970486399999995,(0212) 274 89 64,http://www.deselektronik.com.tr/,4.3,45,Hizmetler,0.9,0.93
ChIJ1bE8aW23yhQRbfjJ_fjM9uA,Djitamiri - DJI Drone Teknik Servis,elektronik tamir,ince motor manipulasyon,Osmanbey Sisli,"Halil Rıfat Paşa, Yüzer Havuz Sk. Perpa Ticaret Merkezi B Blok Kat 11 No: 1645, 34384 Şişli/İstanbul",41.060621999999995,28.970145700000003,0530 525 41 66,https://djitamiri.com/,4.9,79,Hizmetler,0.9,0.93
ChIJXQBwezu3yhQR5FromJu2XB0,Edit Elektronik,elektronik tamir,ince motor manipulasyon,Osmanbey Sisli,"Halil Rıfat Paşa, Perpa Ticaret Merkezi A Blok, No: 492, 34384 Şişli/İstanbul",41.059303799999995,28.9699558,(0212) 210 06 39,http://www.editelectronics.com/,4.3,7,Hizmetler,0.9,0.93
ChIJZQBAehS3yhQRjYB8tYtFDJc,Emir Elektrik,elektronik tamir,ince motor manipulasyon,Osmanbey Sisli,"Feriköy, Kuyulubağ Sk. 49/A, 34379 Şişli/İstanbul",41.0518789,28.981469099999995,(0212) 247 42 07,https://www.emirelektrik.com.tr/,5,2,Hizmetler,0.9,0.93
ChIJu07j3-e5yhQRNINRQS_LUCA,Entekno Elektronik,elektronik tamir,ince motor manipulasyon,Osmanbey Sisli,"B blok 11.kat No:1550, Halil Rıfat Paşa, Perpa Ticaret Merkezi, 34384 Şişli/İstanbul",41.0612924,28.971707400000003,0532 051 03 43,http://www.entekno.com.tr/,5,1,Hizmetler,0.9,0.93
ChIJFwaY8_a3yhQRcAYuy7vFk8E,Garanti Bilgisayar TV Tamiri mecidiyeköy,elektronik tamir,ince motor manipulasyon,Osmanbey Sisli,"Mecidiye mah, Mecidiye Kuyu Sk. No:2 D:a, 34360 Şişli/İstanbul",41.0689169,28.997212599999997,(0212) 217 32 25,https://www.ledtvonarim.com/,4,65,Hizmetler,0.9,0.93
ChIJD9k_smu3yhQR98KzdAWQR4Y,Kurtuluş Elektronik Tv tamir servisi,elektronik tamir,ince motor manipulasyon,Osmanbey Sisli,"Feriköy Mahallesi Kurtuluş Caddesi &, Feriköy, Şeref Meriç Sk. No:2 D:c, 34377 Şişli/İstanbul",41.0468282,28.9792907,(0212) 233 87 99,http://www.kurtuluselektronik.com/,3.7,3,Elektronik eşya mağazası,0.9,0.93
ChIJg6KJl_i2yhQRoI37Jypa2RU,Mikron Elektronik,elektronik tamir,ince motor manipulasyon,Osmanbey Sisli,"Mecidiyeköy Mh Şehit Er Cihan Namlı Caddesi, Mevlüt Çavuş Pasajı, Mecidiyeköy Mahallesi, No: 18/6, 34387 Şişli/İstanbul",41.0693528,28.998126599999996,0532 709 48 08,http://www.televizyontamiri.net/,4.1,7,Hizmetler,0.9,0.93
ChIJuXRQzd23yhQRIn6WBFl0jsM,PAŞALAR AİRBAG ve CAR SERVİS,oto tamir servisi,kisitli alanda alet kullanimi,Osmanbey Sisli,"Mahmut Şevket Paşa, Ersan Sk. No:9 D:A, 34360 Şişli/İstanbul",41.0548159,28.966629299999997,0552 022 48 63,https://www.instagram.com/pasalar_airbag_ve_car_servis?igsh=eGN6N284amVxc3Q=&utm_source=qr,5,21,Araç Bakım ve Onarımı,0.9,0.93
ChIJDe4bILm3yhQR480897fsYDs,Pwm Elektronik - Endüstriyel Elektronik Kart Tamiri ve Ses Sistemleri Tamiri,elektronik tamir,ince motor manipulasyon,Osmanbey Sisli,"Halil Rıfat Paşa, Yüzer Havuz Sk. Perpa Ticaret Merkezi No:1/1, 34384 Şişli/İstanbul",41.059849799999995,28.9694133,0541 211 02 28,https://www.pwmelektronik.com.tr/,5,21,Hizmetler,0.9,0.93
ChIJx7GZczu3yhQRmgrqNDXe_Y4,SSM Elektronik Servis Hizmetleri,elektronik tamir,ince motor manipulasyon,Osmanbey Sisli,"Halil Rıfat Paşa, Yüzer Havuz Sk. No:1639, 34384 Şişli/İstanbul",41.059820699999996,28.969094100000003,(0212) 222 20 06,http://www.ssmservis.com/,4,1,Hizmetler,0.9,0.93
ChIJDWuk7W63yhQRgobzzyUJrU8,Televizyon Arıza Servisi Uydu Çanak Anten Tamircisi,elektronik tamir,ince motor manipulasyon,Osmanbey Sisli,"İnönü, Cumhuriyet Cd., 34367 Şişli/İstanbul",41.0430002,28.986582199999994,0551 955 32 49,https://televizyonarizaservisi.wordpress.com/,3.8,6,Hizmetler,0.9,0.93
ChIJoeIQWoy3yhQR_GnItgrgCVA,"UPS Teknik - UPS Teknik Servis İstanbul | Tamir, Bakım, Akü Değişimi & Satış",elektronik tamir,ince motor manipulasyon,Osmanbey Sisli,"Gülbahar, Balaban Sk. No:4, 34394 Şişli/İstanbul",41.0706345,29.003940900000003,0538 399 59 35,https://www.upsteknik.com.tr/,5,8,Hizmetler,0.9,0.93
ChIJWWzsEwS3yhQRecjpCtPBckM,Uludağ Elektronik,elektronik tamir,ince motor manipulasyon,Osmanbey Sisli,"19 Mayıs, Yaşar Doğu Sk. 6A, 34363 Şişli/İstanbul",41.0594212,28.992689699999996,(0212) 240 76 78,http://www.uludagelektronik.net/,3.6,48,Hizmetler,0.9,0.93
ChIJecSYjTm3yhQR45ePUqFlMQc,Yüksel Oto Lastik Servisi,oto tamir servisi,kisitli alanda alet kullanimi,Osmanbey Sisli,"Açık Otopark içi, Halil Rıfat Paşa, Nazlı Sk. No:15, 34384 Şişli/İstanbul",41.057654199999995,28.965414699999997,0555 659 58 91,https://wa.me/%3C5456916982%3E,4.5,48,Araç Bakım ve Onarımı,0.9,0.93
ChIJbZMY3Fe3yhQRNgDUFcdAz1c,"burhan iletişim Şişli Osmanbey Telefon Tamir ve Aksesuar samsung,xiaomi,oppo,apple batarya ekran onarım bakim teknik destek",elektronik tamir,ince motor manipulasyon,Osmanbey Sisli,"Cumhuriyet, Tayyareci Fehmi Sok. no:29, 34380 Şişli/İstanbul",41.0530756,28.986436800000003,0535 319 10 10,http://burhaniletisimsisli.com/,5,22,Cep telefonu mağazası,0.9,0.93
ChIJNxbCJ223yhQRcoAvQUunqN0,Çağdaş Oto,oto tamir servisi,kisitli alanda alet kullanimi,Osmanbey Sisli,"Ergenekon, Dolapdere Cd. No:118, 34373 Şişli/İstanbul",41.04752690000001,28.9850315,(0212) 232 08 13,https://cagdasotomotiv05.sahibinden.com/,3,6,Araç Bakım ve Onarımı,0.9,0.93
ChIJt9WuU_i2yhQRRJ844IYG7l8,Çelik Otomotiv Oto Mekanik Bakım Ve Onarım,oto tamir servisi,kisitli alanda alet kullanimi,Osmanbey Sisli,"Mecidiyeköy Mahallesi, Mecidiyeköy Dereboyu Cd. 42 B, 34381 Şişli/İstanbul",41.070858,28.9968845,(0212) 211 27 11,https://celikotomotivvv.sahibinden.com/,5,12,Araç Bakım ve Onarımı,0.9,0.93
ChIJDaW1XEC3yhQR3ZGEHY1JgPQ,ÖZKAN ELEKTRONİK,elektronik tamir,ince motor manipulasyon,Osmanbey Sisli,"MECİDİYEKÖY MAHALLESİ ŞEHİT ER CİHAN NAMLI CAD :148, Kuştepe, 34381 Şişli/İstanbul",41.0761393,28.9925292,0542 257 09 48,https://ozkanelektronik.site123.me/,4.2,9,Hizmetler,0.9,0.93
ChIJj1CIYAa3yhQRKVQCSP2ic2s,Üstünerciyas Otomotiv,oto tamir servisi,kisitli alanda alet kullanimi,Osmanbey Sisli,"19 Mayıs, 19 Mayıs Cd. No: 41/D, 34360 Şişli/İstanbul",41.0571463,28.994577899999996,(0212) 212 48 71,https://www.ustunerciyas.com/?utm_source=google&utm_medium=organic&utm_campaign=gbp,4.5,457,Otomobil Yedek Parça Mağazası,0.9,0.93
ChIJnQMc93a3yhQRLkUXss40EF0,Şafak Oto Tamir,oto tamir servisi,kisitli alanda alet kullanimi,Osmanbey Sisli,"Huzur, Ulubaş Cd. No:7, 34396, 34000 Şişli/İstanbul",41.0971359,29.0056633,0552 158 55 13,http://www.safakototamir.com.tr/,5,2,Araç Bakım ve Onarımı,0.9,0.93
ChIJUaY28J21yhQRBSNjddw_v0k,Şehitoğlu Elektronik,elektronik tamir,ince motor manipulasyon,Osmanbey Sisli,"Mecidiyeköy Mahallesi, Şht. Ahmet Sok. No:2 B02, 34457 Şişli/İstanbul",41.067903699999995,28.993159900000002,(0212) 211 33 43,http://www.sehitogluelektronik.com/,4.1,28,Hizmetler,0.9,0.93
ChIJ4RPHGaq3yhQRvgyX0X4Cwrk,Şişli Rookie Motosiklet Bakım & Tamir & Onarım & Yedek Parça,oto tamir servisi,kisitli alanda alet kullanimi,Osmanbey Sisli,"19 Mayıs, Binbaşı Refik Bey Sk. no : 2C, 34340 Şişli/İstanbul",41.0578903,28.9927864,0535 564 39 99,https://www.motosiklettamircisi.tr/,5,8,Araç Bakım ve Onarımı,0.9,0.93
ChIJWWSeNJ63yhQRxCQkpcnNE2U,23 Elektronik,elektronik tamir,ince motor manipulasyon,Perpa Okmeydani,"Halil Rıfat Paşa, Perpa Ticaret Merkezi Kat 9 A Blok N:1248, 34384 Şişli/İstanbul",41.0602792,28.9691631,(0212) 320 66 62,http://www.23elektronik.com/,5,51,Elektronik eşya mağazası,0.9,0.93
ChIJ6URWDAC6yhQR5deUr45QC58,ALPSAT ELEKTRONİK SAN VE TİC. LTD. ŞTİ.,elektronik tamir,ince motor manipulasyon,Perpa Okmeydani,"Perpa Ticaret Merkezi, B-Blok K:11 No:1697-1699 Okmeydanı, Halil Rıfat Paşa, 34384 Şişli/İstanbul",41.0615817,28.9701813,(0212) 222 85 50,https://www.alpsat.com/,4.3,31,Üretici,0.9,0.93
ChIJR0itWju3yhQRXaoOZA-wKP0,ATOMSAN ELEKTRONİK,elektronik tamir,ince motor manipulasyon,Perpa Okmeydani,"perpa tic.merkezi B blok Kat:8 No: 910-912 okmeydanı, Halil Rıfat Paşa, 34384 Şişli/İstanbul",41.061034,28.969605,(0212) 251 44 44,http://www.atomsan.com/,3.9,15,,0.9,0.93
ChIJYbqDXju3yhQRVfcCpBheSy8,Akyüz Bilişim,elektronik tamir,ince motor manipulasyon,Perpa Okmeydani,"Halil Rıfat Paşa, Okmeydanı Kavşağı Perpa Tic. Merk A Blok Kat:11 No:1484, 34384 Şişli/İstanbul",41.060409799999995,28.9703643,(0212) 221 52 58,https://www.perpalaptopservis.com/,3.9,31,Hizmetler,0.9,0.93
ChIJWV8r3aMOz28R3btFHEhxBLM,Anka Teknoloji Led Ekran Tamiri | Led Modül&Panel Tamiri,elektronik tamir,ince motor manipulasyon,Perpa Okmeydani,"Halil Rıfat Paşa, Yüzer Havuz Sk. Perpa Ticaret Merkezi B Blok A Blok Kat:10 No:1636, 34834 Şişli/İstanbul",41.0602507,28.969662899999996,0539 342 05 85,https://ankaledekrantamiri.com/,5,6,Hizmetler,0.9,0.93
ChIJNwABDzi3yhQRTzYgK2n21p0,Arti Elektronik Para Sayma Makineleri,elektronik tamir,ince motor manipulasyon,Perpa Okmeydani,"Halil Rifat Paşa Mah. Perpa Ticaret Merkezi A Blok Kat:10/11 No:1429, Halil Rıfat Paşa, 34384 Şişli/İstanbul",41.0611465,28.969400599999997,(0212) 266 80 80,http://artielektronik.net/,4.2,5,Üretici,0.9,0.93
ChIJQ2Jjo5K7yhQR6O_IOpC32qY,Azfa Motors,oto tamir servisi,kisitli alanda alet kullanimi,Perpa Okmeydani,"Halil Rıfat Paşa, Okmeydanı Kavşağı Perpa Ticaret Merkezi B Blok A BLOK KAT:9 NO:1161, 34384 Şişli/İstanbul",41.0623304,28.968580999999997,0533 395 64 52,http://www.azfamotors.com.tr/,5,46,Oto Galeri,0.9,0.93
ChIJ-Y41FDu3yhQRQIIV6jkJPZg,Bilgisayar Analiz Merkezi,elektronik tamir,ince motor manipulasyon,Perpa Okmeydani,"Halil Rıfat Paşa, 1681 Okmeydanı Perpa Ticaret Merkezi A Blok Kat:11 No:1677-1679, 34384 Şişli/İstanbul",41.060112800000006,28.9696725,(0212) 210 44 22,http://www.servisbiziz.com/,4.8,25,Hizmetler,0.9,0.93
ChIJ4Qq-CGq7yhQRr4neyBzM5ik,BİL-TEK ELEKTRİK ELEKTRONİK SAN. TİC. ve LTD.ŞTİ,elektronik tamir,ince motor manipulasyon,Perpa Okmeydani,"Halil rıfatpaşa mahallesi, Yüzer havuz sok, Perpa ticaret merkezi, B Blok Kat:11, Halil Rıfat Paşa, Okmeydanı Cd. No:1642, 34384 Şişli/İstanbul",41.0603153,28.970245999999996,(0212) 261 81 64,http://www.biltekltd.com/,5,6,Elektronik eşya mağazası,0.9,0.93
ChIJo-YvaDu3yhQR0j_SvEnxnCA,Dizayntech Bilişim,elektronik tamir,ince motor manipulasyon,Perpa Okmeydani,"Perpa Ticaret Merkezi, B Blok No:1645 Kat: 11 Okmeydanı, Halil Rıfat Paşa, 34384 Şişli/İstanbul",41.0609607,28.970205399999998,(0212) 212 12 89,http://www.dizayntech.com.tr/,5,83,Kurumsal Ofis,0.9,0.93
ChIJ585LTyO3yhQRlSv7eOfZMuo,EASYPARK,oto tamir servisi,kisitli alanda alet kullanimi,Perpa Okmeydani,"Perpa Ticaret Merkezi B-Blok Kat:2 No:50 Okmeydanı, Halil Rıfat Paşa, 34384 Şişli/İstanbul",41.061668999999995,28.971403,(0212) 210 75 74,http://www.easypark.com.tr/,,,Otopark,0.9,0.93
ChIJc00hDAC6yhQRm6f7bYMZhD0,Elektro Servis,elektronik tamir,ince motor manipulasyon,Perpa Okmeydani,"Halil Rifat Paşa Mah. Perpa Ticaret Merkezi B Blok Kat:13 No:2436, Keçeci Piri, Okmeydanı Cd., 34445 Şişli/İstanbul",41.0383567,28.951737299999998,0532 162 22 28,http://elektroservispsm.com/,,,,0.9,0.93
ChIJZ5wAche3yhQRsDZ9JJSu4iQ,Gets Elektronik Bilgisayar Printer Tamir Servisi,elektronik tamir,ince motor manipulasyon,Perpa Okmeydani,"Halil Rıfat Paşa Perpa Ticaret Merkezi A Blok K : 5 NO : 418, Halil Rıfat Paşa, 34384 Şişli/İstanbul",41.0610255,28.970419999999997,(0212) 320 49 32,http://www.getsbilgisayar.com/,4.5,4,Danışman,0.9,0.93
ChIJMdLfYSG3yhQR5KnVkfLm2EE,Grup Elektronik Perpa Şube,elektronik tamir,ince motor manipulasyon,Perpa Okmeydani,"HALİL RIFAT PAŞA MAH.PERPA TİCARET MERKEZİ A BLOK KAT:5 NO:208, Halil Rıfat Paşa, 34384 Şişli/İstanbul",41.0609607,28.9701195,(0212) 220 36 60,http://www.grupelektronik.com/,4.2,24,Üretici,0.9,0.93
ChIJK_I5wje3yhQRFAdVX-SPo9k,Hisar Oto Yedek Parça,oto tamir servisi,kisitli alanda alet kullanimi,Perpa Okmeydani,"M.Şevket Paşa Mahallesi Odesa Bulvarı, Mahmut Şevket Paşa, Okmeydanı Cd. No:4, 34384 Şişli/İstanbul",41.0552561,28.9637339,(0212) 256 11 07,http://www.otohisar.com.tr/,4.1,322,Otomobil Yedek Parça Mağazası,0.9,0.93
ChIJRWVwqTy3yhQRo-0Nazp0b50,Hoverboard Servisi,elektronik tamir,ince motor manipulasyon,Perpa Okmeydani,"Perpa Ticaret Merkezi B Blok, Kat:6, No:702, Halil Rıfat Paşa, Okmeydanı Cd., 34384 Şişli/İstanbul",41.0612324,28.971135,0545 357 02 32,http://hoverboardservisi.com/,4.4,21,Hizmetler,0.9,0.93
ChIJI1PLHo-lyhQRW0doSbfbkvU,"KONTROL İSTANBUL ""Asansör Yedek Parça""",oto tamir servisi,kisitli alanda alet kullanimi,Perpa Okmeydani,"H. Rıfat Paşa Mahallesi, Perpa Ticaret Merkezi B Blok Kat:12 No:2136 Okmeydanı Şişli 34490, Halil Rıfat Paşa, 34384 Şişli/İstanbul",41.061151699999996,28.971387800000002,0850 582 0921,http://www.kontrolistanbul.com/,4.6,12,Hizmetler,0.9,0.93
ChIJUWFzsNu3yhQR9-3y_SwZuAU,KS Elektronik,elektronik tamir,ince motor manipulasyon,Perpa Okmeydani,"Halil Rıfat Paşa, Yüzer Havuz Sk. Perpa Ticaret Merkezi B Blok No:1/1 Kat-4-5-6 No:482, 34384 Şişli/İstanbul",41.0580259,28.9670284,(0212) 320 30 02,http://www.kselektronik.com.tr/,5,6,Hizmetler,0.9,0.93
ChIJb3t7Ue62yhQRKJk8XxbDv9A,Michelin - Emba Otomotiv - Şişli Euromaster,oto tamir servisi,kisitli alanda alet kullanimi,Perpa Okmeydani,"Halil Rıfat Paşa Mah. Piyale Paşa Bulvarı, Halil Rıfat Paşa, Dereboyu 1 Sk. No:24 D:2, 34212 Şişli/İstanbul",41.05826,28.97167,(0212) 210 78 66,https://www.euromaster.com.tr/servis-noktasi/istanbul/yjmddmo-emba-otomotiv-sisli?utm_source=Google&utm_medium=organic&utm_campaign=Uberall_GBP&utm_content=LDS&utm_term=Uberall_GBP,4.3,409,Oto Lastik Dükkanı,0.9,0.93
ChIJ7RpLCQC6yhQRki_m0ZrSM7o,Mitsubishi Projeksiyon Servisi,oto tamir servisi,kisitli alanda alet kullanimi,Perpa Okmeydani,"Perpa Ticaret Merkezi B Blok Kat: 9 NO:1337, Keçeci Piri, Okmeydanı Cd., 34445 Şişli/İstanbul",41.038435,28.95185,(0212) 220 44 35,http://mitsubishiprojeksiyonservis.com/,,,,0.9,0.93
ChIJJ99mJc67yhQRIcBdVtEFG6A,Nil Elektronik ve Otomasyon Sistemleri,elektronik tamir,ince motor manipulasyon,Perpa Okmeydani,"Halil Rıfat Paşa Mah. Yüzer Havuz Sok. Perpa Ticaret Merkezi B Blok Kat: 4, Halil Rıfat Paşa, Okmeydanı Cd. No:5 No:298, 34384 Şişli/İstanbul",41.0617521,28.9711544,0532 164 50 25,http://www.nilotomasyon.com.tr/,4.8,4,Üretici,0.9,0.93
ChIJp_lrDgC6yhQRkVh1VfYfPPY,Oluşum Teknik,oto tamir servisi,kisitli alanda alet kullanimi,Perpa Okmeydani,"Halil Rıfat Paşa Mh, Okmeydanı Cd. Perpa Tic. Merkezi B Blok Kat:10 No:1788, 34384 Şişli/İstanbul",41.038186499999995,28.9518384,(0212) 210 65 55,http://olusumteknik.com/,5,1,Hizmetler,0.9,0.93
ChIJB4d7_PO3yhQR-nYDZWRs_pI,Perpa Bilgisayar Servisi,elektronik tamir,ince motor manipulasyon,Perpa Okmeydani,"Halil Rıfat Paşa, Yüzer Havuz Sk. Perpa Ticaret Merkezi B Blok Kat:8 NO:1261, 34384 Şişli/İstanbul",41.060621999999995,28.970145700000003,0507 025 18 08,https://www.perpabilgisayarservisi.com/,4.2,93,Hizmetler,0.9,0.93
ChIJsw01h6q7yhQRZ7DeT5NaMm0,Perpa Elektrik Aydınlatma / Atam Elektrik,elektronik tamir,ince motor manipulasyon,Perpa Okmeydani,"Halil Rıfat Paşa Mah. Perpa Tic. Merkezi A Blok Kat 8 No 1083, Halil Rıfat Paşa, Okmeydanı, 34384 Şişli/İstanbul",41.0600217,28.9696423,0544 156 45 84,http://www.perpaelektrikci.com/,5,72,Hizmetler,0.9,0.93
ChIJjemkWDu3yhQRTRy3g5940VM,Perpa Elektronik,elektronik tamir,ince motor manipulasyon,Perpa Okmeydani,"Halil Rıfat Paşa, Yüzer Havuz Sk. Kat: 8 B Blok No: 1111, 34384 Şişli/İstanbul",41.060637,28.970290999999996,(0212) 210 44 04,https://perpaelektronik.com.tr/,3.8,20,Elektronik eşya mağazası,0.9,0.93
ChIJOTDw5CK3yhQRUC8JLA-57e8,Renault - Dacia Nesil Yetkili Servisi Şişli,oto tamir servisi,kisitli alanda alet kullanimi,Perpa Okmeydani,"Kaptanpasa Mh.pıyalepasa Blv.famas Plaza C Blok No.75a.a, Kaptan Paşa, 34384 Şişli/İstanbul",41.0623003,28.9738094,(0212) 210 37 73,http://www.nesilotomotiv.com.tr/,4.4,320,Araç Bakım ve Onarımı,0.9,0.93
ChIJTdJRrSS3yhQRNSo-LNgPkjA,SKP Sistem Kalıp Parlatma,oto tamir servisi,kisitli alanda alet kullanimi,Perpa Okmeydani,"Halil Rıfat Paşa Okmeydanı Perpa Ticaret Merkezi 113-312 D:B Blok, Halil Rıfat Paşa, 34384 Şişli/İstanbul",41.061211799999995,28.9714861,(0212) 222 95 28,https://www.skpsistem.com/,4.6,10,Yapı Malzemeleri Mağazası,0.9,0.93
ChIJ5_pcfzi3yhQRGBEfd3HSicg,"Sönmez Otomotiv, Jeep Servisi, Mercedes Benz Servisi ve Land Rover Servisi",oto tamir servisi,kisitli alanda alet kullanimi,Perpa Okmeydani,"Mahmut Şevket Paşa, Mithatpaşa Cd. No: 42/A, 34384 Şişli/İstanbul",41.052962099999995,28.966952199999998,(0212) 361 51 77,https://www.sonmezotomotiv.com.tr/,4.8,168,Araç Bakım ve Onarımı,0.9,0.93
ChIJy7hBOf5d_YsRax4VURERryU,Tahmer Teknoloji Bilgisyar İnternet Tamir,elektronik tamir,ince motor manipulasyon,Perpa Okmeydani,"Halil Rıfat Paşa, Yüzer Havuz Sk. Perpa Ticaret Merkezi, 34360 Şişli/İstanbul",41.0613059,28.9709583,0542 175 02 34,https://tahmerteknoloji.com/,5,5,Hizmetler,0.9,0.93
ChIJVd4vT3RetRQRIYTDnTsdv20,Telebil Elektronik,elektronik tamir,ince motor manipulasyon,Perpa Okmeydani,"Halil Rıfat Paşa Mah. Yüzer Havuz Sok. No:1A A Blok Kat : 10, Daire: 1550 Sarı Avlu, Halil Rıfat Paşa, 34384 Şişli/İstanbul",41.0604006,28.970033299999994,0533 469 72 72,http://www.telebil.com/,,,Hizmetler,0.9,0.93
ChIJu2o5CQC6yhQRWDMcOuwj1qQ,UPS Tamiri ve Teknik Servisi,elektronik tamir,ince motor manipulasyon,Perpa Okmeydani,"Perpa Ticaret Merkezi A Blok Kat:6 No: 575, Keçeci Piri, Okmeydanı Cd. No:5 No: 146 34384, 34384 Beyoğlu/İstanbul",41.0383187,28.951708900000003,(0212) 320 20 07,http://www.ups-tamiri.com/,,,Üretici,0.9,0.93
ChIJbwARTv-2yhQRadUZeAGZGWo,Vintek Elektronik Ltd.Şti.,elektronik tamir,ince motor manipulasyon,Perpa Okmeydani,"Halil Rıfat Paşa mahallesi, Perpa Ticaret Merkezi 8.kat B Blok no: binyirmi, Halil Rıfat Paşa, Okmeydanı, 34384 Şişli/İstanbul",41.0613653,28.971360800000003,0850 335 0363,http://www.vintek.com.tr/,3.4,432,Elektronik eşya mağazası,0.9,0.93
ChIJf4DE2363yhQRui4B8HpUq8A,Xiaomi Teknik Servis,elektronik tamir,ince motor manipulasyon,Perpa Okmeydani,"Okmeydanı, Halil Rıfat Paşa, Perpa Ticaret Merkezi D:8.kat B Blok no:1020, 34384 Şişli/İstanbul",41.0613469,28.971406899999998,0850 335 0363,http://www.mi-servis.com/,3.4,109,Hizmetler,0.9,0.93
ChIJ1UiG30GxyhQR8Dct1_39N_I,YSM Teknik Bilişim,elektronik tamir,ince motor manipulasyon,Perpa Okmeydani,"Halil Rıfat Paşa, Yüzer Havuz Sk. Perpa Ticaret Merkezi B Blok D:12. Kat No:2223, 34445 Şişli/İstanbul",41.0610839,28.968060899999998,0533 744 73 94,http://www.ysmteknikbilisim.com/,4.9,17,Hizmetler,0.9,0.93
ChIJPaUImyu3yhQRvBSukaOntag,himi servis,elektronik tamir,ince motor manipulasyon,Perpa Okmeydani,"Halil Rıfat Paşa Mah. Yüzer Havuz Sok, Halil Rıfat Paşa, Okmeydanı Kavşağı Perpa Tic. Merk No:1 Kat:11 B Blok İç Kapı No: 1588, 34384 Şişli/İstanbul",41.0608466,28.9702876,0850 307 7795,http://www.himiteknoloji.com/,4.8,658,Hizmetler,0.9,0.93
ChIJj4Cj_Ki3yhQRgyeCC1pfJLg,lastiksensoru.com,oto tamir servisi,kisitli alanda alet kullanimi,Perpa Okmeydani,"Keçeci Piri Mahallesi, H. Rıfatpaşa Mah. Perpa Ticaret Merkezi B Blok Kat.11 No.2022 Okmeydanı, Halil Rıfat Paşa, 34445 Beyoğlu/İstanbul",41.0606504,28.970432300000002,0538 355 32 32,http://lastiksensoru.com/,5,1,Oto Lastik Dükkanı,0.9,0.93
ChIJfRwfXQC3yhQRzZq7-AaLHvo,Çanakçı Elektronik Medikal,elektronik tamir,ince motor manipulasyon,Perpa Okmeydani,"Halil Rıfat Paşa, Yüzer Havuz Sk. Perpa Ticaret Merkezi B Blok Kat:10 No:1877, 34384 Şişli/İstanbul",41.060621999999995,28.970145700000003,(0212) 320 64 55,http://canakcielkmed.com/,5,1,Hizmetler,0.9,0.93
ChIJ7bZJZlG7yhQRvtevf_1UQgQ,ÇÖZÜM ARGE OTOPARK SİSTEMLERİ,oto tamir servisi,kisitli alanda alet kullanimi,Perpa Okmeydani,"Perpa Tic. merk.A Blok Kat:11 No:1576 Okmeydanı Şişli İST, Halil Rıfat Paşa, 34100 Şişli/İstanbul",41.060621999999995,28.970145700000003,0850 733 6322,http://www.cozumarge.com.tr/,,,Otopark,0.9,0.93
ChIJFz3C5SK3yhQRnJBisPmaO68,Şentürk Otomotiv Kia Yetkili Satıcı ve Servisi,oto tamir servisi,kisitli alanda alet kullanimi,Perpa Okmeydani,"Kaptanpaşa, Piyalepaşa Blv. Ortadoğu Plaza, 34384 Şişli/İstanbul",41.061946299999995,28.9735169,(0212) 247 22 22,https://senturkotomotiv.com.tr/kia,4.6,622,Oto Galeri,0.9,0.93
ChIJs5tuZAClyhQRGd7a1JpX8xA,10M Oto Servis Bakım,oto tamir servisi,kisitli alanda alet kullanimi,Persembe Pazari Karakoy,"Tevfik Bey, Emrullah Efendi Cd. Akaylar 2 No: 19 K, 34295 Küçükçekmece/İstanbul",41.0093537,28.7959133,0541 134 51 51,https://10mautoservice.com/,5,36,Araç Bakım ve Onarımı,0.9,0.93
ChIJ54UXpOi5yhQReoe55lMGhp8,Akbaş Kauçuk Mamülleri Otomotiv. İnşaat. Sanayi Ticaret Limited Şti,oto tamir servisi,kisitli alanda alet kullanimi,Persembe Pazari Karakoy,"Arap Cami, Bakır Sk. Alantar İş Merkezi No:10/25, 34421 Beyoğlu/İstanbul",41.0238819,28.971262799999998,(0212) 235 94 40,http://www.akbaskaucuk.com.tr/,5,3,Mağaza,0.9,0.93
ChIJ3XKyOOa5yhQR9bBcb8Z8mEM,Alp Elektrik,elektronik tamir,ince motor manipulasyon,Persembe Pazari Karakoy,"1 Bereketzade, Arap Cami, Sarı Zeybek Sk. No:6/1, 34420 Beyoğlu/İstanbul",41.024659899999996,28.97058,0533 655 49 09,https://alpelektrik.com/,4.9,18,Hizmetler,0.9,0.93
ChIJBc0OMybHyhQRP8HkfR5bdsQ,Arena otomotiv bmw servisi,oto tamir servisi,kisitli alanda alet kullanimi,Persembe Pazari Karakoy,"Merdivenköy, İmam Ramiz Sokağı No:37/B, 34707 Kadıköy/İstanbul",40.984810599999996,29.0758778,0534 899 53 43,http://www.arenabmw.com/,4.9,109,Araç Bakım ve Onarımı,0.9,0.93
ChIJlT6cbPSgyhQRbK890lzd3FM,Avrasya Elektronik Dan.İth.İhr.Paz.ve San.Tic.Ltd.Şti.,elektronik tamir,ince motor manipulasyon,Persembe Pazari Karakoy,"Müeyyetzade, Arşın Sk. 4/A, 34425 Beyoğlu/İstanbul",41.0235431,28.976032699999998,(0212) 243 84 44,http://www.avrasyaelektronik.com.tr/,4.3,50,Elektronik eşya mağazası,0.9,0.93
ChIJi79mBOi5yhQRrLFUmwW27Zk,Bey Elektronik,elektronik tamir,ince motor manipulasyon,Persembe Pazari Karakoy,"õmer Abed han, Kemankeş Karamustafa Paşa, Erişteci Sk. No:5, 34425 Beyoğlu/İstanbul",41.0225382,28.975838899999996,0531 356 99 17,http://www.waiostore.com/,4.5,16,Elektronik eşya mağazası,0.9,0.93
ChIJhxAy4ee5yhQR7BIr64lmFh0,Ceta Elektronik,elektronik tamir,ince motor manipulasyon,Persembe Pazari Karakoy,"ARAP CAMİ MAH PERÇEMLİ SOK, Arap Cami, SELANİK PASAJI NO=8, 34421 Beyoğlu/İstanbul",41.0233899,28.974832499999998,(0212) 244 41 62,https://www.cetaelektronik.com.tr/,4.8,19,,0.9,0.93
ChIJsSztL-e5yhQR8Tg8fFIDZxU,DTL Elektronik Servis Hiz.Tic.Ltd.Şti.,elektronik tamir,ince motor manipulasyon,Persembe Pazari Karakoy,"Şahkulu, Nakkaş Çk. No:1 D:1, 34420 Beyoğlu/İstanbul",41.027422699999995,28.973991599999998,(0212) 292 48 97,http://www.dtlservis.com/,4.2,216,Hizmetler,0.9,0.93
ChIJK2ws6ee5yhQRktOepzRgjvk,Ece Uydu,elektronik tamir,ince motor manipulasyon,Persembe Pazari Karakoy,"42, Müeyyetzade, Yüksek Kaldırım Cd., 34425 Beyoğlu/İstanbul",41.0238386,28.975044699999998,(0212) 293 96 65,http://www.eceuydu.com.tr/,4.8,42,Elektronik eşya mağazası,0.9,0.93
ChIJvblwoKS3yhQRxyU7egpKk1Q,Ekspertizbul.net,oto tamir servisi,kisitli alanda alet kullanimi,Persembe Pazari Karakoy,"Arap Cami, Fütuhat Sk. no:16/A, 34421 Beyoğlu/İstanbul",41.0243876,28.9705528,0538 320 19 19,https://www.ekspertizbul.net/,5,3,Araç Bakım ve Onarımı,0.9,0.93
ChIJJ1C2m_C5yhQR5mz1WwJe2wg,El Aleteri Yedek Parça ( Matkap - Şarjlı vb. ),oto tamir servisi,kisitli alanda alet kullanimi,Persembe Pazari Karakoy,"Kavak Han, Emekyemez, Deve Dikeni Sok. No:407 No: 2, 34421 Beyoğlu/İstanbul",41.0252353,28.970941599999996,0539 496 84 18,http://www.karakoy-online.com/,4.7,3,Hizmetler,0.9,0.93
ChIJpyhYAOi5yhQRdCT7w34C9Mk,Elektronik Parçacı - Karaköy Elektronik Malzeme Mağazası,elektronik tamir,ince motor manipulasyon,Persembe Pazari Karakoy,"Kemankeş Karamustafa Paşa, Yemişçi Hasan Sk. 1/B, 34425 Beyoğlu/İstanbul",41.0227299,28.9759785,(0212) 293 38 43,https://www.elektronikparcaci.com/,4.6,5,Üretici,0.9,0.93
ChIJuzt6LcS3yhQRvyp7q1AMfGk,Elektronik kart tamiri merkezi,elektronik tamir,ince motor manipulasyon,Persembe Pazari Karakoy,"sururi mehmet efendi mah. ahmet efendi cami no : 9- 14, Sururi Mehmet Efendi, 34430 Beyoğlu/İstanbul",41.038275999999996,28.9728432,0542 320 42 62,http://www.karttamirimerkezi.com/,4.7,14,Hizmetler,0.9,0.93
ChIJ9XlKFOi5yhQRyu5IzOeSw7Q,Erus Elektrik San. Tic. Ltd. Şti.,elektronik tamir,ince motor manipulasyon,Persembe Pazari Karakoy,"Müeyyetzade, Necatibey Cd. No:5 Kat:1, 34425 Beyoğlu/İstanbul",41.0230964,28.975669600000003,(0212) 293 60 36,http://www.eruselektrik.com.tr/,5,4,Üretici,0.9,0.93
ChIJH87V1q65yhQRIKqHqWBIgrQ,Gezen Oto Servis,oto tamir servisi,kisitli alanda alet kullanimi,Persembe Pazari Karakoy,"Koşuyolu, Dr. Eyüp Aksoy Cd. No:43/A, 34716 Kadıköy/İstanbul",41.002592,29.028502399999997,0530 543 91 32,https://www.gezenotoservis.com/,4.7,303,Araç Bakım ve Onarımı,0.9,0.93
ChIJV03_lOe5yhQRPbtoeX_-QWk,Hoparlor Tamiri,elektronik tamir,ince motor manipulasyon,Persembe Pazari Karakoy,"Bereketzade, Yüksek Kaldırım Cd. No:26, 34425 Beyoğlu/İstanbul",41.0244832,28.9747947,(0212) 243 65 92,http://www.hoparlortamiri.net/,4.4,8,Hizmetler,0.9,0.93
ChIJFyslAOi5yhQRsWqYFEBF1m8,Kavak Elektronik,elektronik tamir,ince motor manipulasyon,Persembe Pazari Karakoy,"Kemankeş Karamustafa Paşa, Erişteci Sk. Abed Han No:7 D:16, 34425 Beyoğlu/İstanbul - Avrupa",41.0222852,28.9759204,(0212) 244 31 66,http://kavakelektronik.com/,4,19,Elektronik eşya mağazası,0.9,0.93
ChIJOXH9iOq5yhQRlbE9Uxb4N_I,Kts Elektronik Tamir Servisi,elektronik tamir,ince motor manipulasyon,Persembe Pazari Karakoy,"Hobyar Mimar Sinan Caddesi Gencten İş Merkezi 6, Hobyar, D:8, 34112 Fatih/İstanbul",41.0159138,28.975246100000003,0535 593 87 97,http://www.ktselektronik.com/,3.8,26,Hizmetler,0.9,0.93
ChIJa0Gfp4W5yhQRfYzoE19h9E4,Lazertek Servis Hizmetleri,elektronik tamir,ince motor manipulasyon,Persembe Pazari Karakoy,"Arapcamii mah. Tersane Cd, Tozanlı Han, Arap Cami, Hediye Sk. No:2/10, 34421 Beyoğlu/İstanbul",41.024248899999996,28.970758800000002,0534 748 75 59,http://www.lazertekservis.com/,5,96,Hizmetler,0.9,0.93
ChIJWYE1Bly5yhQRXx6D9htZVcw,MOTOSİKLET YOL YARDIM 7/24 BEYOĞLU,oto tamir servisi,kisitli alanda alet kullanimi,Persembe Pazari Karakoy,"Al Han, Bereketzade, Midilli Sk. No: 4/A, 34421 Beyoğlu/İstanbul",41.025766499999996,28.972071399999997,0501 137 29 58,https://www.motosikletyolyardim.com.tr/,5,1,Araç Bakım ve Onarımı,0.9,0.93
ChIJc3xCYOa5yhQRRjsoqIOCqUI,Menevşe İş Merkezi,elektronik tamir,ince motor manipulasyon,Persembe Pazari Karakoy,"Emekyemez, Okçu Musa Cd. No:22, 34421 Beyoğlu/İstanbul",41.0262865,28.971436399999998,0532 778 51 74,http://www.tiryakiotomasyon.com/,4.4,257,,0.9,0.93
ChIJDbLg8-e5yhQRT4jrzjTuYdY,Nec Elektronik Hoparlör Tamir Servisi,oto tamir servisi,kisitli alanda alet kullanimi,Persembe Pazari Karakoy,"Bereketzade, Hacı Ali Sk. No:7 kat:1 daire:12, 34421 Beyoğlu/İstanbul",41.024447099999996,28.974600999999996,0850 305 2849,https://www.shop.necelektronik.com/,4.7,84,Hizmetler,0.9,0.93
ChIJCQzg7ue5yhQRlBBnO1myGwU,Nefa Uydu ve Elektronik,elektronik tamir,ince motor manipulasyon,Persembe Pazari Karakoy,"Müeyyetzade, Yüksek Kaldırım Cd. No:35/A, 34425 Beyoğlu/İstanbul",41.0243337,28.9751187,(0212) 249 79 01,http://www.nefauydu.com/,4.8,51,Elektronik eşya mağazası,0.9,0.93
ChIJe9cXur65yhQR1F8ebZvyw2M,OTO TAMİR SERVİSİ Altınel Oto,oto tamir servisi,kisitli alanda alet kullanimi,Persembe Pazari Karakoy,"Acıbadem Mahallesi Taşköprü Caddesi, Acıbadem, İnkişaf Sk. No.5/B, 34718 Kadıköy/İstanbul",40.995719199999996,29.0324657,0531 336 47 39,http://www.reklam1dolar.com/kadikoy-oto-servis-altinel-oto.php,3.8,4,Araç Bakım ve Onarımı,0.9,0.93
ChIJXevzAOi5yhQRuPV5tfdS8uc,Ohm Elektronik,elektronik tamir,ince motor manipulasyon,Persembe Pazari Karakoy,"Kara Han, Kemankeş Karamustafa Paşa, Yemişçi Hasan Sk. No:1, 34425 Beyoğlu/İstanbul",41.022744599999996,28.9759647,(0212) 245 60 42,http://www.ohm.com.tr/,4.1,19,Elektronik eşya mağazası,0.9,0.93
ChIJH_Mdlee5yhQROU2Ygn_QN_E,Onur Elektronik,elektronik tamir,ince motor manipulasyon,Persembe Pazari Karakoy,"Müeyyetzade, Yüksek Kaldırım Cd. No:30, 34420 Beyoğlu/İstanbul",41.0243462,28.9749484,(0212) 249 91 95,http://next.com.tr/,5,5,Elektronik eşya mağazası,0.9,0.93
ChIJuXQ1vue5yhQR4RkZq47p5L8,Pilsan Elektronik Karaköy Mağaza,elektronik tamir,ince motor manipulasyon,Persembe Pazari Karakoy,"Selanik Pasajı, Şahkulu, Seraskerci Çk. No: 8/8A-B-C, 34560 Beyoğlu/İstanbul",41.0232757,28.9746767,(0212) 320 99 84,https://www.pilsanelektronik.com.tr/,3.7,55,Üretici,0.9,0.93
ChIJCwcKdei5yhQRF7S_hKpLeT0,Sabah Elektronik Sanayi ve Ticaret A.Ş.,elektronik tamir,ince motor manipulasyon,Persembe Pazari Karakoy,"Selanik Pasajı, Arap Cami, Perçemli Sk. No:10, 34421 Beyoğlu/İstanbul",41.023011,28.974518,(0212) 249 33 63,http://sabahelektronik.com/,4.1,57,Elektronik eşya mağazası,0.9,0.93
ChIJyRKnFu-5yhQR5Ixk2zFVZk8,Scooter Tamir Dünyası,oto tamir servisi,kisitli alanda alet kullanimi,Persembe Pazari Karakoy,"Necatibey Caddesi No:70 Kat:1 Mutuk işhanı, Kemankeş Karamustafa Paşa, 34425 Beyoğlu/İstanbul",41.0251087,28.9783962,0542 218 18 18,https://scootertamirdunyasi.com/,4.8,176,Hizmetler,0.9,0.93
ChIJoRFLZMmxyhQRNK0H5adGK0g,Senkron Elektronik Tv ve Monitör Tamir Servisi,elektronik tamir,ince motor manipulasyon,Persembe Pazari Karakoy,"Küçükpiyale mah. Yolcu Sok. No:5/2 Selamet Pasajı, Küçük Piyale, 34440 Beyoğlu/İstanbul",41.0354132,28.9678527,0553 747 63 92,https://www.senkronelektronik.com/,5,373,Hizmetler,0.9,0.93
ChIJET0stKaryhQRLD5S4arHurU,Teknik Oto Özel Servis,oto tamir servisi,kisitli alanda alet kullanimi,Persembe Pazari Karakoy,"Islambey mahallesi Mehmet sokullu caddesi, İslambey, Emin Sk. 1/a, 34000 Arnavutköy/İstanbul",41.1909734,28.7398245,0541 502 82 98,https://www.teknikotoservisi.com/,5,3,Araç Bakım ve Onarımı,0.9,0.93
ChIJkfVinui5yhQRVcYmL5ROPoM,Teknik İş Makine Hırdavat San. ve Tic. Ltd. Şti.,oto tamir servisi,kisitli alanda alet kullanimi,Persembe Pazari Karakoy,"Arap Cami, Perşembe Pazarı Cd. 6/B, 34421 Beyoğlu/İstanbul",41.0240882,28.972246100000003,(0212) 256 00 54,http://www.teknikismakine.com.tr/,4.8,11,Nalbur,0.9,0.93
ChIJr52h-ee5yhQRnhmNMbf6iyo,Temsan Elektronik,elektronik tamir,ince motor manipulasyon,Persembe Pazari Karakoy,"Müeyyedzade Mahallesi,Necati Bey Caddesi, Müeyyetzade, Aynalı Lokanta Sk. No:5, 34425 Beyoğlu/İstanbul",41.023348999999996,28.975970000000004,(0212) 245 50 74,http://www.temsanelektronik.com/,4.5,20,Elektronik eşya mağazası,0.9,0.93
ChIJFyslAOi5yhQRN6wt309Z6F8,Ulutaş Elektronik,oto tamir servisi,kisitli alanda alet kullanimi,Persembe Pazari Karakoy,"Kemankeş Karamustafa Paşa, Erişteci Sk. Karaköy Pasajı No:9 D:15, 34425 Beyoğlu/İstanbul - Avrupa",41.022585,28.975879,(0212) 249 90 97,https://www.ulutaselektronik.com/,4.2,66,Üretici,0.9,0.93
ChIJg1grEXTIyhQR62g-ugQDP-U,Yıldız Özel Oto servisi,oto tamir servisi,kisitli alanda alet kullanimi,Persembe Pazari Karakoy,"Cumhuriyet, Libadiye Cd. No:61, 34699 Üsküdar/İstanbul",41.0087112,29.0742194,0532 394 20 70,http://otoservisiistanbul.com/,3.7,37,Araç Bakım ve Onarımı,0.9,0.93
ChIJ8eoYA-i5yhQRzUZFcdIfrBw,Zenger Elektronik,elektronik tamir,ince motor manipulasyon,Persembe Pazari Karakoy,"Erişteci Sok. Abed Han No 7/4 Karaköy, Kemankeş Karamustafa Paşa, 34425 Beyoğlu/İstanbul",41.022617100000005,28.9759755,(0212) 252 36 64,http://www.zengerelektronik.com.tr/,4.7,21,Elektronik eşya mağazası,0.9,0.93
ChIJE3gqPty5yhQRLsAiSLgGW7A,Özkul Elektrik Elektronik,elektronik tamir,ince motor manipulasyon,Persembe Pazari Karakoy,"Karahan İş Hanı, Kemankeş Karamustafa Paşa, Yemişçi Hasan Sk. No:1 Kat:4, 34425 Beyoğlu/İstanbul",41.022710599999996,28.9758957,(0212) 293 72 66,https://www.ozkulelektronik.com.tr/,4.4,13,Üretici,0.9,0.93
ChIJndln6Q_JBE4RuarD79yYTJg,Beta Elektrik Pil Yenileme,elektronik tamir,ince motor manipulasyon,Zeytinburnu,"Maltepe, Dokumacılar Sitesi Sk. Ergün Sanayi Sitesi No:5/41, 34010 Zeytinburnu/İstanbul",41.025857699999996,28.9067897,0532 545 07 12,https://betaelektrikpil.com/,,,Hizmetler,0.9,0.93
ChIJQ79PsRq7yhQRnYDkKfzoo6Q,CESE BİLGİSAYAR & TELEVİZYON,elektronik tamir,ince motor manipulasyon,Zeytinburnu,"Yenidoğan, 58/2. Sk. NO:7-C, 34020 Zeytinburnu/İstanbul",40.9900689,28.9043326,0532 172 83 63,http://ceseelektronik.com/?utm_source=gmb&utm_medium=referral,4.9,21,Elektronik eşya mağazası,0.9,0.93
ChIJMWO9LTO7yhQRY0SlBRwzG7Q,Deha elektronik,elektronik tamir,ince motor manipulasyon,Zeytinburnu,"Veliefendi, 74. Sk. no70/e, 34000 Zeytinburnu/İstanbul",40.9941544,28.8986817,0532 335 23 63,http://dehaelektronik.com/,5,7,Hizmetler,0.9,0.93
ChIJ3VIj9HO7yhQR_ES0lz1oNdU,"Dorapos Zeytinburnu | Paygo, Hugin, inPOS, Verifone, Olivetti ve Propay Yetkili Satış ve Servis Merkezi",elektronik tamir,ince motor manipulasyon,Zeytinburnu,"Yeşiltepe, 53. Sk. No:13, 34025 Zeytinburnu/İstanbul",40.9923139,28.903051299999998,(0212) 462 00 00,https://www.dorapos.com.tr/,4.4,57,Hizmetler,0.9,0.93
ChIJO7eYvCS7yhQRh-cAm4mBwwA,FURKAN OTO Genel Servis,oto tamir servisi,kisitli alanda alet kullanimi,Zeytinburnu,"Seyitnizam Mah. Mevlâna Cad. No:77/C Necmettin Aytek Plaza 3 Nolu Dükkan, Seyitnizam, 34015 Zeytinburnu/İstanbul",41.007494699999995,28.903930900000002,0532 345 28 59,https://furkanoto.com/,4.3,54,Araç Bakım ve Onarımı,0.9,0.93
ChIJuW6-7g67yhQRR6XqIJ3Xj3A,Gökdere Otomotiv Özel Servis,oto tamir servisi,kisitli alanda alet kullanimi,Zeytinburnu,"Seyitnizam, Demirciler Sitesi 6. Cd. No:14, 34015 Zeytinburnu/İstanbul",41.0038189,28.8985633,0535 239 64 46,https://gokdereoto.com/,4.8,153,Araç Bakım ve Onarımı,0.9,0.93
ChIJpc8YBNG7yhQRgnd1pTyCRZQ,Güven oto servis,oto tamir servisi,kisitli alanda alet kullanimi,Zeytinburnu,"Maltepe mah Gümüşsuyu cad, Maltepe, Cebe Ali Bey Sk. No:3, 34025 Zeytinburnu/İstanbul",41.021501699999995,28.909054899999994,0532 526 21 13,http://www.guvenotoservis.com/,4.7,50,Araç Bakım ve Onarımı,0.9,0.93
ChIJ97fYrvi6yhQR2r6qlXHhdfQ,"Hidrotek Kuru Direksiyon Tamiri ve Bakım Servisi, Topkapı, Cevizlibağ, Zeytinburnu, İstanbul",oto tamir servisi,kisitli alanda alet kullanimi,Zeytinburnu,"Topkapı Teknik Oto Sanayi 5.Blok No: 113, Maltepe, 34010 Zeytinburnu/İstanbul",41.01936570000001,28.9059467,0553 961 61 84,"https://www.ustanerede.com/HIDROTEK-DIREKSIYON-Havali-Direksiyon-Kuru-Direksiyon-Tamiri-Bakimi-Servisi-Kuru-Havali-Sifir-Cikma-Direksiyon-Satisi-Direksiyon-Yumusatma-Direksiyon-Tamircisi-LKS-YETKILI-SERVIS-Direksiyon-Yedek-Parca-Ustasi-Topkapi-Istanbul,PR-553.html",4.5,10,Araç Bakım ve Onarımı,0.9,0.93
ChIJPcjDXbq7yhQRh-jq9Qvb58E,"Musa Oto - Klima, Motor ve Mekanik Bakım Servisi",oto tamir servisi,kisitli alanda alet kullanimi,Zeytinburnu,"Davutpaşa Cad. Teknik Oto San. Sit. No: 46, Topkapı, 34010 Zeytinburnu/İstanbul",41.0186168,28.905634199999998,(0212) 482 57 31,http://www.musaoto.com/,4.5,63,Araç Bakım ve Onarımı,0.9,0.93
ChIJz6KsXP-6yhQR8RqZzv12-Qo,Nur Oto Servis,oto tamir servisi,kisitli alanda alet kullanimi,Zeytinburnu,"Maltepe, Yılanlı Ayazma Yolu Teknik Oto Sanayi Sitesi No:22 D:1 Blok No: 9, 34010 Zeytinburnu/İstanbul",41.0180269,28.905564999999996,0532 478 72 86,http://www.mobil1.com.tr/,4.6,38,Araç Bakım ve Onarımı,0.9,0.93
ChIJ38WlnRC7yhQRf8-qPwURnsI,On-Auto mekanik özel servis bakım onarım merkezi,oto tamir servisi,kisitli alanda alet kullanimi,Zeytinburnu,"Seyitnizam, Demirciler Sitesi 3. Cd. No:45, 34010 Zeytinburnu/İstanbul",41.0052832,28.900281799999995,0540 466 28 86,https://onauto.com.tr/,5,46,Araç Bakım ve Onarımı,0.9,0.93
ChIJKXb6Hui7yhQRozP4R4Ju8p8,RS Oto Ekspertiz İstanbul - Zeytinburnu,oto tamir servisi,kisitli alanda alet kullanimi,Zeytinburnu,"Seyitnizam, Demirciler Sitesi 5. Cd. No:4, 34015 Zeytinburnu/İstanbul",41.0035154,28.899337600000003,0553 740 93 42,https://rsotoekspertiz.com/,5,93,,0.9,0.93
ChIJT7s1nBe7yhQROnzBHd-m744,Teknofone Aksesuar ve Cep Teknik Servis,elektronik tamir,ince motor manipulasyon,Zeytinburnu,"Nuripaşa, Bekir Subaşı Sk. 25-29, 34025 Zeytinburnu/İstanbul",40.988172999999996,28.900688999999996,0531 273 34 34,http://www.youtube.com/teknofone,4.5,35,Elektronik eşya mağazası,0.9,0.93
ChIJHbe6owe7yhQRfpDHezzo55M,Uzmanlar Mercedes Servis,oto tamir servisi,kisitli alanda alet kullanimi,Zeytinburnu,"Seyitnizam, Mevlana Cd. NO:73 B Blok, 34015 Zeytinburnu/İstanbul",41.0072219,28.904702399999998,(0212) 664 06 34,http://www.uzmanlarservice.com/,4.6,84,Araç Bakım ve Onarımı,0.9,0.93
ChIJZwJnmfG7yhQRnsgSpW2F2Mg,Vestel Yetkili Servisi - Zeytinburnu - Cihandan Elektronik,elektronik tamir,ince motor manipulasyon,Zeytinburnu,"Yeşiltepe, 52. Sk. 19/A, 34025 Zeytinburnu/İstanbul",40.9912773,28.9020384,(0212) 510 16 95,https://www.vestel.com.tr/,4.9,778,Hizmetler,0.9,0.93
ChIJZX2vA3O7yhQRqSZuFQfyY8U,YÜKSEL ELEKTRONİK,elektronik tamir,ince motor manipulasyon,Zeytinburnu,"Veliefendi Mahallesi Ahmet Yesevi Caddesi 75, Veliefendi, 1 Sokak No:1/C, 34025 Zeytinburnu/İstanbul",40.9958191,28.8978178,(0212) 956 45 21,https://www.youtube.com/user/ENVER5058,3.5,53,Hizmetler,0.9,0.93
ChIJr-E4wti7yhQR7-vB_l0q0sI,Zeytinburnu Bilgisayar ve Teknik Servis / Bilcep,elektronik tamir,ince motor manipulasyon,Zeytinburnu,"Yeşiltepe, 57/5. Sk. No:6, 34025 Zeytinburnu/İstanbul",40.99185,28.900356700000003,0532 441 91 72,http://bilcep.com/,5,54,Hizmetler,0.9,0.93
ChIJXbLZIOS7yhQRfoxstDDcp20,Zeytinburnu Elektrikçi - Bayraktar Elektrik-Uydu Servisi,elektronik tamir,ince motor manipulasyon,Zeytinburnu,"Gökalp, 44/2. Sk. no:40/B, 34020 Zeytinburnu/İstanbul",40.992295,28.9050804,0536 668 13 28,https://ertu535.github.io/bayraktarelektrik/,4.8,19,Elektrikçi,0.9,0.93
ChIJ36qhpHm7yhQR5pnFiY1p480,Zeytinburnu Televizyon Servisi,elektronik tamir,ince motor manipulasyon,Zeytinburnu,"Nuripaşa, 14. Sk. 25 /1, 34025 Zeytinburnu/İstanbul",40.9855728,28.902287,(0212) 582 01 00,http://ledtvservisleri.com/,5,37,Hizmetler,0.9,0.93
ChIJ-xHSrO-7yhQRWa3HR1ktvRc,Zeytinburnu tv Televizyon tamircisi uydu çanak montajı,elektronik tamir,ince motor manipulasyon,Zeytinburnu,"Yenidoğan, 50. Sk. no 49, 34020 Zeytinburnu/İstanbul",40.987446999999996,28.905074000000003,0545 490 33 49,http://www.zeytinburnutelevizyontamiri.com/,4.8,26,Hizmetler,0.9,0.93
ChIJ6wquYqu7yhQRCfvf0VikKNw,ada elektronik,elektronik tamir,ince motor manipulasyon,Zeytinburnu,"Beştelsiz, 3. Yol Sk. no:24/b, 34025 Zeytinburnu/İstanbul",41.0027968,28.903000600000002,0505 513 20 73,https://tvtamircisi.blogspot.com/,,,Hizmetler,0.9,0.93
ChIJv09GYla6yhQR2BiZS884x6o,eral oto servis,oto tamir servisi,kisitli alanda alet kullanimi,Zeytinburnu,"Maltepe, 34010 Zeytinburnu/İstanbul",41.0187191,28.9090849,(0212) 481 47 34,http://www.eralotoservis.com/,5,84,Araç Bakım ve Onarımı,0.9,0.93
ChIJb3l5_lu6yhQRhWih4WhFfHc,Özdemir Elektirik Taahhüt,elektronik tamir,ince motor manipulasyon,Zeytinburnu,"Maltepe, Gümüşsuyu Caddesi & Litros Yolu Aile Bahçe Sk., Yıldızhan A Blok No:1, 34010 Zeytinburnu/İstanbul",41.026370299999996,28.912323199999996,(0212) 567 87 48,http://www.ozdemirelektrik.com.tr/,,,Hizmetler,0.9,0.93
ChIJGb7_XXq7yhQRxHbT6pVctQ0,Özgenç Televizyon Tamiri & Servisi,elektronik tamir,ince motor manipulasyon,Zeytinburnu,"Nuripaşa, 60. Sk. no:4A, 34025 Zeytinburnu/İstanbul",40.988021800000006,28.9024179,0532 490 33 77,https://ozgenctvservisi.com/,4.5,56,Hizmetler,0.9,0.93
ChIJC9chQUixyhQRsLOhsb46jBg,Altus Beko Servis - Bayrampaşa,beyaz esya servisi,sokme-takma dizisi,Bayrampasa,"Kartaltepe, 30. Sk., 34040 Bayrampaşa/İstanbul",41.057207,28.896915099999998,0850 665 0851,https://beko.com.tr/,5,1,Ev Eşyaları Mağazası,0.88,0.916
ChIJTecrUJHCtBQRPuqAPIHu1_M,Arçelik Beko Servisi | Ayaz teknik,beyaz esya servisi,sokme-takma dizisi,Bayrampasa,"Hürriyet, 264. Sk. No14, 34250 Gaziosmanpaşa/İstanbul",41.0684788,28.896712599999997,(0212) 618 00 40,http://www.bayrampasaarcelikservisi.com/,4.4,40,Hizmetler,0.88,0.916
ChIJ16nWI8a7yhQRzaUECvYZcRs,Bayrampaşa - Altan Teknik,beyaz esya servisi,sokme-takma dizisi,Bayrampasa,"Orta, Topkapı Maltepe Yolu No:8, 34040 Bayrampaşa/İstanbul",41.0273578,28.9195946,(0212) 000 20 07,https://istanbulteknik.gen.tr/altan-teknik-servis.html,,,Hizmetler,0.88,0.916
ChIJJVFq98o_yhQRwCc27JIedOI,Bayrampaşa Arçelik Servisi,beyaz esya servisi,sokme-takma dizisi,Bayrampasa,"Kartaltepe, Ankara Cd. 112A, 34040 Bayrampaşa/İstanbul",41.050843,28.900936,(0212) 706 85 79,https://www.arcelik.com.tr/,4.3,6,Ev Eşyaları Mağazası,0.88,0.916
ChIJ9Yi5MhqxyhQRPDtrzg7b-vI,Bayrampaşa Arçelik Servisi,beyaz esya servisi,sokme-takma dizisi,Bayrampasa,"Kartaltepe, Ankara Cd. No:41, 34040 Bayrampaşa/İstanbul",41.0533115,28.9040126,0850 840 0531,https://www.arcelik.com.tr/,,,Hizmetler,0.88,0.916
ChIJiU5iqN-xyhQRW2WUhHQtfi8,Bayrampaşa Arçelik Servisi,beyaz esya servisi,sokme-takma dizisi,Bayrampasa,"Kartaltepe, Ordu Cd. 117B, 34040 Bayrampaşa/İstanbul",41.054963799999996,28.901460699999998,0850 335 1557,https://www.arcelik.com.tr/,,,Hizmetler,0.88,0.916
ChIJL1suVjCxyhQRt9ckXlW-r0E,Bayrampaşa Arçelik Servisi,beyaz esya servisi,sokme-takma dizisi,Bayrampasa,"Kocatepe, 1. Sk. No:45 D:1A, 34045 Bayrampaşa/İstanbul",41.0579353,28.894404,0850 532 2439,https://arcelik.com.tr/,,,Hizmetler,0.88,0.916
ChIJPU0hcIK7yhQR2SdhOyr3t4Q,Bayrampaşa Beko Servisi,beyaz esya servisi,sokme-takma dizisi,Bayrampasa,"Muratpaşa, Farabi Sok. No:31, 34040 Bayrampaşa/İstanbul",41.0497252,28.9068785,0850 840 0257,https://www.beko.com.tr/,,,Hizmetler,0.88,0.916
ChIJBS0LKhS7yhQRAyuMxvt-aGo,Bayrampaşa Bosch Servisi,beyaz esya servisi,sokme-takma dizisi,Bayrampasa,"Altıntepsi, Plevne Cd. No:43, 34035 Bayrampaşa/İstanbul",41.0373628,28.900432399999996,0850 307 7948,https://www.bosch-home.com.tr/tr,,,Hizmetler,0.88,0.916
ChIJvZFh_p-7yhQRDfHaaD1ggrQ,Beko Servis - Bayrampaşa,beyaz esya servisi,sokme-takma dizisi,Bayrampasa,"Altıntepsi, Kubilay Sk., 34035 Bayrampaşa/İstanbul",41.0391798,28.9034446,0850 665 0850,https://beko.com.tr/,,,Ev Eşyaları Mağazası,0.88,0.916
ChIJ_-DkloC7yhQRFsq9XJd_ojI,Güven Teknik Servis BEYAZ EŞYA KLİMA,beyaz esya servisi,sokme-takma dizisi,Bayrampasa,"Altıntepsi, Doyran Sk. No:23 D:1 A, 34035 Bayrampaşa/İstanbul",41.041716099999995,28.896680899999996,0533 484 19 40,http://www.beyazesyatamircim.com/,4.9,52,Hizmetler,0.88,0.916
ChIJXQtC44y6yhQRSqmNiZwj6tA,Hotpoint Ariston İndesit Servis Hizmetleri,beyaz esya servisi,sokme-takma dizisi,Bayrampasa,"Altıntepsi, Poyraz Sk. No:47/A, 34035 Bayrampaşa/İstanbul",41.0402136,28.8994458,(0212) 674 03 03,http://www.gulerteknik.com.tr/,4.4,102,Hizmetler,0.88,0.916
ChIJE-PPchG7yhQRxMTGzNtrQ48,"Keskin Teknik Klima, Kombi, Beyaz Eşya Tamir Bakım Onarım Servisi",beyaz esya servisi,sokme-takma dizisi,Bayrampasa,"Orta, Büyük Sakarya Sokak No: 2/B, 34030 Bayrampaşa/İstanbul",41.0334918,28.917482099999997,0531 919 60 70,https://keskinteknik.com.tr/,5,101,Genel İnşaat İşleri Firması,0.88,0.916
ChIJ64oejKGxyhQRd8k8562QRW4,Lale Teknik | Beyaz Eşya Teknik Servisi,beyaz esya servisi,sokme-takma dizisi,Bayrampasa,"Cevatpaşa, Oramiral Sadık Altıncan Cd No: 9 D:11B, 34045 Bayrampaşa/İstanbul",41.070133399999996,28.8800645,0541 484 38 66,https://laleteknik.com.tr/,5,26,Hizmetler,0.88,0.916
ChIJKyXv6mW6yhQRt48bVkgp9S0,mavibeyazteknik.com,beyaz esya servisi,sokme-takma dizisi,Bayrampasa,"Orta, Ersan Sk. no:4/b, 34035 Bayrampaşa/İstanbul",41.035334,28.915638999999995,0533 745 48 08,http://www.mavibeyazteknik.com/,3.8,10,Hizmetler,0.88,0.916
ChIJcYvLWKKxyhQRtHamfT9u5_g,Çakıl beyaz eşya teknikservis,beyaz esya servisi,sokme-takma dizisi,Bayrampasa,"Kartaltepe, Doğan Sk. No:6 D:A, 34040 Bayrampaşa/İstanbul",41.060524900000004,28.8946571,0553 701 06 15,https://cakilteknikservis.com/,5,20,Hizmetler,0.88,0.916
ChIJwyRx6yCxyhQRLcmndzHWp3U,İstanbul Yetkili Servis,beyaz esya servisi,sokme-takma dizisi,Bayrampasa,"Yıldıztabya, Akgün Sk. No:24, 34240 Gaziosmanpaşa/İstanbul",41.063233000000004,28.9259861,0505 992 94 72,https://istanbulyetkiliservis.com/,5,45,Hizmetler,0.88,0.916
ChIJqZj1dEavyhQRcAsQjE1hiQs,Akif Teknik Servis,beyaz esya servisi,sokme-takma dizisi,Ikitelli OSB,"Mahallesi, İkitelli OSB, Fatih Sanayi Sitesi D:7B Blok No:2, 34490 Başakşehir/İstanbul",41.0869152,28.800046199999997,0850 307 8162,https://www.samsung.com/tr/,,,Hizmetler,0.88,0.916
ChIJJShOawvJyhQRrXxLJbaZDtI,Anadolu Yakası Beyaz Eşya Servisi,beyaz esya servisi,sokme-takma dizisi,Ikitelli OSB,"Atakent, Güleryüz Sk. No:54, 34760 Ümraniye/İstanbul",41.0237595,29.108466200000002,0535 944 43 40,https://anadoluyakasibeyazesyaservisi.com/,,,Hizmetler,0.88,0.916
ChIJS48m2o2vyhQRCydWfRKHbWo,Aziz Teknik Servis,beyaz esya servisi,sokme-takma dizisi,Ikitelli OSB,"İkitelli OSB, Tormak Sanayi Sitesi No:19, 34490 Başakşehir/İstanbul",41.089390099999996,28.7912925,0535 410 25 91,https://www.vestel.com.tr/,,,Hizmetler,0.88,0.916
ChIJzVzV-DnJyhQR_wof07O9hkQ,"BAKIR ELEKTRİK, KOMBİ, KLİMA, BEYAZ EŞYA, ELEKTRİKLİ EV ALETLERİ TAMİR & BAKIM TEKNİK SERVİSİ",beyaz esya servisi,sokme-takma dizisi,Ikitelli OSB,"Esenevler, Edebiyat Sk NO:14, 34762 Ümraniye/İstanbul",41.014883000000005,29.0950066,0546 572 72 81,https://www.bakirkombi.com/,5,31,Hizmetler,0.88,0.916
ChIJHzp12mylyhQRNivGBLX0Fu4,Başakşehir Arçelik Servisi,beyaz esya servisi,sokme-takma dizisi,Ikitelli OSB,"İkitelli OSB, 8. Block No:41, 34490 Başakşehir/İstanbul",41.0678604,28.799846,0850 840 0531,https://www.arcelik.com.tr/,5,2,Hizmetler,0.88,0.916
ChIJt2PbBLOvyhQRfgvIgYEVwyg,Başakşehir Bosch Servisi,beyaz esya servisi,sokme-takma dizisi,Ikitelli OSB,"İkitelli OSB, Pik Dökümcüler A2 Blok Sk No:2, 34490 Başakşehir/İstanbul",41.0920148,28.795935899999996,0850 307 7948,https://www.bosch-home.com.tr/tr,,,Hizmetler,0.88,0.916
ChIJuaEYnyfLeysROTOD-eoUjKw,Beyaz Eşya Servisi - Yurtiçi Servis,beyaz esya servisi,sokme-takma dizisi,Ikitelli OSB,"Kocasinan Merkez, Sancak Sk. No:11, 34186 Bahçelievler/İstanbul 0, Kocasinan Merkez, 34200 Bahçelievler/İstanbul",41.014045599999996,28.840904799999993,0536 488 32 13,https://yurticiservis.com/,5,11,Hizmetler,0.88,0.916
ChIJUSvLhB-lyhQR3k34M3uBTwU,EKO UZMAN TEKNİK SERVİS,beyaz esya servisi,sokme-takma dizisi,Ikitelli OSB,"Halkalı, İstasyon mahallesi 2, İstasyon, Yunus Emre Cd. no:5/B, 34303 Küçükçekmece/İstanbul",41.028859499999996,28.7751704,0532 678 44 63,https://www.ekouzmanteknikservis.com/,4.9,1211,Hizmetler,0.88,0.916
ChIJzfpd8UylyhQRRT4A2iVs-JE,GÖKSAM TEKNİK Bağcılar beyaz eşya servisi,beyaz esya servisi,sokme-takma dizisi,Ikitelli OSB,"Göztepe, 2382 sk, 34200 Bağcılar/İstanbul",41.0585903,28.834799800000003,0530 976 52 34,https://goksamteknik.com/,4.8,104,Hizmetler,0.88,0.916
ChIJS7JG3L-lyhQReUGtU8MnGVA,Kayaşehir-Başakşehir Çağır Teknik Beyaz Eşya Tamir servisi,beyaz esya servisi,sokme-takma dizisi,Ikitelli OSB,"ikitelli, Ziya Gökalp, Atatürk Cd. no:50/a başakşeşir, 34490 Başakşehir/İstanbul",41.0757835,28.791385599999995,0534 762 39 63,https://cagirteknikservis.com.tr/,4.9,148,Hizmetler,0.88,0.916
ChIJ0Q4BZ2PPyhQRHHurtVDC0F4,Ozan Usta Beyaz Eşya Servisi,beyaz esya servisi,sokme-takma dizisi,Ikitelli OSB,"Aşağı Dudullu, Gökhan Sk. No:18-20 A, 34773 Ümraniye/İstanbul",41.0229147,29.1636718,0551 858 85 97,https://ozanusta.com/,4.9,134,Hizmetler,0.88,0.916
ChIJHY9Km_fHyhQRoLhj7YqWBr0,Yaşar Usta Anadolu Yakası Beyaz Eşya Servisi Bölge Servisim,beyaz esya servisi,sokme-takma dizisi,Ikitelli OSB,"Hasanpaşa, Zeamet Cad. 31 / B, 34722 Kadıköy/İstanbul",40.9996112,29.0483105,(0216) 339 99 99,http://www.bolgeservisim.com/,4.8,201,Hizmetler,0.88,0.916
ChIJ9asv-KbHyhQR0pwe0sJMyKE,İstanbul Beyaz Eşya Tamircisi,beyaz esya servisi,sokme-takma dizisi,Ikitelli OSB,"Yeni Sahra, Barbaros Cd. 18/A, 34000 Ataşehir/İstanbul",40.989283799999995,29.0915498,0534 711 64 61,https://atasehirkombitamiri.tr/,5,32,Hizmetler,0.88,0.916
ChIJYQAAABu7yhQRfnXSLeSQKp4,Emek teknik,beyaz esya servisi,sokme-takma dizisi,Merter,"Tozkoparan mahallesi cevat açıkalın cad, Tozkoparan, Merter Sok. merter, 34160 Güngören/İstanbul",41.015637399999996,28.8965876,0533 962 71 67,http://www.emektekniksogutma.com/,5,16,Hizmetler,0.88,0.916
ChIJlfBLtjC7yhQRqyWa7no88QI,Gri Teknik,beyaz esya servisi,sokme-takma dizisi,Merter,"Haznedar, Birlik Sk. No:11, 34160 Güngören/İstanbul",41.0106436,28.8700254,444 2 674,http://www.beyazesyatamir.com/,4.7,33,Hizmetler,0.88,0.916
ChIJDX9RVEnJyhQRZX25SZJzRrs,Esa Teknik Klima beyazeşya servisi satış bakım onarım,beyaz esya servisi,sokme-takma dizisi,Modoko Umraniye,"Yukarı Dudullu, Alınteri Sk. 32A D:2, 34775 Ümraniye/İstanbul",41.0049764,29.153692200000002,0535 661 04 24,http://www.esateknikservis.com/,4.6,22,Hizmetler,0.88,0.916
ChIJszgdEmfJyhQR-lq4-vRLS0Q,OSAR Beyaz Eşya Teknik Servis,beyaz esya servisi,sokme-takma dizisi,Modoko Umraniye,"Ihlamurkuyu, Canakkale Cd 24A, 34771 Ümraniye/İstanbul",41.0220559,29.132939,0542 639 56 24,https://www.osarbeyazesya.com/,5,251,Hizmetler,0.88,0.916
ChIJ4_NdpHXJyhQRwPLwIP5jOxM,Orbay Teknik Servis,beyaz esya servisi,sokme-takma dizisi,Modoko Umraniye,"İstiklal, Şair Nesimi Sokağı no:22/A, 34762 Ümraniye/İstanbul",41.0214813,29.0997181,(0216) 331 51 22,https://www.orbayteknik.com/,4.9,85,Hizmetler,0.88,0.916
ChIJJcKqaIvJyhQRkm9R8lUUpM4,Sağlam Teknik Beyaz Eşya Servisi,beyaz esya servisi,sokme-takma dizisi,Modoko Umraniye,"Çakmak, Uzun Ayna Cd. No21/A, 34760 Ümraniye/İstanbul",41.0155368,29.1259611,0539 459 14 17,https://saglamteknikumraniye.com/,5,53,Hizmetler,0.88,0.916
ChIJ0VodG03JyhQR3moVUCxkGQk,Toshiba Beyaz Eşya - İstanbul/Ümraniye Yetkili Servisi (RSL),beyaz esya servisi,sokme-takma dizisi,Modoko Umraniye,"İnkılap, Ordu Cd. No:20/A D:5, 34768 Ümraniye/İstanbul",41.03394,29.103733599999998,0538 383 34 29,https://www.toshiba-lifestyle.com/tr,,,Hizmetler,0.88,0.916
ChIJXV0i80PIyhQRzh1vZlD0JVw,Turkuaz Teknik Beyaz Eşya Yedek Parça San. Ve Tic. Ltd. Şti,beyaz esya servisi,sokme-takma dizisi,Modoko Umraniye,"Altınşehir, Ateşpare Sk. No:8/10, 34775 Ümraniye/İstanbul",41.01509840000001,29.146575699999996,(0216) 377 05 66,http://turkuazteknik.com.tr/tr-TR/AnaSayfa,4.4,24,Hizmetler,0.88,0.916
ChIJf3xF8-XOyhQRyFynJ1wThnQ,Vestel Yetkili Servisi - Ümraniye - Mega Elektronik,beyaz esya servisi,sokme-takma dizisi,Modoko Umraniye,"Necip Fazıl, Hamza Yerlikaya Blv. No:24, 34773 Ümraniye/İstanbul",41.0221114,29.1682578,(0216) 313 19 07,https://www.vestel.com.tr/,4.8,3487,Hizmetler,0.88,0.916
ChIJP7juEWsZ50MR70TB1jO2M58,ÜMRANİYE KOMBİ VE BEYAZ EŞYA SERVİSİ,beyaz esya servisi,sokme-takma dizisi,Modoko Umraniye,"Adem Yavuz, Yavuz Selim Cd. No:28/A, 34773 Ümraniye/İstanbul",41.0234248,29.154434300000002,0551 034 85 75,https://www.youtube.com/@KombiveBeyazE%C5%9Fya%C3%87%C3%B6z%C3%BCmleri,5,24,Hizmetler,0.88,0.916
ChIJe1ID5TvJyhQRDPurL90vIRQ,Ümraniye Beko Servisi,beyaz esya servisi,sokme-takma dizisi,Modoko Umraniye,"İstiklal, Kızılay Sk. No:8, 34762 Ümraniye/İstanbul",41.0219753,29.1008236,0850 840 0257,https://www.beko.com.tr/,,,Hizmetler,0.88,0.916
ChIJmzoMXB_JyhQReDqR5zkF2UA,Ümraniye servis,beyaz esya servisi,sokme-takma dizisi,Modoko Umraniye,"Namık Kemal Mahallesi Cengiz Topel caddesi, Namık Kemal, Sarıçam Sk., 34845 Ümraniye/İstanbul",41.0214806,29.091517399999994,0506 589 37 52,http://www.istanbulozelteknikservis.com/,4.9,14,Hizmetler,0.88,0.916
ChIJxzP1B0rPyhQRoZM_77e86tM,İstanbul Teknik Servis,beyaz esya servisi,sokme-takma dizisi,Modoko Umraniye,"Şerifali, Semah Sk. 3a, 34775 Ümraniye/İstanbul",41.0043356,29.1442701,0546 823 83 43,http://umraniyekombitamiri.com.tr/,4.9,52,Genel İnşaat İşleri Firması,0.88,0.916
ChIJf7YEGBK3yhQRhpS4gvG69ns,Arçelik,beyaz esya servisi,sokme-takma dizisi,Osmanbey Sisli,"Cumhuriyet, Ergenekon Cd. No:22B, 34380 Şişli/İstanbul",41.0518812,28.986282300000003,(0212) 232 98 50,https://www.arcelik.com.tr/,4.1,91,Ev Eşyaları Mağazası,0.88,0.916
ChIJVYejTf23yhQR35mEsb6bQys,Arçelik Servis - Şişli Arçelik Servisi,beyaz esya servisi,sokme-takma dizisi,Osmanbey Sisli,"Ergenekon, Tay Sk., 34373 Şişli/İstanbul",41.050467399999995,28.986983199999997,0850 665 9805,https://arcelik.com.tr/,5,2,Ev Eşyaları Mağazası,0.88,0.916
ChIJFxmK7ea2yhQR8UF5G28UIFQ,Beyaz Eşya Servisi,beyaz esya servisi,sokme-takma dizisi,Osmanbey Sisli,"Çağlayan, Sinan Paşa Cd. 17 C, 34403 Kağıthane/İstanbul",41.074345,28.980266,0532 436 63 81,http://beyazesyatamirciniz.com/,4.9,71,Hizmetler,0.88,0.916
ChIJ7TMTtZq3yhQRlya8JCwzAwU,Beyaz Eşya Servisi - Mert Servis,beyaz esya servisi,sokme-takma dizisi,Osmanbey Sisli,"Fatih Sultan Mehmet, Doğanşar Sk. No:4, 34470 Sarıyer/İstanbul",41.0953886,29.039614699999998,0537 694 20 51,https://mertbeyazesyaservis.com/,5,56,Hizmetler,0.88,0.916
ChIJFSj7Uwm3yhQRDhoy6FYLzwU,Bosch Yetkili Satıcısı - BEYAZ DTM,beyaz esya servisi,sokme-takma dizisi,Osmanbey Sisli,"Bozkurt, Kurtuluş Cd. No:81/B, 34375 Şişli/İstanbul",41.049881899999995,28.982288999999998,0554 491 95 19,https://www.bosch-home.com.tr/yetkili-saticilar,5,6,Ev Eşyaları Mağazası,0.88,0.916
ChIJq2us5_e2yhQRR09gQ_Tfpts,Candy Hoover Yetkili Servis,beyaz esya servisi,sokme-takma dizisi,Osmanbey Sisli,"Mecidiyeköy Şehit Ertuğrul Kabataş Cad, Gülbahar, Karanfil Sk. 9/B, 34394 Şişli/İstanbul",41.073192999999996,28.9989441,(0212) 212 08 58,http://www.hoover.com.tr/assistenza/index.asp,3.1,152,Hizmetler,0.88,0.916
ChIJvx-jA3i3yhQRQuDbR60Cq28,Kristal Beyaz Eşya Teknik Servis,beyaz esya servisi,sokme-takma dizisi,Osmanbey Sisli,"Mecidiyeköy Mahallesi, Şht. Er Cihan Namlı Cd No:104 A, 34387 Şişli/İstanbul",41.07369,28.993927299999996,0537 698 95 20,https://kristalbeyazesyaservisi.com.tr/,5,114,Ev Eşyaları Mağazası,0.88,0.916
ChIJh1BERfu3yhQRMCPI89wLJFM,Uğur Yetkili Bayi-Hemşin Ticaret,beyaz esya servisi,sokme-takma dizisi,Osmanbey Sisli,"Eskişehir, Dolapdere Cd. No:13, 34375 Şişli/İstanbul",41.04343180000001,28.9817205,(0212) 230 22 44,http://www.ugur.com.tr/,4.2,5,Ev Eşyaları Mağazası,0.88,0.916
ChIJzWxiPmy3yhQRtQiafp03O_8,Vestel Yetkili Servisi - Şişli - Öncüler Teknik,beyaz esya servisi,sokme-takma dizisi,Osmanbey Sisli,"Kuştepe, Şht. Er Cihan Namlı Cd no:99/A, 34349 Şişli/İstanbul",41.074771399999996,28.992830400000003,(0212) 232 24 38,https://www.vestel.com.tr/,4.9,2774,Hizmetler,0.88,0.916
ChIJca0mxmu3yhQRmXSRnrKR0g0,Yiğit Servis,beyaz esya servisi,sokme-takma dizisi,Osmanbey Sisli,"Feriköy, Bozkurt Cd. 190 - A, 34377 Kurtuluş / Şişli/Şişli/İstanbul",41.0473894,28.979053200000003,0532 276 48 53,http://www.yigitservis.com/,5,1,Hizmetler,0.88,0.916
ChIJreDu3De3yhQRYZlnPlaBbAE,Çınar Kombi Klima ve Beyaz Eşya Teknik Servisi,beyaz esya servisi,sokme-takma dizisi,Osmanbey Sisli,"Paşa, Neşe Sk. No:9 -13, 34000 Şişli/İstanbul",41.0531633,28.9707995,0553 672 63 85,http://www.boschservisci.com/,4.8,23,Hizmetler,0.88,0.916
ChIJAY2X-_S2yhQRgWu-EigH3Lw,Özdur Teknik Beyaz Eşya Yedek Parça Dükkanı,beyaz esya servisi,sokme-takma dizisi,Osmanbey Sisli,"Telsizler, Gültepe, Eski Belediye Cd. No:10 D:A, 34000 Kağıthane/İstanbul",41.078173199999995,28.9972984,(0212) 270 66 36,https://ozdurteknik.com/,4.9,857,Hizmetler,0.88,0.916
ChIJbTIJqX_LyhQRD4opEzS6WJo,Şişli - Bosch Servis,beyaz esya servisi,sokme-takma dizisi,Osmanbey Sisli,"Merkez, Koca Mansur Sk., 34381 Şişli/İstanbul",41.0601677,28.9861531,0850 335 0257,https://www.bosch-home.com.tr/musteri-hizmetleri/yetkili-servis,5,5,Ev Eşyaları Mağazası,0.88,0.916
ChIJzSwjBABP0xQR1O3zFqEVxpg,Şişli Beko Mağazası - Üngördü D.T.M.,beyaz esya servisi,sokme-takma dizisi,Osmanbey Sisli,"Merkez, Halaskargazi Cd. Marmara Apt No:166/A, 34384 Şişli/İstanbul",41.057748499999995,28.987198399999997,(0212) 246 64 06,https://ungorduevaletleri.com/pages/beko,4.9,222,Ev Eşyaları Mağazası,0.88,0.916
ChIJD14E94C3yhQR_mMd97jhXh8,Şişli Beko Servisi,beyaz esya servisi,sokme-takma dizisi,Osmanbey Sisli,"Paşa, Yay Meydanı Cd. No:2, 34379 Şişli/İstanbul",41.052747200000006,28.977023199999998,0850 840 0257,https://www.beko.com.tr/,,,Hizmetler,0.88,0.916
ChIJ37BlWxO3yhQR8VUDxopYGuo,Şişli-Mecidiyeköy-Fulya - Bosch Yetkili Servisi,beyaz esya servisi,sokme-takma dizisi,Osmanbey Sisli,"Fulya, Pehlivan Sk. No:21A, 34394 Şişli/İstanbul",41.060078,28.999914,444 6 333,https://www.bosch.com.tr/,5,3,Hizmetler,0.88,0.916
ChIJff9-V4i3yhQRUx_mDqf7-cs,Şişli-Mecidiyeköy-Fulya - Profilo Yetkili Servisi,beyaz esya servisi,sokme-takma dizisi,Osmanbey Sisli,"Fulya, Pehlivan Sk. No:21A, 34394 Şişli/İstanbul",41.060092,28.999914,444 7 766,https://profilo-yetkiliservisi.com/,,,Hizmetler,0.88,0.916
ChIJt-f2yf-3yhQRt_Iq6olUu88,Aksoy Teknik,beyaz esya servisi,sokme-takma dizisi,Perpa Okmeydani,"Yahya Kemal, Talatpaşa Cd. No:349 B, 34410 Kağıthane/İstanbul",41.0827854,28.989365700000004,0531 493 71 83,http://www.aksoyteknik.com/,5,7,Hizmetler,0.88,0.916
ChIJBQNlyP-3yhQRvXFxopFWFxc,Akua Mühendislik Elektronik Elektrik ve Tic.Ltd.Şti.,beyaz esya servisi,sokme-takma dizisi,Perpa Okmeydani,"H.Rıfat Paşa Mah. Perpa Ticaret Merkezi A Blok Kat:11 No:1553, Halil Rıfat Paşa, Okmeydanı Cd., 34384 Şişli/İstanbul",41.060040099999995,28.9697878,(0212) 210 18 02,http://www.akuaelektronik.com.tr/,5,1,Tedarikçiler,0.88,0.916
ChIJ_z4MGoG2yhQRVWnJ6E3CfRg,As Teknik,beyaz esya servisi,sokme-takma dizisi,Perpa Okmeydani,"Seyrantepe, Çelikay Cd. No:23/C, 34418 Kağıthane/İstanbul",41.0976171,28.9958897,0535 721 06 44,http://www.asteknikservis.com.tr/,5,8,Hizmetler,0.88,0.916
ChIJ8YB-pzy3yhQR7nnPk3JWqL4,BEYAZ PARK,beyaz esya servisi,sokme-takma dizisi,Perpa Okmeydani,"Halil Rıfat Paşa Mahallesi Yüzer Havuz Sk. No:1 Perpa Ticaret Merkezi A/Blok 13. Kat No: 2105/M 34384, Halil Rıfat Paşa, Okmeydanı Cd., 34384 Şişli/İstanbul",41.060701699999996,28.970342199999997,(0212) 210 72 75,http://beyazpark.com.tr/,,,Ev Eşyaları Mağazası,0.88,0.916
ChIJj-HO1v-3yhQRizN_56Rc0RE,Baysal teknik Beyaz eşya tamirhanesi Aynı gün servis Garantili işçilik,beyaz esya servisi,sokme-takma dizisi,Perpa Okmeydani,"Harmantepe mah çelenk sokak no16/a gültepe Kağıthane, Harmantepe, 34413 Kağıthane/İstanbul",41.0819932,28.992307600000004,0505 942 32 57,https://beyazesya-tamircim.com.tr/,4.9,189,Hizmetler,0.88,0.916
ChIJ3-JMP6S3yhQRZjxkQYnz6lI,Karaca homend shark ninja raks yetkili servisi,beyaz esya servisi,sokme-takma dizisi,Perpa Okmeydani,"mahallesiPerpa ticaret merkezi, Halil Rıfat Paşa, Yüzer Havuz Sk. b. Blok kat8 no1282 1282, 34381 Şişli/İstanbul",41.0607286,28.970219200000003,0555 082 99 83,https://www.atolyeesnaf.com/,4.4,27,Hizmetler,0.88,0.916
ChIJvVpFFF2wyhQRg7QefeO_JD4,"Karakaş Teknik Beyaz Eşya, Kombi, Klima Servisi",beyaz esya servisi,sokme-takma dizisi,Perpa Okmeydani,"Hürriyet, Şht. Mustafa Yeşil Cd. No:56, 34250 Gaziosmanpaşa/İstanbul",41.0738949,28.8966021,(0212) 538 85 25,https://karakasteknik.com.tr/,4.5,81,Hizmetler,0.88,0.916
ChIJVS8-kzm3yhQRYByjsuze0P8,Perpa Ticaret Merkezi,beyaz esya servisi,sokme-takma dizisi,Perpa Okmeydani,"Halil Rıfat Paşa, Yüzer Havuz Sk. No:1/1, 34384 Şişli/İstanbul",41.0606954,28.970291599999996,(0212) 221 38 58,http://www.perpa.com.tr/,4,17479,İş Merkezi,0.88,0.916
ChIJq2QjVCO3yhQRAPSobniFdAM,Polokom Görüntü Ses ve Işık Sistemleri,beyaz esya servisi,sokme-takma dizisi,Perpa Okmeydani,"Perpa Ticaret İş Merkezi B Blok Kat:2 No: 81, Halil Rıfat Paşa, Okmeydanı Cd., 34384 Şişli/İstanbul",41.0606342,28.970250999999998,(0212) 320 06 44,http://www.polokom.com.tr/,4.9,46,Elektronik eşya mağazası,0.88,0.916
ChIJVXpyWju3yhQRnyELVdnPWJQ,Ulus Teknik,beyaz esya servisi,sokme-takma dizisi,Perpa Okmeydani,"Halil Rıfat Paşa, Yüzer Havuz Sk. Perpa Ticaret Merkezi B blok Kat:13 No:2321, 34384 Şişli/İstanbul",41.060961,28.969862,(0212) 320 03 57,http://www.ulusteknik.com/,2.5,8,,0.88,0.916
ChIJJytTcgHbyhQR2iPsi2unAd0,Beyaz Eşya Doktoru,beyaz esya servisi,sokme-takma dizisi,Persembe Pazari Karakoy,"Kurtköy, Yeşilırmak Cd. 34 E, 34912 Pendik/İstanbul",40.917153899999995,29.299305000000004,(0216) 397 24 03,http://www.pendikbeyazesyatamirservisi.com/,4.9,196,Hizmetler,0.88,0.916
ChIJ8Yf20ei3yhQRUGprOIEh9Aw,Beyaz Eşya Kart Tamiri (Sercan Usta),beyaz esya servisi,sokme-takma dizisi,Persembe Pazari Karakoy,"Şehit Muhtar, Taksim Yağhanesi Sk. No:52, 34435 Beyoğlu/İstanbul",41.0372572,28.9810006,0539 299 88 88,http://www.turkiyeteknikservis.com/,5,1,Hizmetler,0.88,0.916
ChIJDbCrhz26yhQRB1maMXCXVC4,Beyaz eşya tamir bakım servisteknik servis,beyaz esya servisi,sokme-takma dizisi,Persembe Pazari Karakoy,"Hırka-i Şerif, Melek Hoca Cd. 37 B, 34091 Fatih/İstanbul",41.0237374,28.9374722,0536 930 60 09,https://wa.me/905346871012,4.6,134,Hizmetler,0.88,0.916
ChIJdceW0YjbyhQRSllB-W5P22o,Bt Teknik Servis/KURTKOY PENDİK YENİŞEHİR ARCELİK BEKO ALTUS GRUNDİG BOSH/VESTEL/KOMBİ/ARİSTON/PENDİK BEYAZ EŞYA TAMİR BAKIM,beyaz esya servisi,sokme-takma dizisi,Persembe Pazari Karakoy,"Kurtköy, Seyit Onbaşi Sokaği No:18/A, 34912 Pendik/İstanbul",40.9150907,29.301627399999997,(0216) 595 17 17,https://btteknikservis.wordpress.com/,4.4,81,Hizmetler,0.88,0.916
ChIJazgiT6OwyhQRq54OhHlzYu4,Kakşi Servis Hizmetleri,beyaz esya servisi,sokme-takma dizisi,Persembe Pazari Karakoy,"Yahya Kahya, Kasımpaşa Bostanı Sk. 13/1 D:A, 34440 Beyoğlu/İstanbul",41.033789399999996,28.9704685,0555 966 35 47,https://www.kaksiservis.com/,4.4,56,Hizmetler,0.88,0.916
ChIJE0g8QDmxyhQRkDGMnw3kWW0,Morgül Teknik Beyaz Eşya Kombi Servisi,beyaz esya servisi,sokme-takma dizisi,Persembe Pazari Karakoy,"Merkez, İdris Köşkü Cd. 37 A, 34050 Eyüpsultan/İstanbul",41.055752999999996,28.933093999999997,0507 143 12 53,http://eyupsultanbeyazesyateknikservisi.com/?utm_source=gmb&utm_medium=referral,4.9,463,Hizmetler,0.88,0.916
ChIJ6zUnE325yhQRP0kYZbXZVuI,Pro-ser beyaz eşya tamir servisi,beyaz esya servisi,sokme-takma dizisi,Persembe Pazari Karakoy,"Valide-i Atik, Dr. Fahri Atabey Cd. no:73/A, 34664 Üsküdar/İstanbul",41.0171527,29.023041799999998,0532 234 49 52,https://www.proserteknikservis.com/,2.6,16,Hizmetler,0.88,0.916
ChIJMRgIvNTPyhQRFZBXWhXWUZc,Sancaktepe Beyaz Eşya Servisi,beyaz esya servisi,sokme-takma dizisi,Persembe Pazari Karakoy,"Meclis, Fevzi Çakmak Cd. No:76, 34000 Sancaktepe/İstanbul",41.009403299999995,29.2023282,(0216) 622 42 12,https://sancaktepebeyazesyaservis.com/,4.7,29,Hizmetler,0.88,0.916
ChIJ5_IZcK2wyhQRAQLFOqz1lj8,"Su Sebili Teknik Servis, Beyaz Eşya Servisi",beyaz esya servisi,sokme-takma dizisi,Persembe Pazari Karakoy,"Halıcıoğlu, Büklüm Sk. No:34, 34445 Beyoğlu/İstanbul",41.0478478,28.950857499999998,0553 610 75 17,https://www.emniyetservis.com/,3.2,20,Hizmetler,0.88,0.916
ChIJg9wzxTmxyhQRrpNpiUQdKJE,İstanbul Servisi - Onariyoruz.com,beyaz esya servisi,sokme-takma dizisi,Persembe Pazari Karakoy,"Keçeci Piri Hasköy Cad, Keçeci Piri, Aziz Sk., 34445 Beyoğlu/İstanbul",41.0398017,28.951096099999997,0850 471 0164,https://www.onariyoruz.com/istanbul-beyaz-esya-servisi/,5,8,Mağaza,0.88,0.916
ChIJW17yBCG7yhQRQYUGhzd7bVU,AYTİN Makine,beyaz esya servisi,sokme-takma dizisi,Zeytinburnu,"5, Telsiz, 108. Sk. 3A, 34020 Zeytinburnu/İstanbul",40.9979882,28.907731999999996,0535 712 78 19,https://aytinmakine.com/,4,2,Hizmetler,0.88,0.916
ChIJs2KPhQ-7yhQRGkISlCFTwRk,Arçelik Servisi,beyaz esya servisi,sokme-takma dizisi,Zeytinburnu,"Beştelsiz, Şht. Piyade Çavuş Ercan Üzer Sok. No:24, 34020 Zeytinburnu/İstanbul",40.999482199999996,28.9033801,0850 840 0531,https://www.arcelik.com.tr/,,,Hizmetler,0.88,0.916
ChIJy6RsJKG7yhQRA5sPD_YUvoQ,Büyük Teknik Servis,beyaz esya servisi,sokme-takma dizisi,Zeytinburnu,"Seyitnizam, Demirciler Sitesi 3. Cd. No:27, 34015 Zeytinburnu/İstanbul",41.0047683,28.9001967,0535 875 26 64,https://www.bosch-home.com.tr/tr,,,Hizmetler,0.88,0.916
ChIJyb724CS7yhQRdaz8Vyp2EaM,Salih teknik,beyaz esya servisi,sokme-takma dizisi,Zeytinburnu,"Veliefendi, 75/2. Sk. No:98, 34025 Zeytinburnu/İstanbul",40.9988633,28.901599899999994,0531 201 15 74,https://beyazesyateknikservisim.com/,4.9,106,Hizmetler,0.88,0.916
ChIJMWPd1EW7yhQRZ10gP3JrFRI,Uğur Teknik Kombi & Klima Servisi,beyaz esya servisi,sokme-takma dizisi,Zeytinburnu,"Nuripaşa, 14. Sk. no: 74B, 34025 Zeytinburnu/İstanbul",40.985824099999995,28.899687500000002,0530 640 02 16,https://instagram.com/ugurkombiservisi?igshid=OGQ5ZDc2ODk2ZA==,5,66,Hizmetler,0.88,0.916
ChIJfR0VhR6pTY0RJk2Z34FFLJk,Yılmaz Teknik Kombi Servisi-Tesisat Ve Doğalgaz,beyaz esya servisi,sokme-takma dizisi,Zeytinburnu,"Veliefendi, 75/3. Sk., 34025 Zeytinburnu/İstanbul",40.996483,28.900215,0535 064 97 05,https://www.instagram.com/yilmazteknik341?igsi=MWpzbzE3bGc2MjRrdA%3D%3D&utm_source=qr,5,4,Genel İnşaat İşleri Firması,0.88,0.916
ChIJ84p8Dd67yhQRhTJaHFGdAB0,Zeyitnburnu Bosch Servisi,beyaz esya servisi,sokme-takma dizisi,Zeytinburnu,"Yeşiltepe, 57/3. Sk. No:9, 34025 Zeytinburnu/İstanbul",40.9924253,28.900551099999998,0850 307 7948,https://www.bosch-home.com.tr/tr,,,Hizmetler,0.88,0.916
ChIJRzH2WEW7yhQRBbeLerAeoDI,Zeytinburnu Arçelik Servis,beyaz esya servisi,sokme-takma dizisi,Zeytinburnu,"Nuripaşa, 67. Sk. No:52, 34025 Zeytinburnu/İstanbul",40.9899686,28.8992351,0850 840 0531,https://www.arcelik.com.tr/,,,Hizmetler,0.88,0.916
ChIJidgSAgy7yhQR09_jYmI1u-4,Zeytinburnu Arçelik Servisi,beyaz esya servisi,sokme-takma dizisi,Zeytinburnu,"Sümer, 27/3. Sk. No:8/A, 34025 Zeytinburnu/İstanbul",40.9888897,28.8985385,0850 335 0439,https://arcelik.com.tr/,,,Hizmetler,0.88,0.916
ChIJ5bYw4XlZtRQRN2JNh1fKZn4,Zeytinburnu Arçelik Servisi,beyaz esya servisi,sokme-takma dizisi,Zeytinburnu,"Yeşiltepe, Ahmet Kambur Sok. 5A, 34025 Zeytinburnu/İstanbul",40.9930418,28.900689999999994,0850 335 1917,https://www.arcelik.com.tr/,,,Ev Eşyaları Mağazası,0.88,0.916
ChIJA4LplUa7yhQR81SyfuPmf_E,Zeytinburnu Beko Servisi,beyaz esya servisi,sokme-takma dizisi,Zeytinburnu,"Nuripaşa, 29/1. Sk. No:5, 34025 Zeytinburnu/İstanbul",40.9863485,28.8987576,0850 840 0257,https://www.beko.com.tr/,,,Hizmetler,0.88,0.916
ChIJD9sTkXe7yhQRGJ9m-Q6GVQU,Zeytinburnu İkinci El Beyaz Eşya Mobilya Alanlar,beyaz esya servisi,sokme-takma dizisi,Zeytinburnu,"Sümer, Şht. Er Yavuz Bahar Sk. no: 48, 34025 Zeytinburnu/İstanbul",40.98682730000001,28.895521900000002,0555 754 50 60,https://ikincielesyatr.com/,3.2,11,Ev Eşyaları Mağazası,0.88,0.916
ChIJWZ_B7cK7yhQRRu55WAm--c8,tvtamirservisim,beyaz esya servisi,sokme-takma dizisi,Zeytinburnu,"Veliefendi, 74. Sk. no:70/d, 34025 Zeytinburnu/İstanbul",40.994161,28.898679599999994,0506 949 21 56,https://tvtamirservisim.com/,5,1,Hizmetler,0.88,0.916
ChIJh3VvQPW7yhQRhUqfXngLrrY,Şans Teknik Servis,beyaz esya servisi,sokme-takma dizisi,Zeytinburnu,"Sümer, Merv Cd. No:109, 34025 Zeytinburnu/İstanbul",40.9873877,28.896622599999997,0535 956 64 12,https://www.bosch-home.com.tr/tr,,,Hizmetler,0.88,0.916
ChIJkzcRp4awyhQRvAhQDyfWhnI,AVM Alışveriş Merkezleri Ayakkabı San. Tic. A.Ş.,ayakkabi imalathanesi,deforme malzeme + yapistirma,Bayrampasa,"Merkez, Tuna Sk. No:9, 34245 Gaziosmanpaşa/İstanbul",41.0544588,28.9120813,(0212) 417 22 11,http://avmayakkabi.com.tr/,3.3,6,Üretici,0.85,0.895
ChIJRf4GTAq7yhQRJO63-kdwrKM,Ali Ercan Ayakkabı,ayakkabi imalathanesi,deforme malzeme + yapistirma,Bayrampasa,"Vatan, Esenler Cd. No:42/A, 34000 Bayrampaşa/İstanbul",41.032441,28.905096999999998,0541 729 88 54,https://www.find.com.tr/Company/aliercanercanayakkabimagazasi,5,8,Ayakkabı mağazası,0.85,0.895
ChIJ333cUoWxyhQRrYMRyJ7KFao,Cömert Ayakkabı,ayakkabi imalathanesi,deforme malzeme + yapistirma,Bayrampasa,"Yıldırım, Ali Fuat Başgil Cd. No:29, 34040 Bayrampaşa/İstanbul",41.0666411,28.895309700000002,(0212) 516 07 99,https://www.comertshoes.com.tr/,2.6,174,Ayakkabı mağazası,0.85,0.895
ChIJpYb-dSuwyhQRob23aqxFFgc,EFE GRUP AYAKKABI SANAYİ VE TİCARET LİMİTED ŞİRKETİ (JACKLİON) - (LEODER),ayakkabi imalathanesi,deforme malzeme + yapistirma,Bayrampasa,"Uğur Mumcu, 2124. Sk. NO7/9, 34265 Sultangazi/İstanbul",41.09739,28.864290000000004,(0212) 619 78 01,http://www.jacklion.com.tr/,5,3,Üretici,0.85,0.895
ChIJ7QjCDzO7yhQRUbnQG3Ibmbo,Famas Ayakkabı Makinaları San. Tic. Ltd. Şti.,ayakkabi imalathanesi,deforme malzeme + yapistirma,Bayrampasa,"Yenidoğan, Ferhatpaşa Cd. Ozar San. Sit, 34035 Bayrampaşa/İstanbul",41.0413138,28.9155256,(0212) 577 48 33,http://www.famas.com.tr/,4.4,19,,0.85,0.895
ChIJW4XNhJC5yhQRqW52smMzYOo,Ferrit Ayakkabı ve Taban Malzemeleri,ayakkabi imalathanesi,deforme malzeme + yapistirma,Bayrampasa,"Sanayi, Saadet Sk. no:24, 34000 Güngören/İstanbul",41.0203595,28.885839800000003,0545 476 25 62,http://www.ferritmalzeme.com/,5,10,Ayakkabı mağazası,0.85,0.895
ChIJ9eLA3ZCwyhQRlhZa81VbCuM,Gezer Ayakkabı Gaziosmanpaşa Fabrika Satış Mağazası,ayakkabi imalathanesi,deforme malzeme + yapistirma,Bayrampasa,"Yenidoğan, Ordu Cd. NO:119/2, 34240 Gaziosmanpaşa/İstanbul",41.0581258,28.9228898,0549 785 50 93,https://gezer.com/,4.5,21,Ayakkabı mağazası,0.85,0.895
ChIJC1E4kn26yhQRxBYIjvmHVyc,Hakan Kuyumculuk,kuyumcu atolyesi,ince motor manipulasyon,Bayrampasa,"İsmet Paşa, Tuna Cd. No:29 D:B, 34040 Bayrampaşa/İstanbul",41.0448928,28.907139800000003,(0212) 577 57 07,http://www.instagram.com/hakankuyumculuk34,4,47,Kuyumcu,0.85,0.895
ChIJ7wxAZ2G6yhQRSBVfkMup9Dw,Köşem Kuyumcusu,kuyumcu atolyesi,ince motor manipulasyon,Bayrampasa,"Yenidoğan, Demirkapı Cd. 1/25, 34030 Bayrampaşa/İstanbul",41.035761,28.9105583,(0212) 612 38 67,http://www.firmasec.com/firma/fmffbk-kosem-kuyumculuk/,5,15,Kuyumcu,0.85,0.895
ChIJuR3yt326yhQROsJ7kQiaHag,Memiş Döviz A.Ş Kuyumculuk ve Altın Hizmetleri,kuyumcu atolyesi,ince motor manipulasyon,Bayrampasa,"Muratpaşa, Tuna Cd. No:15, 34040 Bayrampaşa/İstanbul",41.0445846,28.908497500000003,(0212) 501 59 99,http://memisdoviz.com/,4.5,358,Kuyumcu,0.85,0.895
ChIJoWf4tCm7yhQRM3aCZpHNnmk,PİRAMİT KALIP VE PLAST.SAN.,ayakkabi imalathanesi,deforme malzeme + yapistirma,Bayrampasa,"Yenidoğan, Haseki Sultan Sok. A BLOK NO:2/207, 34030 Bayrampaşa/İstanbul",41.044301499999996,28.916263899999997,0554 585 10 80,http://www.piramitkalip.com/,,,Üretici,0.85,0.895
ChIJKazGlZC5yhQRI55esvh83lw,Srd Taban,ayakkabi imalathanesi,deforme malzeme + yapistirma,Bayrampasa,"Maltepe, Davutpaşa Çiftehavuzlar Cd No:8, 34025 Zeytinburnu/İstanbul",41.0274224,28.9057346,(0212) 501 01 68,http://www.srdtaban.com/,4,5,Üretici,0.85,0.895
ChIJBT0KP9K6yhQRfezffvei8C0,Tergan,ayakkabi imalathanesi,deforme malzeme + yapistirma,Bayrampasa,"Terazidere Mah. Esenler Caddesi, Terazidere, Yaşar Doğu Sk. No:8, 34160 Bayrampaşa/İstanbul",41.031805899999995,28.904575,0850 811 6060,https://www.tergan.com.tr/,3.7,198,Mağaza,0.85,0.895
ChIJZad6VJJftRQRK3dwNgFwELw,3 Gen Taban Ve Ayakkabi San. Ve Tic. A.Ş.,ayakkabi imalathanesi,deforme malzeme + yapistirma,Ikitelli OSB,"Mahmutbey, Taşocağı Yolu Cad. No:19/3, 34218 Bağcılar/İstanbul",41.05287680000001,28.810581199999998,(0212) 876 00 27,http://www.3gentaban.com/,3.8,60,Üretici,0.85,0.895
ChIJTesWiJmlyhQRmXVvOctICw4,ANKAPA AYAKKABI TEKSTİL TİCARET VE SANAYİ LİMİTED ŞİRKETİ,ayakkabi imalathanesi,deforme malzeme + yapistirma,Ikitelli OSB,"İkitelli OSB, Süleyman Demirel Blv Esot İş Merkezi No:6/1 Ickapi No:10 Kat:4, 34490 Başakşehir/İstanbul",41.0653095,28.803377700000002,0535 021 11 66,http://www.ankapa.com.tr/,4.6,55,Ayakkabı mağazası,0.85,0.895
ChIJU4Q91-elyhQR7c2BeHscQAU,AYMAKAP Makine ve Ayakkabı Malzemeleri Yan Sanayii,ayakkabi imalathanesi,deforme malzeme + yapistirma,Ikitelli OSB,"İKİTELLİ O.S.B. AYKOSAN SANAYİ SİTESİ 6'LI F BLOK NO:23, İkitelli OSB, 34490 Başakşehir/İstanbul",41.0707117,28.798952,(0212) 671 61 55,https://aymakap.makinecim.com/smindex_tr_1.html,4.5,6,,0.85,0.895
ChIJu2rV442lyhQRQZ-pNKfU9MY,Akform İç Taban Uzmanı / Insole Expert,ayakkabi imalathanesi,deforme malzeme + yapistirma,Ikitelli OSB,"Başakşehir İlçesi, İkitelli OSB, Aykosan Sanayi Sitesi 2.Kısım D:10.Ada C Blok No.1, 34490 Başakşehir/İstanbul",41.0731039,28.795240299999996,(0212) 671 72 02,http://www.akform.com.tr/,4.8,32,Ayakkabı mağazası,0.85,0.895
ChIJFbaNNSK5yhQRtfnGrTCcKIg,Altın Zanaat - Altın Gümüş Takı Tasarım ve Üretim Atölyesi,kuyumcu atolyesi,ince motor manipulasyon,Ikitelli OSB,"Osmanağa, Söğütlüçeşme Cad. küçük çarşı iş merkezi kuyumcular pasajı No:1 alt kat, 34744 Kadıköy/İstanbul",40.9912808,29.0254828,0534 663 93 61,http://altinzanaat.com/,5,207,Kuyumcu,0.85,0.895
ChIJP_fQ65W5yhQRrVIT8770ZoQ,Atölye Biz Takı Tasarım Kursu / Kuyumculuk ve Mücevher Eğitimleri,kuyumcu atolyesi,ince motor manipulasyon,Ikitelli OSB,"Fenerbahçe, Dr. Faruk Ayanoğlu Cd. No:3F, 34726 Kadıköy/İstanbul",40.9762038,29.047623199999997,0532 517 51 71,http://atolyebiz.com/,4.5,44,Eğitim Kurumu,0.85,0.895
ChIJESdjyeOlyhQRTeBYQTLsJrE,Ayakkabı Malzemecim Aykosan Merkez Şube,ayakkabi imalathanesi,deforme malzeme + yapistirma,Ikitelli OSB,"İkitelli OSB, Aykosan Sanayi Sitesi Çarşı 6 Blok Kat:3 No:550, 34000 Başakşehir/İstanbul",41.0723991,28.800226499999994,0505 052 00 42,https://www.ayakkabimalzemecim.com/,5,99,,0.85,0.895
ChIJ8ZPQMMxftRQREv8yjPC9EBY,Bayrak EBT Taban San. Tic. A.Ş.,ayakkabi imalathanesi,deforme malzeme + yapistirma,Ikitelli OSB,"Trios 2023, İkitelli OSB, Dersan Sanayi Sitesi A Blok Kat 2 No : 1 / 97, 34490 Başakşehir/İstanbul",41.082062799999996,28.7943128,(0212) 886 46 70,https://www.bayrakebt.com.tr/,3.4,41,Üretici,0.85,0.895
ChIJExqn9I6lyhQRXBlL4QLUW4U,Brc Ayakkabı Kalıp Tekstil Sanayi Ltd.Şti,ayakkabi imalathanesi,deforme malzeme + yapistirma,Ikitelli OSB,"İkitelli OSB, Aykosan Sanayi Sitesi D:12.Ada 2.Kısım No: 1-2-3, 34490 Başakşehir/İstanbul",41.074314,28.797102,(0212) 549 68 60,http://www.brcayakkabi.com.tr/,4.6,32,Ayakkabı mağazası,0.85,0.895
ChIJn9yH6LGlyhQR_kPM3q0nEmE,Cabani Ayakkabı Fabrika Satış Mağazası,ayakkabi imalathanesi,deforme malzeme + yapistirma,Ikitelli OSB,"İkitelli Organize Sanayi Bölgesi Atatürk Bulvarı Cabani İş Merkezi No:82 Başakşehir Kat:1, İkitelli OSB, 34238 Başakşehir/İstanbul",41.079960299999996,28.8077299,(0212) 549 29 09,https://www.cabani.com.tr/,4.1,170,Ayakkabı mağazası,0.85,0.895
ChIJF9WaPW-5yhQRfG4U8O92srg,Canbay Kuyumcu Atölyesi - Kuyumcu Tamircisi,kuyumcu atolyesi,ince motor manipulasyon,Ikitelli OSB,"Osmanağa, Söğütlüçeşme Cad. Cem Han No:55/1 kat:1, 34714 Kadıköy/İstanbul",40.9907162,29.0286989,0532 658 92 86,https://www.instagram.com/canbaykuyumcuatolyesi/,5,9,Kuyumcu,0.85,0.895
ChIJoYW3VpG5yhQRqtw1xeRiMCc,Dora Alyans,kuyumcu atolyesi,ince motor manipulasyon,Ikitelli OSB,"Marmara Sanayi sitesi L blok No:1-2, ikitelli, 34306 Küçükçekmece/İstanbul, Küçükçekmece İkitelli OSB, 34000 Küçükçekmece/İstanbul",41.0608101,28.7941562,(0212) 472 17 70,http://www.dorarings.com/,4.6,23,Kuyumcu,0.85,0.895
ChIJ3Rr9_PSlyhQRaT76bo0km3A,EREN GRUP AYAKKABI MALZEMELERİ,ayakkabi imalathanesi,deforme malzeme + yapistirma,Ikitelli OSB,"İkitelli OSB, 4. Blok Aymakoop Sanayi Sitesi C-4 Blok,No:1, 34490 Başakşehir/İstanbul",41.0807339,28.789977399999998,(0212) 671 36 38,https://erenayakkabi.org/,4.6,8,Ayakkabı mağazası,0.85,0.895
ChIJRcmo_Q6lyhQRMJN4o29TW7Y,ERSA KUYUMCU MAKİNALARI,kuyumcu atolyesi,ince motor manipulasyon,Ikitelli OSB,"İkitelli OSB, Aykosan Sanayi Sitesi D:1/1 NO:185, 34490 Başakşehir/İstanbul",41.0731754,28.798350100000004,0530 527 79 52,http://www.ersa-makina.com/,5,2,,0.85,0.895
ChIJKQ9YFt65yhQRQh9_kgkvvW0,Elif İ.Doğan TAKI TASARIM ATÖLYESİ,kuyumcu atolyesi,ince motor manipulasyon,Ikitelli OSB,"Şahkulu, Kumbaracı Yokuşu Sok. 31A, 34421 Beyoğlu/İstanbul",41.0281757,28.9771104,0532 385 90 87,http://www.elifdoganjewelry.com/,4.5,6,Kuyumcu,0.85,0.895
ChIJfaQH54-lyhQRN0M2MIeUaz4,Erkan Makina - Ayakkabı Çanta Deri Makineleri İmalatı ve Satışı,ayakkabi imalathanesi,deforme malzeme + yapistirma,Ikitelli OSB,"Aykosan Sanayi Sitesi, 6’lı C Blok, No:27 Başakşehir, İkitelli OSB, 34306 İkitelli/İstanbul",41.0714235,28.8002221,0506 110 00 10,http://www.alierkanmakina.com/,4.2,31,,0.85,0.895
ChIJ_____4OlyhQRAe2eBqCI5CM,Escarita shoes deri ayakkabı imalatı,ayakkabi imalathanesi,deforme malzeme + yapistirma,Ikitelli OSB,"Aykosan Industrial Site Six Block, F-135, İkitelli OSB, 34100 Başakşehir/İstanbul",41.0735957,28.807270600000003,0531 669 89 83,http://escarita.com/,4.9,32,Ayakkabı mağazası,0.85,0.895
ChIJ____j26vyhQRS1mhln6QKSI,Esefoğlu Altın Kırtasiye Ltd. Şti.,kuyumcu atolyesi,ince motor manipulasyon,Ikitelli OSB,"Imsan Sanayı Sıtesı, Küçükçekmece İkitelli OSB, A Blk. No:4, 34307 Küçükçekmece/İstanbul",41.0620756,28.786739400000002,(0212) 693 50 81,https://www.esefoglu.com/,4,1316,Mağaza,0.85,0.895
ChIJOX87LY-lyhQRvxLEQ2y3Sy8,Etkin Medikal - Ortopedik Ayakkabı & Ameliyathane Sabo Terlik Üretim Merkezi,ayakkabi imalathanesi,deforme malzeme + yapistirma,Ikitelli OSB,"İkitelli Osb Mah. Aykosan 6 Lı E Blok Sk. 6\'lı E Blok No: 1 E İç Kapı No: 112, İkitelli OSB, 34490 Başakşehir/İstanbul",41.0717587,28.7978725,(0212) 671 20 21,https://www.etkinmedikal.com/,4.9,275,Ayakkabı mağazası,0.85,0.895
ChIJe4E63devyhQRg2TcGnxCxWA,Gülçay Ramat,kuyumcu atolyesi,ince motor manipulasyon,Ikitelli OSB,"İkitelli Osb. Mah, İkitelli OSB, Çevre Sanayi Sitesi 3. Blok No:25, 34490 Başakşehir/İstanbul",41.0944589,28.7949988,0532 207 47 08,https://gulcayramat.com/,4.3,11,Kuyumcu,0.85,0.895
ChIJqSi02wvHyhQREhqDEbBUOyI,Hrn Diamond Kuyumculuk,kuyumcu atolyesi,ince motor manipulasyon,Ikitelli OSB,"Bağdat Caddesi, Caddebostan, Köşk Sk. Yeşilpalas apt D:6/14, 34728 Kadıköy/İstanbul",40.964701,29.0746,(0216) 369 79 99,http://www.hrndiamond.com/,5,566,Kuyumcu,0.85,0.895
ChIJT_TqHofIyhQRAK69iLEG5FU,Kamil kuyumculuk,kuyumcu atolyesi,ince motor manipulasyon,Ikitelli OSB,"Mustafa Kemal, 3001. Cd. no:45/a, 34750 Ataşehir/İstanbul",41.005169699999996,29.095316800000003,(0216) 472 03 04,https://www.kamilkuyumculuk.com.tr/,4.9,410,Üretici,0.85,0.895
ChIJUWyaMf_IyhQRgtNE6yza-XY,Kuyumcu Tamircisi Cevdet Sunay Usta,kuyumcu atolyesi,ince motor manipulasyon,Ikitelli OSB,"GAFFAREFENDİ SOK NO:5 DUK:12, Atatürk, 15 TEMMUZ MEYDAN KARŞISINDA, 34764 Ümraniye/İstanbul",41.02463100000001,29.092117,0539 326 35 63,http://www.kuyumcutamircisi.net/,4.7,30,Kuyumcu,0.85,0.895
ChIJVd9jtHG5yhQRrxKUgi_Dym4,Kuyumcu Üretim Atölyesi,kuyumcu atolyesi,ince motor manipulasyon,Ikitelli OSB,"Kuyumcu Üretim Atölyesi, Nişanca, Havuzlu Külhan Sk. No: 6, 34130 Fatih/İstanbul",41.0072512,28.959812399999997,0543 863 41 25,https://www.kuyumcuuretimatolyesi.com/,5,1,Kuyumcu,0.85,0.895
ChIJjR1_ZwukyhQRV7MTZnO3OV8,MFS Shoes Factory /MFS Обувная фабрика / MFS Ayakkabı,ayakkabi imalathanesi,deforme malzeme + yapistirma,Ikitelli OSB,"Ikıtelli OSB, Aykosan San. Sit 4'lu A Blok, Floor:4 No:, İkitelli OSB, D:254, 34490 Başakşehir/İstanbul",41.0719347,28.7969008,(0212) 424 25 74,http://www.mfsshoes.com/,5,5,Üretici,0.85,0.895
ChIJ-yfbD0avyhQRqjNErapdHjc,Moonlight Kampre,ayakkabi imalathanesi,deforme malzeme + yapistirma,Ikitelli OSB,"İ.O.S.B, İkitelli OSB, C3 Blok Aymakoop San. Sit C-5 BLOK NO:33, 34490 Başakşehir/İstanbul",41.0979095,28.7951713,0539 566 26 17,https://www.moonlightkampre.com/iletisim,5,26,Üretici,0.85,0.895
ChIJeW8lDFGlyhQR6vKmGVqF6a8,NZM Etiket,ayakkabi imalathanesi,deforme malzeme + yapistirma,Ikitelli OSB,"Ikitelli OSB . Demirciler sanayi sitesi, İkitelli OSB, B4 Blok 93B, 34490 Başakşehir/İstanbul",41.0666656,28.806003399999998,0531 883 46 81,https://instagram.com/nzm.etiket?igshid=ZDdkNTZiNTM=,5,4,Üretici,0.85,0.895
ChIJp2zZ9pGlyhQRzL3cbMo65iI,New Diamond Shoes Ayakkabı imalaatı,ayakkabi imalathanesi,deforme malzeme + yapistirma,Ikitelli OSB,"İkitelli OSB Başakşehir Ziyagökalp Mahallesi Aykosan Sanayi Sitesi 4'lu C Blok No: 144-145, İkitelli OSB, 34490 Küçükçekmece/İstanbul",41.071070999999996,28.796245300000002,(0212) 458 32 54,http://www.newdiamond.com.tr/,5,6,Ayakkabı mağazası,0.85,0.895
ChIJp2Y8gSO7yhQRf3u2gW6mFIA,Nokta Taban,ayakkabi imalathanesi,deforme malzeme + yapistirma,Ikitelli OSB,"İkitelli OSB Aykosan Sanayi Sitesi Dörtlü A Blok, Başakşehir, Kat:3 No:243 Başakşehir/İstanbul, İkitelli OSB, 34490 Başakşehir/İstanbul",41.0716594,28.7968507,(0212) 637 54 40,http://www.noktataban.com/,5,27,Ayakkabı mağazası,0.85,0.895
ChIJo-wmCI6lyhQRHC4mwir9iXk,Oggi Shoes Polat Ayakkabı Ltd. Şti,ayakkabi imalathanesi,deforme malzeme + yapistirma,Ikitelli OSB,"İkitelli Organize Sanayi Bölgesi Aykosan Sanayi Sitesi 2. Kısım 7-C blok No: 1 İkitelli Organize Sanayi Bölgesi Aykosan Sanayi Sitesi 2. Kısım 7-C blok No: 1, İkitelli OSB, 34306 Başakşehir/İstanbul",41.0728005,28.7956072,(0212) 671 61 60,http://www.oggishoes.com/,3.3,6,Üretici,0.85,0.895
ChIJyT2Z3UbJyhQR6g2hLg5DFsU,Onur Kuyumculuk,kuyumcu atolyesi,ince motor manipulasyon,Ikitelli OSB,"Bulgurlu, Bulgurlu Cd. No:150/A, 34000 Üsküdar/İstanbul",41.0186229,29.0805824,0535 252 62 32,https://www.google.com/url?sa=t&source=web&rct=j&url=https://www.instagram.com/onur.kuyumculuk/&ved=2ahUKEwiktq6b4r7vAhX0A2MBHdXADBgQFjAFegQIBRAC&usg=AOvVaw1WPah3H5lxNTcByFdX569j,4.8,71,Kuyumcu,0.85,0.895
ChIJz1syEN66yhQRSP1OPy7YDUg,Prestij Ayakkabı Makinaları Malzeme Ve Ekipmanları San. ve Tic. Ltd. Şti,ayakkabi imalathanesi,deforme malzeme + yapistirma,Ikitelli OSB,"İkitelli OSB, Aykosan Sanayi Sitesi No:8, 34490 Başakşehir/İstanbul",41.0699627,28.795830600000002,(0212) 644 93 30,http://www.prestijmakina.com/,4.4,7,,0.85,0.895
ChIJ2ztvPgqlyhQRsIuldYl3zx8,Sailors Ayakkabı,ayakkabi imalathanesi,deforme malzeme + yapistirma,Ikitelli OSB,"İkitelli OSB, Aymakoop Sanayi Sitesi A7 Blok No 22:23 Kat:2, 34000 Başakşehir/İstanbul",41.0793949,28.792281000000003,0506 127 59 59,http://www.sailorsayakkabi.com/,5,19,Ayakkabı mağazası,0.85,0.895
ChIJL_xyGI25yhQRXHITz9esXdo,Spark Atölye,kuyumcu atolyesi,ince motor manipulasyon,Ikitelli OSB,"Caferağa, Gülşen Sk. Nergis Apt No:5/A D:1, 34710 Kadıköy/İstanbul",40.9852065,29.031253099999997,0535 625 95 77,https://www.sparkatolye.com/,5,12,Kuyumcu,0.85,0.895
ChIJMSChBg7Hs4IR59ijS_1c41I,Tulysh Cam Atölyesi,kuyumcu atolyesi,ince motor manipulasyon,Ikitelli OSB,"Atakent, Selçuklu Cd Mesa B2 Blok, 34307 Küçükçekmece/İstanbul",41.043347600000004,28.793175200000004,0532 528 33 01,https://tulysh.com/,5,34,,0.85,0.895
ChIJSWkaJTDIyhQRHfjdk6nl0ag,Yağmur Kuyumculuk,kuyumcu atolyesi,ince motor manipulasyon,Ikitelli OSB,"Çengelköy Güzeltepe mh. Bosna Bulvarı Nato Yolu, Güzeltepe, No:139 D:1, 34680 Üsküdar/İstanbul",41.0487241,29.0762058,(0216) 308 20 93,https://www.instagram.com/yagmur_kuyumculuk/,5,415,Kuyumcu,0.85,0.895
ChIJy4bGogbJyhQRkDlO0Plw6OI,Zarif gold imitasyon,kuyumcu atolyesi,ince motor manipulasyon,Ikitelli OSB,"Atatürk, Sütçü İmam Cd. No:65, 34762 Ümraniye/İstanbul",41.0240606,29.0900691,0538 938 44 51,http://www.zarifgold.com/,4,114,Mağaza,0.85,0.895
ChIJoXi3COO5yhQR7y6usiUm5pI,ÖZİŞ KUYUMCULUK & MÜCEVHERAT,kuyumcu atolyesi,ince motor manipulasyon,Ikitelli OSB,"Osmanağa, Söğütlüçeşme Cad. Küçük Çarşı Kuyumcuları İş Merkezi No:9/23, 34714 Kadıköy/İstanbul",40.9912353,29.0255466,0555 790 30 00,http://www.oziskuyumculuk.com/,4.8,206,Kuyumcu,0.85,0.895
ChIJeWgaf_rIyhQRpEA1LVpw0dk,Üçel Kuyumculuk,kuyumcu atolyesi,ince motor manipulasyon,Ikitelli OSB,"Yamanevler, Küçüksu Cd. No:2, 34768 Ümraniye/İstanbul",41.025144,29.100534000000003,(0216) 443 30 82,http://www.ucelkuyumculuk.com.tr/,4.6,312,Kuyumcu,0.85,0.895
ChIJN6riTwWlyhQRnGaf2C4emjo,İYİ TABAN FABRİKA,ayakkabi imalathanesi,deforme malzeme + yapistirma,Ikitelli OSB,"İkitelli OSB Mah. Aykosan 2.Kısım 6B Blok Sk, İkitelli OSB, Aykosan Sanayi Sitesi D:6B Blok No. 1/1, 34490 Başakşehir/İstanbul",41.0717912,28.799668099999998,(0212) 890 15 59,http://www.iyitaban.com/,5,2,Ayakkabı mağazası,0.85,0.895
ChIJ73yuSI6lyhQRamFL_13pyNk,İlhan Esen Ayakkabı Deri ve Deri Mam Tic San Ltd Şti,ayakkabi imalathanesi,deforme malzeme + yapistirma,Ikitelli OSB,"AYKOSAN Ayakkabıcılar Sitesi 6’lı B Blok No:38 İkitelli, İkitelli OSB, 34490 Başakşehir/İstanbul",41.072292999999995,28.799388800000003,(0212) 549 78 90,http://www.ilhanesen.com/,4.9,13,Ayakkabı mağazası,0.85,0.895
ChIJ0eNJXfSlyhQRsn7Tx50SOuk,Aymakoop Ayakkabıcılar Sitesi,ayakkabi imalathanesi,deforme malzeme + yapistirma,Merter,"İkitelli OSB, Aymakoop Ayakkabıcılar Sitesi Sosyal Tesis A BLOK Kat:2 No: 20, 34490 İkitelli Organize Sanayi Bölgesi Mahallesi/Başakşehir/İstanbul",41.0793724,28.7898418,(0212) 549 56 60,https://www.aymakoop.com.tr/,3.9,2264,Üretici,0.85,0.895
ChIJVRpwcom3yhQRKhFCW5k9PIM,Aşina Gümüş,kuyumcu atolyesi,ince motor manipulasyon,Merter,"Mimarsinan Mahallesi, Hakimiyeti Milliye Cad. Kuyumcular Çarşısı No:30 D:63, Aziz Mahmut Hüdayi, 34672 Üsküdar/İstanbul",41.0238899,29.015359900000004,(0216) 341 18 38,http://www.asinagumus.com/,4.8,21,Kuyumcu,0.85,0.895
ChIJn-wXZx-7yhQR1Nm17jNIGWc,Beyoğlu Ayakkabı Sanayi ve Ticaret Ltd. Şti.,ayakkabi imalathanesi,deforme malzeme + yapistirma,Merter,"Mehmet Nesih Özmen Mh Fatih Cd. & Uzun Sokak Aydın Han Merter No:18, Mehmet Nesih Özmen, 34173 Güngören/İstanbul",41.0168695,28.8836616,0536 543 03 59,http://www.beyogluayakkabi.com.tr/,4.3,59,Ayakkabı mağazası,0.85,0.895
ChIJ7129ZD9FtRQRqUEVlQie0HE,Birol Kuyumculuk,kuyumcu atolyesi,ince motor manipulasyon,Merter,"Ferhatpaşa Mah.Tevfik Erdönmez Cad.Ortaklar İş Hanı, No:5C Çatalca Vergi Dairesi Karşısı, Ferhatpaşa, 34540 Çatalca/İstanbul",41.1432232,28.459453699999997,(0212) 789 41 44,https://birolkuyumculuk.com/,5,32,Üretici,0.85,0.895
ChIJK80CXI67yhQRXo0fZ79c5yw,DeRa Ayakkabı Taban San.Tic.Ltd.Şti..,ayakkabi imalathanesi,deforme malzeme + yapistirma,Merter,"Sanayi, Vehbibey Sok. 24-26 Kat 2, 34165 Güngören/İstanbul",41.0202907,28.8812854,0552 544 70 37,http://www.derataban.com/,5,13,Ayakkabı mağazası,0.85,0.895
ChIJ1QfV9Ri7yhQRlGqao1t4rCo,Divino Shoes,ayakkabi imalathanesi,deforme malzeme + yapistirma,Merter,"Sanayi mahallesi Öznur sokak, Sanayi, Kale Sk. iş merkezi No1 D:4 Kat 2, 34165 Güngören/İstanbul",41.02277,28.881383000000003,(0212) 637 50 78,http://www.divinoshoes.com/,4.5,19,Üretici,0.85,0.895
ChIJHcrL31u5yhQRcrFY7rzAp-4,Emniyet Kuyumculuk,kuyumcu atolyesi,ince motor manipulasyon,Merter,"Kuyumcular caddesi, Beyazıt, Kapalıçarşı No:7/9, 34126 Fatih/İstanbul",41.010551799999995,28.9689538,(0212) 527 02 05,http://www.emniyetkuyumculuk.com/,4.6,19,Kuyumcu,0.85,0.895
ChIJ44sIMp67yhQRef33vOGkGqA,Ezgi Kuyumculuk,kuyumcu atolyesi,ince motor manipulasyon,Merter,"Gökalp, 58. Bulvar Cd. 45/A, 34760 Zeytinburnu/İstanbul",40.991624699999996,28.903960699999995,(0212) 510 74 11,https://cengizaydemir2001.wixsite.com/ezgi,5,17,Kuyumcu,0.85,0.895
ChIJI367Yw-7yhQRS5VlF7PJWRI,Gold Center Merter,kuyumcu atolyesi,ince motor manipulasyon,Merter,"MEHMET NESİH ÖZMEN MAH. NAR SK, Mehmet Nesih Özmen, Merter Sok. NO: 7, 34173 Güngören/İstanbul",41.0109493,28.8897814,0507 328 28 66,http://www.goldcentermerter.com/,5,1,Pazar,0.85,0.895
ChIJ6bci8jC7yhQRhP5PIm_4-sE,KARAGÖZ KUYUMCULUK,kuyumcu atolyesi,ince motor manipulasyon,Merter,"Haznedar, Kınalı Cd. No:46/C, 34160 Güngören/İstanbul",41.0121353,28.869600499999997,0532 748 00 62,https://www.instagram.com/kuyumcukaragoz,3.9,31,Kuyumcu,0.85,0.895
ChIJZ9emXh-7yhQRCVShvKMRNwI,Label Kuyumculuk,kuyumcu atolyesi,ince motor manipulasyon,Merter,"Merter Keresteciler Sitesi, Mehmet Nesih Özmen, Kasım Sok. D:4, 34173 Güngören/İstanbul",41.0083214,28.882757299999994,(0212) 505 59 89,http://www.labeljewellery.com/,4.7,26,Kuyumcu,0.85,0.895
ChIJpVDTr-y5yhQRmWNOoM57LAc,Manolya Bijuteri,kuyumcu atolyesi,ince motor manipulasyon,Merter,"Tahtakale, Tahtakale Cd. Güvener İş Hanı No:14 iç kapı:6/B, 34116 Fatih/İstanbul",41.0159995,28.9694076,(0212) 511 31 76,http://www.manolyataki.com/,3.7,136,Mağaza,0.85,0.895
ChIJ4XaWb-i7yhQRKgh576Az7Ig,Mavi Kundura – Hakiki Deri El Yapımı ve Kişiye Özel Kösele Ayakkabılar,ayakkabi imalathanesi,deforme malzeme + yapistirma,Merter,"Sanayi, Aytaç Sk. No: 4 D:1, 34165 Güngören/İstanbul",41.0187597,28.881912199999995,0535 363 31 72,https://sites.google.com/view/mavi-shoes/ana-sayfa?authuser=0,4.8,21,Ayakkabı mağazası,0.85,0.895
ChIJC7Zx2cK7yhQR3FTCCRl9eJQ,Miranno shoes Merter Showroom,ayakkabi imalathanesi,deforme malzeme + yapistirma,Merter,"Mehmet Nesih Özmen, Merter Sok. Alaybey sok no:3/A D:34173, 34000 Güngören/İstanbul",41.009636799999996,28.886102899999997,0553 060 39 99,https://www.mirannoshoes.com/,5,10,Toptancı,0.85,0.895
ChIJAXCOVe3HyhQR4Tj_UlvE080,SEDEF KUYUMCULUK SAATÇİLİK VE TİCARET LİMİTED ŞİRKETİ,kuyumcu atolyesi,ince motor manipulasyon,Merter,"Dumlupınar, Mandıra Cd. No:200/B, 34720 Kadıköy/İstanbul",40.989906700000006,29.0617982,(0216) 693 00 00,http://www.sedefkuyumculuk.com/,4.7,377,Üretici,0.85,0.895
ChIJa5ZfjJy7yhQR-VxFj7Gqm_E,SOFİA BALDİ FABRİKA,ayakkabi imalathanesi,deforme malzeme + yapistirma,Merter,"Gençosman, Bostan Sokak No.1, 34173 Güngören/İstanbul",41.0269871,28.8822931,(0212) 642 23 33,http://www.sofiabaldi.com/,3.9,22,Ayakkabı mağazası,0.85,0.895
ChIJeZrDVT67yhQRSt53hScdg3I,Serkan Yalgı,ayakkabi imalathanesi,deforme malzeme + yapistirma,Merter,"Sancaktepe Sanayi Mahallesi Ferah Sokak Özkan İş Merkezi No: 8 Kat: 3, Sanayi, 34165 Güngören/İstanbul",41.0191734,28.8856907,(0212) 637 70 12,https://www.serkanyalgi.com/,4.4,14,Ayakkabı mağazası,0.85,0.895
ChIJTTbu1R67yhQRDT_Qz8OylLA,Server Ayakkabı San ve Tic. Ltd. Şti.,ayakkabi imalathanesi,deforme malzeme + yapistirma,Merter,"Sanayi Mah. Çavuşoğlu sk, Mehmet Nesih Özmen, Merter Sok. No:26/B, 34173 Güngören/İstanbul",41.0152723,28.885963099999998,(0212) 637 90 80,http://shesayakkabi.com/,,,Üretici,0.85,0.895
ChIJ_9_34Si7yhQRl2U7gwjDJP4,Sis Ayakkabı,ayakkabi imalathanesi,deforme malzeme + yapistirma,Merter,"No:, Mehmet Nesih Özmen, Fatih Cd. No:17, 34173 Güngören/İstanbul",41.013551,28.8828951,(0212) 637 78 65,http://www.sisayakkabi.com.tr/,4.5,2,Üretici,0.85,0.895
ChIJ-eTLSTuuyhQRAgES5sdN76A,Toom ayakkabı imalat & toptan satış,ayakkabi imalathanesi,deforme malzeme + yapistirma,Merter,"Malkoçoğlu, Zafer Cd. no:56 kat:4, 34270 Sultangazi/İstanbul",41.1175321,28.848832899999998,0546 617 59 63,https://www.facebook.com/profile.php?id=100046555956985,4.6,10,Üretici,0.85,0.895
ChIJGQcO2pC5yhQRjd_MkEbnJLc,Toptan Ayakkabı Satış Merkezi Toptancımburada.com İstanbul Gedikpaşa,ayakkabi imalathanesi,deforme malzeme + yapistirma,Merter,"Emin Sinan, Pertevpaşa Sok. No:9, 34126 Fatih/İstanbul",41.0080032,28.9697116,0505 994 56 77,https://www.toptancimburada.com/,4.9,122,Toptancı,0.85,0.895
ChIJX-7jXZGwyhQRWRLNeAqb9YY,Ulusoy Spor,ayakkabi imalathanesi,deforme malzeme + yapistirma,Merter,"Mimar Hayrettin Mahallesi No: 17/B, Mimar Hayrettin, D:C, 34126 Fatih/İstanbul",41.007509999999996,28.968345399999997,(0212) 516 19 70,http://www.ulusoyspor.com/,4.4,39,Toptancı,0.85,0.895
ChIJ3TaJROe6yhQRcxZcz_WORxA,Ustasan Ayakkabı Taban San. ve Tic. Ltd. Şti.,ayakkabi imalathanesi,deforme malzeme + yapistirma,Merter,"Sanayi, Org. Eşref Bitlis Cd. No:29 Kat:2, 34165 Güngören/İstanbul",41.025655,28.883853,(0212) 507 73 36,http://www.ustasan.com.tr/,4.3,6,Üretici,0.85,0.895
ChIJhQ_50JC5yhQRengPOkpVGSg,Yavuzlar Ayakkabıcılık,ayakkabi imalathanesi,deforme malzeme + yapistirma,Merter,"Emin Sinan, Pertevpaşa Sok. No:1, 34126 Fatih/İstanbul",41.008024,28.969358999999994,(0212) 516 69 69,https://www.ayakkabingo.com/,4.6,17,Ayakkabı mağazası,0.85,0.895
ChIJF62pZTvPyhQR5FUPJv9ddVg,Abba Mobilya Proje Tasarım Dekorasyon Sanayi ve Ticaret Limited Şirketi,ayakkabi imalathanesi,deforme malzeme + yapistirma,Modoko Umraniye,"Yukarı Dudullu, 3. Cd. Mobilyacılar Sitesi No:216, 34775 Ümraniye/İstanbul",41.009185099999996,29.1560469,0850 420 5717,https://www.abbamobilya.com/,4.5,44,Mobilya mağazası,0.85,0.895
ChIJPSclrkTHyhQRxtpDaZRZNGA,Adelya Kuyumculuk,kuyumcu atolyesi,ince motor manipulasyon,Modoko Umraniye,"Yamanevler, Alemdağ Cd No:155 D:a, 34768 Ümraniye/İstanbul",41.024920699999996,29.1016025,0533 599 73 00,https://adelyakuyumculuk.com.tr/,4.6,45,Kuyumcu,0.85,0.895
ChIJXwBAM_zOyhQR48a10skxff8,Altınbaş Metro Garden AVM,kuyumcu atolyesi,ince motor manipulasyon,Modoko Umraniye,"NECİP FAZIL MAHALLESİ, Madenler, Alemdağ Cd. NO:3, 34773 Çekmeköy/İstanbul",41.015953599999996,29.1788269,(0216) 510 09 79,https://www.altinbas.com/magazalar/metro-garden-avm,3.6,119,Kuyumcu,0.85,0.895
ChIJy05sJyDPyhQRU8fT_RX2b48,Anadolu Kuyumculuk,kuyumcu atolyesi,ince motor manipulasyon,Modoko Umraniye,"Yukarı Dudullu, Alemdağ Cd No:828/E, 34775 Dudullu/Ümraniye/İstanbul",41.0148247,29.164214299999994,(0216) 415 53 23,https://iyifirma.com/anadolu-kuyumculuk-yukari-dudullu/,4.1,77,Kuyumcu,0.85,0.895
ChIJ24vUmTzPyhQRtWAJvnOc_l4,Belusso Mobilya Dekorasyon,ayakkabi imalathanesi,deforme malzeme + yapistirma,Modoko Umraniye,"Yukarı Dudullu, 3. Cd. Mobilyacılar Sitesi No:223, 34775 Ümraniye/İstanbul",41.008617699999995,29.1570309,(0216) 313 37 59,https://belusso.com.tr/,4.8,205,Mobilya mağazası,0.85,0.895
ChIJAXvpOwDPyhQRhq8L-G4ODgg,Bient Mobilya,ayakkabi imalathanesi,deforme malzeme + yapistirma,Modoko Umraniye,"Modoko Mobilyacılar Sitesi, 3, Cadde, Yukarı Dudullu, 4. Sk. No:129, 34775 Ümraniye/İstanbul",41.0068921,29.1596232,0544 693 66 06,http://www.bientmobilya.com/,4.9,142,Mobilya mağazası,0.85,0.895
ChIJkfenw9zOyhQRYEbzvsgBJjA,Bilezikci.com - Ümraniye,kuyumcu atolyesi,ince motor manipulasyon,Modoko Umraniye,"Huzur, Karadeniz Cd. No:54, 34773 Ümraniye/İstanbul",41.0278669,29.158250699999996,0552 150 07 01,http://www.bilezikci.com/,4.8,387,Kuyumcu,0.85,0.895
ChIJKY3U8Q7PyhQR_xwM_cRkpPo,Bosart Mobilya,ayakkabi imalathanesi,deforme malzeme + yapistirma,Modoko Umraniye,"Yukarı Dudullu, 3. Cd. Mobilyacılar Sitesi No:243, 34775 Ümraniye/İstanbul",41.0071595,29.160573399999997,0532 214 21 93,http://bosart.com.tr/,5,6,Mobilya mağazası,0.85,0.895
ChIJhWMTT_fIyhQRqp9zBB1MKRs,Celal Gültekin Outlet,ayakkabi imalathanesi,deforme malzeme + yapistirma,Modoko Umraniye,"Atatürk, Alemdağ Cd No:148, 34764 Ümraniye/İstanbul",41.0255578,29.0966527,(0216) 505 50 13,https://www.celalgultekin.com.tr/outlet,4,110,Ayakkabı mağazası,0.85,0.895
ChIJfZm3m8HPyhQRe6hvXWiAynE,Dekorick Tasarım,ayakkabi imalathanesi,deforme malzeme + yapistirma,Modoko Umraniye,"Natoyolu Cad, Altınşehir, Ateşpare Sk. No: 1 /A, 34775 Ümraniye/İstanbul",41.0153578,29.146922599999996,0543 528 52 53,http://www.dekorick.com/,4.9,164,Hizmetler,0.85,0.895
ChIJJ5e3XV3PyhQRES1HOaxqkTo,Demir Ayakkabı,ayakkabi imalathanesi,deforme malzeme + yapistirma,Modoko Umraniye,"Yeni Çamlıca, Dursunbey Cd. 50B, 34779 Ataşehir/İstanbul",40.988904399999996,29.162632399999996,(0216) 661 09 78,https://www.instagram.com/demirayakkab,4,22,Ayakkabı mağazası,0.85,0.895
ChIJBSe1TjDPyhQR1iloWsI9pZA,Demirbey Kuyumculuk,kuyumcu atolyesi,ince motor manipulasyon,Modoko Umraniye,"Yukarı Dudullu, Acısu Cd. No:47/A, 34775 Ümraniye/İstanbul",41.011103899999995,29.148375399999995,(0216) 313 97 90,https://iyifirma.com/demirbey-kuyumculuk/,3.5,19,Kuyumcu,0.85,0.895
ChIJS4I-uj3PyhQRTLkzOVTlAHo,Doğtaş Exclusive İstanbul Ümraniye-Modoko,ayakkabi imalathanesi,deforme malzeme + yapistirma,Modoko Umraniye,"Modoko, Yukarı Dudullu, 3. Cd. Mobilyacılar Sitesi 8. Sokak, 34775 Ümraniye/İstanbul",41.0083683,29.1571176,(0216) 504 28 13,https://www.dogtas.com/,2.2,295,Mobilya mağazası,0.85,0.895
ChIJ87Od8zzPyhQRcTa7b2VjzMs,Duayen Masa Sandalye,ayakkabi imalathanesi,deforme malzeme + yapistirma,Modoko Umraniye,"Modoko Sanayi Sit. 6. Sok. No:53, Yukarı Dudullu, 7. Sk. No:36, 34750 Ümraniye/İstanbul",41.007826699999995,29.157913100000002,0536 661 06 34,https://www.duayenmasasandalye.com/,4.4,44,Mobilya mağazası,0.85,0.895
ChIJ61b-0AzPyhQRxrpxf9-PCJs,ELANO LUXURY,ayakkabi imalathanesi,deforme malzeme + yapistirma,Modoko Umraniye,"Yukarı Dudullu 2. Cad. D:245/A, Yukarı Dudullu, 34775 Ümraniye/İstanbul",41.007017,29.161123,(0216) 364 20 07,http://www.elanomobilya.com.tr/,4.7,55,Mobilya mağazası,0.85,0.895
ChIJb_SRK_bIyhQRhAv_tNmPAlE,Emrah Kuyumcu,kuyumcu atolyesi,ince motor manipulasyon,Modoko Umraniye,"Atatürk, Alemdağ Cd No:102a, 34764 Ümraniye/İstanbul",41.025234999999995,29.0928781,(0216) 316 15 23,https://www.instagram.com/accounts/onetap/?next=%2F&hl=tr,3.9,71,Kuyumcu,0.85,0.895
ChIJlS5ONzvPyhQReFZYG0S24aM,Ercan Mobilya Aksesuarları ( DUDULLU ),kuyumcu atolyesi,ince motor manipulasyon,Modoko Umraniye,"Yukarı Dudullu, Nato Yolu Cd 184/C, 34775 Ümraniye/İstanbul",41.0101203,29.154241799999998,(0216) 466 02 32,https://www.ercanmobilya.com.tr/,4.5,154,Mobilya mağazası,0.85,0.895
ChIJMSc6DojJyhQRbT9GSqn-0q8,FORELLİ ÜMRANİYE FABRİKA SATIŞ MAĞAZASI,ayakkabi imalathanesi,deforme malzeme + yapistirma,Modoko Umraniye,"Atatürk, Gümüşdere Sk. No:3/A, 34764 Ümraniye/İstanbul",41.0271227,29.095579299999997,(0216) 316 18 32,https://www.forelli.com.tr/,4.1,40,Ayakkabı mağazası,0.85,0.895
ChIJffuLxk3JyhQRX5MC12nlT9E,Fatih Kuyumcu,kuyumcu atolyesi,ince motor manipulasyon,Modoko Umraniye,"Atatürk, Gaffarefendi Sk. 5 B, 34766 Ümraniye/İstanbul",41.024609,29.092119999999994,(0216) 443 42 33,https://www.fatihkuyumcu.com.tr/,4.7,18,Kuyumcu,0.85,0.895
ChIJOSaBNRjPyhQRibwOF7mFwYQ,Gezer Ayakkabı Dudullu Fabrika Satış Mağazası,ayakkabi imalathanesi,deforme malzeme + yapistirma,Modoko Umraniye,"ESENŞEHİR MAH. CENGİZHAN SK. NO:18 DUDULLU, Esenşehir, 34000 Ümraniye/İstanbul",41.0089517,29.164949799999995,0542 527 72 48,https://gezer.com/,4.6,28,Ayakkabı mağazası,0.85,0.895
ChIJZ4gmXDzPyhQRDAXaDvLMS3c,Homelli,ayakkabi imalathanesi,deforme malzeme + yapistirma,Modoko Umraniye,"Yukarı Dudullu, 5. Cd. No:92, 34775 Ümraniye/İstanbul",41.0063524,29.157516399999995,0533 955 40 84,https://www.homelli.com.tr/,4.9,130,Mobilya mağazası,0.85,0.895
ChIJIU6ocTzPyhQR2he0F7ITm88,Kargün Home,ayakkabi imalathanesi,deforme malzeme + yapistirma,Modoko Umraniye,"Yukarı Dudullu, 5. Cd. Mobilyacılar Sitesi No:200, 34775 Dudullu/Ümraniye/İstanbul",41.007028,29.156948,(0216) 364 20 03,http://www.kargunhome.com/,4.2,27,Mobilya mağazası,0.85,0.895
ChIJK8aJeTvPyhQR40S4_TCzqYU,Kulis (HQ),ayakkabi imalathanesi,deforme malzeme + yapistirma,Modoko Umraniye,"Yukarı Dudullu, Uğur Sk. no:58, 34775 Ümraniye/İstanbul",41.0054223,29.1507852,0532 413 69 10,http://kulis.com.tr/,4.1,32,Genel İnşaat İşleri Firması,0.85,0.895
ChIJq9S_vdrHyhQRVLUt6AsrNVE,Kuyumcu Ahmet,kuyumcu atolyesi,ince motor manipulasyon,Modoko Umraniye,"Örnek, Şht. Cahar Dudayev Cd. 50/A, 34704 Ataşehir/İstanbul",40.995362899999996,29.0799126,0533 229 41 10,http://www.kuyumcuahmet.com/,4.6,94,Kuyumcu,0.85,0.895
ChIJ7Z1mr_fIyhQRwMArun5ZZZs,Marjin,ayakkabi imalathanesi,deforme malzeme + yapistirma,Modoko Umraniye,"Atatürk, Alemdağ Cd 126 D, 34764 Ümraniye/İstanbul",41.025424799999996,29.094967099999998,(0216) 316 94 79,http://www.marjin.com.tr/,3.7,327,Ayakkabı mağazası,0.85,0.895
ChIJb67ykljIyhQRkhOdVRNz5R0,Melik Kuyumculuk,kuyumcu atolyesi,ince motor manipulasyon,Modoko Umraniye,"Atatürk, Alemdağ Cd No:102, 34764 Ümraniye/İstanbul",41.0252276,29.0928873,(0216) 329 57 15,http://www.firmasec.com/firma/fzkcdk-melik-kuyumculuk/,4.4,55,Kuyumcu,0.85,0.895
ChIJJ0UMW83IyhQR_JEbs62De8M,Piltan Kundura,ayakkabi imalathanesi,deforme malzeme + yapistirma,Modoko Umraniye,"Yukarı Dudullu, Doğanevler Cd. No:29, 34775 Ümraniye/Istanbul - Asia",41.0145917,29.138176200000004,(0216) 364 12 18,http://www.firmasec.com/firma/mdmtry-piltan-kundura/,3,5,Ayakkabı mağazası,0.85,0.895
ChIJq3flVgDJyhQRNVZb-Se_Ixg,Süleyman Çolak Kuyumculuk,kuyumcu atolyesi,ince motor manipulasyon,Modoko Umraniye,"Yamanevler, Alemdağ Cd Bölükbaşı İş Merkezi, 34768 Ümraniye/İstanbul",41.025296,29.100334699999998,(0216) 335 93 37,https://www.instagram.com/suleyman.kuyumculuk?igsh=MTFwemExbDlxejRxaw%3D%3D&utm_source=qr,5,110,Kuyumcu,0.85,0.895
ChIJi1VnJ-fJyhQRIXnoULaOgDI,UZMAN LOSTRA,ayakkabi imalathanesi,deforme malzeme + yapistirma,Modoko Umraniye,"Çamlık, İkbal Cd No:128, 34764 Ümraniye/İstanbul",41.0044719,29.124399300000004,0535 284 34 71,https://www.umraniyeayakkabitamircisi.com.tr/,4.7,74,Hizmetler,0.85,0.895
ChIJqTNOhgPJyhQRIkkAM9j8umo,Çağ Kuyumcu,kuyumcu atolyesi,ince motor manipulasyon,Modoko Umraniye,"Kazım Karabekir, Özyavuz Cd. No:1, 34764 Ümraniye/İstanbul",41.039207,29.100707200000002,(0216) 631 19 53,https://instagram.com/cag.kuyumculuk?igshid=YmMyMTA2M2Y=,4.5,48,Kuyumcu,0.85,0.895
ChIJG1ok3h_PyhQRKs8Op5IESUg,Çilek Konsept Ihlamurkuyu,kuyumcu atolyesi,ince motor manipulasyon,Modoko Umraniye,"Cemil Meriç Mahallesi, Ihlamurkuyu, Alemdağ Cd Kızılırmak İş Hanı No:281/C, B Blok, 34771 Ümraniye/İstanbul",41.0164056,29.1432596,0530 259 70 60,https://www.cilekkonsept.com/,4.5,30,Kuyumcu,0.85,0.895
ChIJOz9Z5o23yhQRVFT8EzG19cI,AYNAZ Kuyumculuk Pırlanta Mağazaları 1983,kuyumcu atolyesi,ince motor manipulasyon,Osmanbey Sisli,"Merkez, Halaskargazi Cd., 34384 Şişli/İstanbul",41.0571153,28.986621699999997,(0212) 247 30 29,http://www.aynazkuyumculuk.com/,5,54,Kuyumcu,0.85,0.895
ChIJF4NVPYG3yhQRFli4UjBMB4o,Ahsem Kaya Atölye /Takı Tasarım ve Kuyumculuk Eğitimleri,kuyumcu atolyesi,ince motor manipulasyon,Osmanbey Sisli,"Fulya, Ortaklar Cd. No:46 D:1, 34394 Şişli/İstanbul",41.0621144,28.9975396,0532 709 16 28,http://www.ahsemkaya.com/,4.8,17,,0.85,0.895
ChIJ18tJZBC3yhQR7AO4vAG6bXw,Akceylan Gümüş Evi,kuyumcu atolyesi,ince motor manipulasyon,Osmanbey Sisli,"Cumhuriyet, Abide-i Hürriyet Cd 37a, 34365 Şişli/İstanbul",41.056438,28.985277,(0212) 240 75 20,http://www.akceylan.com.tr/,4.7,56,Kuyumcu,0.85,0.895
ChIJJZ8IVMm3yhQRn5Sc4MiysXk,Atelier Tana,ayakkabi imalathanesi,deforme malzeme + yapistirma,Osmanbey Sisli,"Duatepe, Kuyulubağ Sk. No:1, 34379 Şişli/İstanbul",41.0531675,28.982455599999998,0507 012 82 92,http://www.ateliertana.com/,4.9,91,Üretici,0.85,0.895
ChIJece6Sxu3yhQRV2MkVMGWYss,Ayakkabı Dünyası,ayakkabi imalathanesi,deforme malzeme + yapistirma,Osmanbey Sisli,"19 Mayıs, Büyükdere Cd. 136/22, 34100 Şişli/İstanbul",41.0624234,28.992042999999995,(0212) 824 00 65,https://www.ayakkabidunyasi.com.tr/,3.6,481,Ayakkabı mağazası,0.85,0.895
ChIJZ2iUKWG3yhQRcJyMfUqhtE8,Ayar Kundura - Hakiki Deriden El Yapımı Kişiye Özel Ismarlama Kösele Ayakkabı ve Ayakkabı Tasarımcısı,ayakkabi imalathanesi,deforme malzeme + yapistirma,Osmanbey Sisli,"Hüseyinağa, Küçük Bayram Sk. NO:24, 34435 Beyoğlu/İstanbul",41.035537399999996,28.979044199999997,0535 212 51 16,https://www.ayarkundura.com/,4.5,29,Ayakkabı mağazası,0.85,0.895
ChIJV3h6nVa3yhQRyPVw02pdI9g,BARBAROS DİAMOND KUYUMCULUK,kuyumcu atolyesi,ince motor manipulasyon,Osmanbey Sisli,"Türkali, Ihlamurdere Cd. 53/A, 34353 Beşiktaş/İstanbul",41.0453569,29.0029325,0532 327 54 20,http://www.barbaroskuyumculuk.com.tr/,4.9,76,Kuyumcu,0.85,0.895
ChIJ34QrkKO3yhQRgkoETyeBs2c,BAROK DİAMOND - Nişantaşı,kuyumcu atolyesi,ince motor manipulasyon,Osmanbey Sisli,"Teşvikiye, Teşvikiye Cd. No:16 A, 34381 Şişli/İstanbul",41.0512352,28.992319,(0212) 232 00 20,https://www.barokdiamond.com/,5,248,Kuyumcu,0.85,0.895
ChIJG_D8ojilyhQReeJ15bTHrxU,BASKETHANE ÜRETİM ATÖLYESİ,ayakkabi imalathanesi,deforme malzeme + yapistirma,Osmanbey Sisli,"İzzet Paşa, Deniz Gülü Sk. NO:3/1, 34381 Şişli/İstanbul",41.0679251,28.987766099999998,0532 492 50 80,http://www.baskethane.com.tr/,3.5,33,Spor mağazası,0.85,0.895
ChIJbYmRTxC3yhQRzXMnXmFDp7I,BUFU,ayakkabi imalathanesi,deforme malzeme + yapistirma,Osmanbey Sisli,"BAHADIR APT, Halide Edip Adıvar, Kutlubey Sk. NO: 5 C, 34384 Şişli/İstanbul",41.0608607,28.976609500000002,0535 385 30 30,https://www.bufu.com.tr/,5,1,Üretici,0.85,0.895
ChIJ1yr5rnG3yhQRNm15B5xy5WQ,Burcu Gümüş,kuyumcu atolyesi,ince motor manipulasyon,Osmanbey Sisli,"Teşvikiye Cad. Hak Pasajı No: 22b/36, Teşvikiye, 34365 Şişli/İstanbul",41.0517331,28.9924066,(0212) 234 02 19,http://burcugumustr.com/,5,2,Kuyumcu,0.85,0.895
ChIJtzHyEmS2yhQROz7KwtW0Kss,CNG JEWELS - ÖZDİLEKPARK AVM,kuyumcu atolyesi,ince motor manipulasyon,Osmanbey Sisli,"ÖzdilekPark İstanbul, Esentepe, Eski Büyükdere Cd. No:181, 34394 Şişli/İstanbul",41.077385199999995,29.011755299999994,0555 961 08 05,https://www.cngjewels.com/,4.5,35,Kuyumcu,0.85,0.895
ChIJW7Ls9V-3yhQRVgOQ3bikB9Q,Cafe Pont,kuyumcu atolyesi,ince motor manipulasyon,Osmanbey Sisli,"Kuyumcu İrfan Sokak, Harbiye, Nişantaşı Residence No:8/10B, 34371 Şişli/İstanbul",41.05136040000001,28.990121700000003,0532 409 08 61,https://cafepont.com/,5,36,Kafe,0.85,0.895
ChIJ2-clqRS3yhQR1YJxNOVxU7c,Cancik Kuyumculuk,kuyumcu atolyesi,ince motor manipulasyon,Osmanbey Sisli,"Duatepe, Kurtuluş Cd. No:32, 34379 Şişli/İstanbul - Avrupa",41.0516207,28.983501,(0212) 231 34 19,http://www.firmasec.com/firma/mdfccf-cancik-kuyumculuk/,4.2,82,Kuyumcu,0.85,0.895
ChIJx00U4KC3yhQRdK9muTAgKk8,DERİCLUB,ayakkabi imalathanesi,deforme malzeme + yapistirma,Osmanbey Sisli,"MEŞRUTİYET MH. VALİ KONAĞI CD. HACI MANSUR SK. E.E APT. NO:4/A, Meşrutiyet, 34363 Şişli/İstanbul",41.0526944,28.992133300000003,0506 789 17 63,https://dericlub.com/,4.5,27,Mağaza,0.85,0.895
ChIJhXDFXf62yhQRd6-UcKMXWvU,ESİN KUYUMCULUK,kuyumcu atolyesi,ince motor manipulasyon,Osmanbey Sisli,"Fulya, Ortaklar Cd. No:3/1, 34394 Şişli/İstanbul",41.0655698,28.995765099999996,(0212) 275 77 87,https://instagram.com/esinkuyumculuk?igshid=YmMyMTA2M2Y=,4.2,113,Kuyumcu,0.85,0.895
ChIJywUMBtDRyhQRmOVPN9m-g1I,Ema Ayakkabı A.Ş,ayakkabi imalathanesi,deforme malzeme + yapistirma,Osmanbey Sisli,"Merve, Gazi Cd. No: 4, 34791 Sancaktepe/İstanbul",41.0051081,29.250912699999997,(0216) 593 34 45,http://www.emaayakkabi.com/,4.3,24,Üretici,0.85,0.895
ChIJxay19Vy5yhQRx6km2oCn8vk,Fabrika Shoes,ayakkabi imalathanesi,deforme malzeme + yapistirma,Osmanbey Sisli,"Mimar Hayrettin Mahallesi, Beyazıt, Emin Sinan Hamamı Sk. 40B, 34126 Fatih/İstanbul",41.0072167,28.9683498,0532 393 95 76,https://www.facebook.com/profile.php?id=61552878742611&mibextid=kFxxJD,5,31,Ayakkabı mağazası,0.85,0.895
ChIJWci3GA63yhQRSPDEIOtx3g0,Genio Shoes - Osmanbey Toptan Satış Mağazası,ayakkabi imalathanesi,deforme malzeme + yapistirma,Osmanbey Sisli,"Meşrutiyet Mahallesi Matbaacı Osmanbey sok Genay Plaza 4/A, Meşrutiyet, 34363 Şişli/İstanbul",41.0553302,28.988344800000004,0532 618 35 25,http://www.genioshoes.com/,4.5,25,Ayakkabı mağazası,0.85,0.895
ChIJwd7uewe3yhQRZKwG3V4IjMc,Giydim Gidiyor,ayakkabi imalathanesi,deforme malzeme + yapistirma,Osmanbey Sisli,"Meşrutiyet Mahallesi, Vali Konağı Cad. Saadet Apt, Teşvikiye, No:64/2, 34363 Şişli/İstanbul",41.052925699999996,28.993005300000004,0552 485 65 24,https://www.giydimgidiyor.com/,3.9,438,Ayakkabı mağazası,0.85,0.895
ChIJg-jMN_-2yhQREbwCfqIaF7Q,Günbay Gold,kuyumcu atolyesi,ince motor manipulasyon,Osmanbey Sisli,"Mecidiyeköy Mahallesi, Selahattin Pınar Cd. No:4, 34381 Şişli/İstanbul",41.0671627,28.9978278,(0212) 213 92 90,http://www.gunbaygold.com/,4.8,82,Kuyumcu,0.85,0.895
ChIJBeCoyxy3yhQRFqKTaqSsxvE,Hsy Mücevher,kuyumcu atolyesi,ince motor manipulasyon,Osmanbey Sisli,"Merkez, Halaskargazi Cd. NO:153/13, 34381 Şişli/İstanbul",41.056810999999996,28.9867326,(0212) 291 96 00,https://www.hsymucevher.com/,4.3,59,Kuyumcu,0.85,0.895
ChIJ5RRBuQ63yhQR5XRB8O8S_HU,Hsy Mücevher Şişli Şubesi,kuyumcu atolyesi,ince motor manipulasyon,Osmanbey Sisli,"Merkez, Abide-i Hürriyet Cd 116/B, 34360 Şişli/İstanbul",41.0619361,28.9876976,(0212) 219 97 69,http://www.hsymucevher.com/,3.8,13,Üretici,0.85,0.895
ChIJUczyaRy3yhQR5NmYCP6uAkI,Kaya Kuyumculuk - La Roccia Jewel,kuyumcu atolyesi,ince motor manipulasyon,Osmanbey Sisli,"Kaya Kuyumculuk, Merkez, Abidei Hürriyet Caddesi Hürriyet Pasajı D:116/C D:11, 34381 Şişli/İstanbul",41.061970599999995,28.987667299999995,(0212) 231 65 72,http://www.larocciajewel.com/,4.9,17,Üretici,0.85,0.895
ChIJMXGbaBm3yhQRTQIT8HysHgc,Kifidis Genel Müdürlük,ayakkabi imalathanesi,deforme malzeme + yapistirma,Osmanbey Sisli,"Merkez, Ahenk Sok. No:2, 34384 Şişli/İstanbul",41.0617796,28.981153799999998,0850 474 0019,http://www.kifidis.com.tr/,3.2,50,Ayakkabı mağazası,0.85,0.895
ChIJ-Yl-WJC5yhQR4Ah9pHkztlg,"Kuzenler Kuyumculuk | Gümüş Döküm Atölyesi,Toptan Gümüş",kuyumcu atolyesi,ince motor manipulasyon,Osmanbey Sisli,"Gedik paşa fırın Sokak, Mimar Sinan, Kütükçü Han No:25, 34130 Fatih/İstanbul",41.007161499999995,28.965355799999998,(0212) 638 08 40,http://www.kuzenlerkuyumculuk.com/,4.8,24,Kuyumcu,0.85,0.895
ChIJL_UfDCWlyhQRu6ZGVGr9CEQ,Lodos Ayakkabı,ayakkabi imalathanesi,deforme malzeme + yapistirma,Osmanbey Sisli,"Halkalı Merkez, Dereboyu Cd. NO:58, 34290 Küçükçekmece/İstanbul",41.039046,28.806445000000004,(0212) 630 13 56,https://www.lodosayakkabi.com.tr/,4,4,Üretici,0.85,0.895
ChIJXeowcYm3yhQRDe5xQsQ3_Ek,Lucky Culture,kuyumcu atolyesi,ince motor manipulasyon,Osmanbey Sisli,"House of Design Burger King yanı, Halaskargazi, Rumeli Cd. no:6A, 34365 Şişli/İstanbul",41.0521071,28.991085299999998,0546 655 25 10,https://www.lucky-culture.com/,4.1,26,Kuyumcu,0.85,0.895
ChIJvzSjfERftRQRoZMJKWZ6c5s,Macro Ayakkabı - Scooter,ayakkabi imalathanesi,deforme malzeme + yapistirma,Osmanbey Sisli,"Akçaburgaz, 1573. Sk. No:4, 34522 Esenyurt/İstanbul",41.072153899999996,28.645012299999998,(0212) 858 02 12,http://www.scooter.com.tr/,4.1,105,Ayakkabı mağazası,0.85,0.895
ChIJQ86vAHe3yhQRN4tOQR06bCc,Oscar William Shoemaker Ltd,ayakkabi imalathanesi,deforme malzeme + yapistirma,Osmanbey Sisli,"Cihangir Mahalesi, 61/A, Cihangir, Sıraselviler Cd., 34443 Beyoğlu/İstanbul",41.0339834,28.984569099999995,(0212) 244 30 16,https://www.oscarwilliam.com/,5,1,Üretici,0.85,0.895
ChIJsw96EvG7yhQRrSGbqdUwpK4,QAFARRİN Nişantaşı,ayakkabi imalathanesi,deforme malzeme + yapistirma,Osmanbey Sisli,"Vali konağı caddesi, Halaskargazi, Kuyumcu İrfan Sk. No: 73/5 Pasaj, 34371 Nişantaşı/İstanbul",41.0512012,28.990270900000002,(0212) 954 01 02,http://www.qafarrin.com/,4.9,77,Ayakkabı mağazası,0.85,0.895
ChIJ4QPwFu63yhQRGaLotd27tAE,Ressam Ayhan Türker Atölyesi,kuyumcu atolyesi,ince motor manipulasyon,Osmanbey Sisli,"Halaskargazi, Kuyumcu İrfan Sk. No:28, 34371 Şişli/İstanbul",41.050982,28.989774,(0212) 296 53 25,http://turkerart.com/,5,2,,0.85,0.895
ChIJO2mqDIe3yhQRKjJVwv67vFQ,Sidas Kişiye Özel Dinamik Tabanlık,ayakkabi imalathanesi,deforme malzeme + yapistirma,Osmanbey Sisli,"Balmumcu, Barbaros Blv. İba Blokları No:42 D:6, 34349 Beşiktaş/İstanbul",41.0583915,29.0104924,0532 517 77 91,https://www.sidasturkiye.com/,4.8,71,Ayakkabı mağazası,0.85,0.895
ChIJLbCTHyS3yhQRRlS1UFrkRSo,Sümerce Atölyesi,kuyumcu atolyesi,ince motor manipulasyon,Osmanbey Sisli,"Vişnezade, Süleyman Seba Cd. No:79/1, 34357 Beşiktaş/İstanbul",41.042940099999996,28.998185499999998,(0212) 807 02 56,https://www.sumerceatolyesi.com/,5,7,Kuyumcu,0.85,0.895
ChIJ9QJ3Oju3yhQRj3u-4Z2ENg8,Yuka Studio Nişantaşı,kuyumcu atolyesi,ince motor manipulasyon,Osmanbey Sisli,"Halaskargazi, Rumeli Cd. Villa İş Hanı No:6/A İç Kapı No:2, 34363 Şişli/İstanbul",41.0521001,28.991084799999996,0546 655 25 10,https://www.yukabyguliz.com/,4,17,Kuyumcu,0.85,0.895
ChIJo_MlNGm4yhQRXqSvoIxb9AE,Yurdakul Gürol » El Yapımı Ayakkabı İmalatı,ayakkabi imalathanesi,deforme malzeme + yapistirma,Osmanbey Sisli,"Osmanağa, Reşitefendi Sok. No:42, 34714 Kadıköy/İstanbul",40.992716,29.026996999999998,(0216) 345 30 05,https://www.yurdakulgurol.com/,4.3,88,Ayakkabı mağazası,0.85,0.895
ChIJ11jmChu3yhQRDixQTkhn_DQ,iLVi,ayakkabi imalathanesi,deforme malzeme + yapistirma,Osmanbey Sisli,"Halaskargazi Mah. Valikonağı Cad. Pınarbaşı Apt. No:55 Nişantaşı No:55, Halaskargazi, 34371 Şişli/İstanbul",41.050664999999995,28.989900300000002,0850 308 3582,http://www.ilvi.com/,4.2,78,Ayakkabı mağazası,0.85,0.895
ChIJ-zfopxS3yhQRGp8qhRZuNgQ,Çelebi Kuyumculuk,kuyumcu atolyesi,ince motor manipulasyon,Osmanbey Sisli,"Bozkurt, Kurtuluş Cd. No:31, 34375 Şişli/İstanbul",41.0514132,28.9835557,(0212) 241 27 03,http://www.celebikuyumculuk.com/,4.7,95,Kuyumcu,0.85,0.895
ChIJfcCz2wvHyhQR75XcDyaqxPM,Çınar Kuyumcu Atölyesi,kuyumcu atolyesi,ince motor manipulasyon,Osmanbey Sisli,"Caddebostan, Bağdat Cad./köşk Sok. Tatari Apt. 1/D, 34728 Kadıköy/Istanbul - Asia",40.9643587,29.074038299999998,0532 205 92 09,http://www.byseldacinar.com/,4.4,16,Kuyumcu,0.85,0.895
ChIJEVDVnBi3yhQRDjFzManwflA,Akın Kuyumculuk,kuyumcu atolyesi,ince motor manipulasyon,Perpa Okmeydani,"Halide Edip Adıvar, Halide Edip Adıvar Cd. No:32, 34382 Şişli/İstanbul",41.0626953,28.976336399999997,(0212) 221 36 96,https://linki.ac/AKINJEWELLERY,4.2,28,Kuyumcu,0.85,0.895
ChIJ-Y41FDu3yhQRrKgSTa_wqvA,Algül Kuyumculuk,kuyumcu atolyesi,ince motor manipulasyon,Perpa Okmeydani,"Mahallesi, Halil Rıfat Paşa, Yüzer Havuz Sk. No:1639, 34384 Şişli/İstanbul",41.0604596,28.9699747,(0212) 210 70 10,http://www.algulkuyumculuk.com/,4.5,2,Kuyumcu,0.85,0.895
ChIJoS86txi3yhQR86NzmELLprE,Işıltı Kuyumculuk,kuyumcu atolyesi,ince motor manipulasyon,Perpa Okmeydani,"Halide Edip Adıvar, Halide Edip Adıvar Cd. No:4, 34382 Şişli/İstanbul",41.0636793,28.9772977,(0212) 320 15 24,https://isiltikuyumculuk.com/,3.7,6,Kuyumcu,0.85,0.895
ChIJYxh4CJC5yhQR2HGxPTge20o,"ADNAN FİDAN AYAKKABI İMALATI VE TOPTAN SATIŞI ""AGUCİNO-BELİGHT-DEWİTT""",ayakkabi imalathanesi,deforme malzeme + yapistirma,Persembe Pazari Karakoy,"Tatlı Kuyu, Saraç İshak, Hamam Çk. 20/B, 34130 Fatih/İstanbul",41.007663699999995,28.964710600000004,(0212) 458 50 60,http://www.agucino.com.tr/,3,1,Ayakkabı mağazası,0.85,0.895
ChIJ51igd-u5yhQRj0Rc8tjwm8A,Akalın Kuyumculuk,kuyumcu atolyesi,ince motor manipulasyon,Persembe Pazari Karakoy,"Rüstem Paşa, Tahmis Sk. Mısır Çarşısı No:3 Eminönü, 34116 Fatih/İstanbul",41.0170429,28.9712804,(0212) 511 68 50,http://www.feyzanjewellery.com/,4.5,134,Kuyumcu,0.85,0.895
ChIJXb6Ggg65yhQRBSqTYMZqjSQ,Ali Erkan | Ayakkabı Lostra Malzemeleri ve Makinaları,ayakkabi imalathanesi,deforme malzeme + yapistirma,Persembe Pazari Karakoy,"Mimar Hayrettin Mh neviye sokak, Beyazıt, Gedikpaşa Cd. no 24, 34126 Fatih/İstanbul",41.0063732,28.9678829,(0212) 517 85 55,http://www.ayakkabimalzemecim.com/,4.4,55,Ev Eşyaları Mağazası,0.85,0.895
ChIJmYd5UeC5yhQRUYpSaw2KYHk,Art Jophiel Jewelry store | Gümüş Takı | En iyi Takı Markaları Türkiye,kuyumcu atolyesi,ince motor manipulasyon,Persembe Pazari Karakoy,"Asmalı Mescit, General Yazgan Sk., 34430 Beyoğlu/İstanbul",41.028732,28.9741771,0542 263 68 69,https://artjophieljewelry.com/,5,1,Kuyumcu,0.85,0.895
ChIJVVVVVSG6yhQRQ8IEeaMRHWE,Avşa Terlik,ayakkabi imalathanesi,deforme malzeme + yapistirma,Persembe Pazari Karakoy,"Star Kaplama, Mimar Hayrettin, Doğramacı Sk. No:20, 34200 Fatih/İstanbul",41.0080343,28.969102299999996,(0212) 518 86 43,https://www.avsaterlik.com/,4.5,13,Toptancı,0.85,0.895
ChIJYeNEO5u5yhQR0PpIMMeEOd0,Ayakkabı Adresi - İstanbul Gedikpaşa Toptan Ayakkabı Fabrikadan Satış Merkezi,ayakkabi imalathanesi,deforme malzeme + yapistirma,Persembe Pazari Karakoy,"Mimar Hayrettin Mah. Gedikpaşa Camii Sok. Numan İş Hanı, Beyazıt, D:2/C, 34126 Fatih/İstanbul",41.0074034,28.9689118,0544 522 96 00,http://www.ayakkabiadresi.com/,4.7,12,Ayakkabı mağazası,0.85,0.895
ChIJDd49x5C5yhQRRu6u2GrxG8Q,Dumanlar Toptan Ayakkabı Merkezi,ayakkabi imalathanesi,deforme malzeme + yapistirma,Persembe Pazari Karakoy,"Emin Sinan Mah, Beyazıt, Gedikpaşa Camii Sok. No:30, 34093 Fatih/İstanbul",41.00736270000001,28.969322799999997,(0212) 638 71 29,http://dmn.com.tr/,4.4,8,Ayakkabı mağazası,0.85,0.895
ChIJA-jH0JC5yhQRqX7JYRCsNbg,Engin Ayakkabı,ayakkabi imalathanesi,deforme malzeme + yapistirma,Persembe Pazari Karakoy,"Emin Sinan, Pertevpaşa Sok. No:9, 34126 Fatih/İstanbul",41.008009799999996,28.9696993,(0212) 518 13 69,https://www.toptancimburada.com/,5,5,Ayakkabı mağazası,0.85,0.895
ChIJUyTyADS6yhQRBk46cOYkXWY,Feyzan Kuyumculuk,kuyumcu atolyesi,ince motor manipulasyon,Persembe Pazari Karakoy,"Mısır Çarşısı No:5, Rüstem Paşa, 34116 Fatih/İstanbul",41.0171211,28.971241199999998,(0212) 519 36 41,http://www.feyzanjewellery.com/,4.3,169,Kuyumcu,0.85,0.895
ChIJhYPfQDS5yhQRJ1tdopzDKVk,GRM Teknik Kuyumcu Malzemeleri ve Aletler,kuyumcu atolyesi,ince motor manipulasyon,Persembe Pazari Karakoy,"Molla Fenari Mahallesi, Atik, Ali Paşa Medresesi Sk. No:24, 34093 Fatih/İstanbul",41.025953799999996,28.9806963,(0212) 513 15 53,https://www.grmkutudekor.com/,5,2,Kuyumcu,0.85,0.895
ChIJw_Lm25C5yhQRJdyk-paJWHM,Gezer Ayakkabı Gedikpaşa Karababa Fabrika Satış Mağazası,ayakkabi imalathanesi,deforme malzeme + yapistirma,Persembe Pazari Karakoy,"Mimar Hayrettin Mah. Karababa Türbe Sok Gürünlü Han, Emin Sinan, 34126 Fatih/İstanbul",41.0081913,28.9693109,0549 516 16 49,https://gezer.com/,3.5,4,Ayakkabı mağazası,0.85,0.895
ChIJSa5yzJC5yhQRI2Q2a7RxqxI,Gram Teknik,kuyumcu atolyesi,ince motor manipulasyon,Persembe Pazari Karakoy,"Emin Sinan, Gedikpaşa Camii Sok. No:41/A, 34126 Fatih/İstanbul",41.0074697,28.970580799999997,(0212) 517 43 69,http://www.gramteknik.com/,4.3,24,Kuyumcu,0.85,0.895
ChIJG1st-pO5yhQR0enRwLNNimE,Gülcemal kuyumculuk,kuyumcu atolyesi,ince motor manipulasyon,Persembe Pazari Karakoy,"Kapalı Çarşı, Molla Fenari, Çuhacı Hanı Sokağı alt kat no:2, 34126 Fatih/İstanbul",41.0108666,28.9696797,0542 726 93 30,https://www.gulcemalkuyumculuk.com/,4.4,554,Üretici,0.85,0.895
ChIJjTG2H5G5yhQRm8wdj-KNQok,Güvener Ayakkabıcılık,ayakkabi imalathanesi,deforme malzeme + yapistirma,Persembe Pazari Karakoy,"Mahallesi, Emin Sinan, Yeniçeriler Cd. No:11 D:B, 34130 Fatih/İstanbul",41.008355099999996,28.970291399999994,0532 505 40 29,http://www.guvenerayakkabi.com.tr/,4.3,53,Ayakkabı mağazası,0.85,0.895
ChIJQwAAAFu3yhQRyIuaSE6kEn8,HANN KARAKÖY TASARIM ATÖLYESİ,kuyumcu atolyesi,ince motor manipulasyon,Persembe Pazari Karakoy,"Müeyyetzade, Necatibey Cd. NO:1/17, 34421 Beyoğlu/İstanbul",41.0230294,28.9754667,(0212) 293 94 36,http://hannkarakoy.com/,4.5,10,Kuyumcu,0.85,0.895
ChIJATHEKmK5yhQR878CS-5xfGw,LAYKİ,ayakkabi imalathanesi,deforme malzeme + yapistirma,Persembe Pazari Karakoy,"emin sinan mahallesi hamamı sokak, Beyazıt, Gedikpaşa Cd. no:21, 34126 Fatih/İstanbul",41.007028,28.9688213,0535 046 72 01,https://laykitoptan.com/,4.3,86,Üretici,0.85,0.895
ChIJi_LxDYKgtEIRjnRqufXEktQ,Louvre Gold Altın Atölyesi,kuyumcu atolyesi,ince motor manipulasyon,Persembe Pazari Karakoy,"Sururi, Bezciler Sk. Merkez Han No: 2 İç Kapı No: 104, 34120 Fatih/İstanbul",41.0118046,28.972013800000003,0543 945 24 58,https://www.louvregold.com.tr/,5,45,Toptancı,0.85,0.895
ChIJB7Zcxt25yhQRGRQsToCu9e8,Manuk's Workshop,kuyumcu atolyesi,ince motor manipulasyon,Persembe Pazari Karakoy,"Hacımimi, Lüleci Hendek Cd. 30/A, 34425 Beyoğlu/İstanbul",41.0263274,28.977356099999998,0542 527 84 79,http://www.manuksworkshop.com/,4.9,104,Kuyumcu,0.85,0.895
ChIJ9YtUjxC6yhQRztgLAgaUmAo,Osmanlı Pazar / Gümüş Yüzük -Tesbih Aksesuar - Hediyelik Eşya,kuyumcu atolyesi,ince motor manipulasyon,Persembe Pazari Karakoy,"Binbirdirek, Divanyolu Cd. No:15 K:3 D:313, 34110 Fatih/İstanbul",41.0080879,28.973889999999997,0542 515 25 65,http://www.osmanlipazar.com/,4.9,384,Üretici,0.85,0.895
ChIJB7ijX5a5yhQRQHVsOkx806Y,Pırlanta Atölyesi,kuyumcu atolyesi,ince motor manipulasyon,Persembe Pazari Karakoy,"Hobyar, Cağaloğlu Yokuşu Sok. No: 5 D:B, 34110 Fatih/İstanbul",41.012197199999996,28.9749102,0501 130 00 34,http://www.pirlantaatolyesi.com/,5,25,Kuyumcu,0.85,0.895
ChIJESITUty5yhQR92gQuReCcVo,Rüveyde Okumuş Handmade Jewelry,kuyumcu atolyesi,ince motor manipulasyon,Persembe Pazari Karakoy,"Kemankeş Mah., Mumhane Cd., Karaköy Fransız Geçidi İş Merkezi No:108 B Blok, 34425 Beyoğlu/İstanbul",41.024764999999995,28.9793409,0535 360 26 66,http://www.instagram.com/ruveydeokumus,4.9,7,Kuyumcu,0.85,0.895
ChIJfVLrrui5yhQR8EMygrWdlvY,SEBAT KORUYUCU İŞ GÜVENLİĞİ EKİPMANLARI SANAYİ ve TİCARET A.Ş,ayakkabi imalathanesi,deforme malzeme + yapistirma,Persembe Pazari Karakoy,"Arap Cami, Nafe Sk. No:6A KARAKÖY, 34421 Beyoğlu/İstanbul",41.0239354,28.9708234,(0212) 251 16 62,http://www.sebat.com.tr/,4,6,,0.85,0.895
ChIJ0_bNaeS5yhQR96JFm9El6F0,Tali Pırlanta - Atölye,kuyumcu atolyesi,ince motor manipulasyon,Persembe Pazari Karakoy,"Molla Fenari, Vezirhan Cd. Akdağkardeşler İş Hanı Kat: 3 No: 47, 34120 Fatih/İstanbul",41.0098615,28.9712801,0506 604 28 29,https://talipirlanta.com/,5,83,Kuyumcu,0.85,0.895
ChIJuz5uJQi5yhQRKjN81j-CLhM,Tamirci Zeki Kapalıçarşı,kuyumcu atolyesi,ince motor manipulasyon,Persembe Pazari Karakoy,"Hüseyinağa Cami Sokak Burcu Han no:18 D:101, Ölçer Han, Molla Fenari, No:5 Kat:1 Kapı No:101, 34126 Fatih/İstanbul",41.009687299999996,28.968453799999995,(0212) 527 31 78,https://www.tamircizeki.com/,4.3,45,Kuyumcu,0.85,0.895
ChIJFYHaz5C5yhQRQIDE-qJ2-3E,Toptan Spor Ayakkabılar - CVS Çavuşoğlu Ayakkabı Pazarı TİC.A.Ş. أحذية بالجملة اسطنبول -Оптовая Обувь Стамбул-Wholesale Shoes,ayakkabi imalathanesi,deforme malzeme + yapistirma,Persembe Pazari Karakoy,"Emin Sinan, Pertevpaşa Sok. No:7, 34126 Fatih/İstanbul",41.0079894,28.9695816,(0212) 516 32 43,https://www.ayakkabipazari.com/,4.8,61,Toptancı,0.85,0.895
ChIJOfZto5e5yhQRH4a9c7FaRa0,Waisi Shoes -Women's shoes factory,ayakkabi imalathanesi,deforme malzeme + yapistirma,Persembe Pazari Karakoy,"Şehsuvar Bey, Kadırga Hamamı Sk. NO:11, 34126 Fatih/İstanbul",41.0053814,28.9683974,0505 075 39 40,https://www.instagram.com/waisi.shoes/,5,2,Üretici,0.85,0.895
ChIJAy99ad25yhQRb-cfd_E21qU,YDS Shop İstanbul Karaköy Mağazası,ayakkabi imalathanesi,deforme malzeme + yapistirma,Persembe Pazari Karakoy,"Mocan Han, Kemankeş Mahallesi, Maliye Cd. No:13, 34425 Beyoğlu/İstanbul",41.023522899999996,28.977655099999996,(0212) 243 73 73,https://www.ydsshop.com/,4.2,947,Ayakkabı mağazası,0.85,0.895
ChIJy6_upUS5yhQRUsRWUh3bR8U,Zirve terlik imallatı,ayakkabi imalathanesi,deforme malzeme + yapistirma,Persembe Pazari Karakoy,"Emin Sinan, Emin Sinan Hamamı Sk., 34000 Fatih/İstanbul",41.007034499999996,28.968842099999996,0534 312 98 52,http://zirveterlik63.com/,5,2,Ayakkabı mağazası,0.85,0.895
ChIJLVQs75C5yhQRDbkhtTV4Mv0,toptan spor ayakkabı,ayakkabi imalathanesi,deforme malzeme + yapistirma,Persembe Pazari Karakoy,"Abidin daver sokak Dünya İş Hanı No 16-2 Fatih İstanbul 34126, Mimar Hayrettin, 34126 Fatih/İstanbul",41.007968999999996,28.968498999999998,(0212) 606 00 09,http://www.ayakkabiadresi.com/,5,2,Üretici,0.85,0.895
ChIJxSI22ua7yhQRYSJMUL0RjF8,yılmaz altın ve pırlanta atölyesi,kuyumcu atolyesi,ince motor manipulasyon,Persembe Pazari Karakoy,"örnek iş hanı, Molla Fenari, Ceridehane Sk. No:13, 34093 Fatih/İstanbul",41.0108871,28.9737475,0531 940 96 65,https://www.instagram.com/yilmazpirlanta3434/,,,Kuyumcu,0.85,0.895
ChIJ20GfDVK5yhQRHQvlIpAhrLE,Çarşı Atölye Kuyumculuk,kuyumcu atolyesi,ince motor manipulasyon,Persembe Pazari Karakoy,"Alemdar, Küçük Sk. No:6 D:3, 34110 Fatih/İstanbul",41.0104282,28.977498899999997,0553 182 44 34,https://www.carsiatolye.com/,,,Kuyumcu,0.85,0.895
ChIJD-ywlXO7yhQRRsrqCD9Dd3E,Ak Merve Kuyumculuk,kuyumcu atolyesi,ince motor manipulasyon,Zeytinburnu,"Yeşiltepe, 74. Sk. 26/A, 34025 Zeytinburnu/İstanbul",40.994608,28.900362299999998,(0212) 547 51 65,http://www.firmasec.com/firma/fcbcfz-ak-merve-kuyumculuk/,4.2,6,Kuyumcu,0.85,0.895
ChIJ51_4ESO7yhQRm5OehyASiM0,Arı-Zan Kuyumculuk,kuyumcu atolyesi,ince motor manipulasyon,Zeytinburnu,"livza sitesi, Veliefendi, 74. Sk. no:14-26 D:G, 34025 Zeytinburnu/İstanbul",40.9945558,28.901462600000002,0533 428 10 47,https://arizankuyumculuk.com/,5,26,Kuyumcu,0.85,0.895
ChIJZXlHyY6kyhQRLMd-k87if1g,Cool Moon,ayakkabi imalathanesi,deforme malzeme + yapistirma,Zeytinburnu,"Kazlıçeşme, Prof. Muammer Aksoy Cad. No:4/C, 34020 Zeytinburnu/İstanbul",40.994128599999996,28.9193374,(0212) 546 94 90,http://www.coolmoon.life/,5,4,Üretici,0.85,0.895
ChIJW0cMTGO7yhQRH8IIvWlpbzo,Diva’s Leather & Fur Store,ayakkabi imalathanesi,deforme malzeme + yapistirma,Zeytinburnu,"Kazlıçeşme, Beşkardeşler 4. Sk., 34020 Zeytinburnu/İstanbul",40.9859144,28.907833300000004,(0212) 665 91 92,http://www.divasleather.com/,5,3,Toptancı,0.85,0.895
ChIJsT1ajZ67yhQRv3GzEjFNzZI,Enes Deri Ürünleri San. Tic. Ltd. Şti.,ayakkabi imalathanesi,deforme malzeme + yapistirma,Zeytinburnu,"Gökalp, Zübeyde Hanım Cd. No:56 D:1, 34020 Zeytinburnu/İstanbul",40.9910117,28.909803200000002,(0212) 665 70 55,https://www.enesderi.com.tr/,4.3,12,Üretici,0.85,0.895
ChIJH1ZCsY6kyhQReMPKjL8ss3U,Erdoğan Deri,ayakkabi imalathanesi,deforme malzeme + yapistirma,Zeytinburnu,"Kazlıçeşme, Prof. Muammer Aksoy Cad. No:4/C, 34020 Zeytinburnu/İstanbul",40.994128599999996,28.9193374,(0212) 546 94 90,https://www.erdoganderi.com/,4.1,27,Mağaza,0.85,0.895
ChIJG2A5KlS6yhQRkc45zzKoKJo,Fatih ALTINOK Jewellery,kuyumcu atolyesi,ince motor manipulasyon,Zeytinburnu,"Maltepe, cırpıcı yolu sok Topkapı Ticaret Merkezi a blok no:399, 34160 Zeytinburnu/İstanbul",41.017775,28.909486999999995,(0212) 806 33 51,http://www.fatihaltinokjewellery.com/,5,4,Kuyumcu,0.85,0.895
ChIJEyg0-Qi7yhQR-TJilJLK2X0,Fetih Kuyumculuk,kuyumcu atolyesi,ince motor manipulasyon,Zeytinburnu,"Beştelsiz, Seyitnizam Cd. No:128, 34020 Zeytinburnu/İstanbul",41.0037338,28.9038506,(0212) 558 12 48,http://www.firmasec.com/firma/ftrmmd-fetih-kuyumculuk/,3.4,7,Kuyumcu,0.85,0.895
ChIJgcwjA-6jyhQRyTzmi3Y3tuo,Gezer Ayakkabı Zeytinburnu Fabrika Satış Mağazası,ayakkabi imalathanesi,deforme malzeme + yapistirma,Zeytinburnu,"Sümer, 8. Sk. NO:48/C, 34025 Zeytinburnu/İstanbul",40.9837381,28.8980546,0549 601 20 96,https://gezer.com/,4.3,20,Ayakkabı mağazası,0.85,0.895
ChIJaRoLO1i6yhQRQCIXFiNSKeI,Kuyumcu Çelik Kasa,kuyumcu atolyesi,ince motor manipulasyon,Zeytinburnu,"Maltepe, Başoğlu Oto Sanayi Sitesi, 34010 Zeytinburnu/İstanbul",41.023307599999995,28.907864299999996,0532 232 74 62,http://www.celikkasa.org/,4.3,19,Mağaza,0.85,0.895
ChIJM_J4zHK7yhQR_KZdGzP7mfU,Okyanus Promosyon Çanta İmalatı,ayakkabi imalathanesi,deforme malzeme + yapistirma,Zeytinburnu,"Veliefendi, Yeşilyol D Sok. 52-54, 34025 Zeytinburnu/İstanbul",40.9980991,28.8964565,(0212) 582 59 99,https://promosyoncantaimalati.com/,4.6,20,Mağaza,0.85,0.895
ChIJkwDS2dqlyhQRKcubUIzBwPM,Pisipisi Pisi Pisi Ayakkabı İmalat ve Satış,ayakkabi imalathanesi,deforme malzeme + yapistirma,Zeytinburnu,"15 Temmuz, 1481. Sk. No:63, 34212 Bağcılar/İstanbul",41.03546060000001,28.8157421,0553 389 59 71,https://www.instagram.com/pisipisici/,5,40,Ayakkabı mağazası,0.85,0.895
ChIJJWYHBwHZyhQRsH3rfE4QQ94,Riyam terlik,ayakkabi imalathanesi,deforme malzeme + yapistirma,Zeytinburnu,"Maltepe, dokumacılar sanayi sitesi no:26/b, 34000 Zeytinburnu/İstanbul",41.025366,28.905670599999997,0534 075 25 05,https://riyam.com.tr/,,,Üretici,0.85,0.895
ChIJk9lxOqG7yhQRzZRge2MNh1Y,Senem Kuyumcusu & aslan group,kuyumcu atolyesi,ince motor manipulasyon,Zeytinburnu,"Telsiz, 85. Sk. No:20, 34020 Zeytinburnu/İstanbul",40.9985333,28.910355099999997,0552 580 00 44,http://www.firmasec.com/firma/fftbzm-senem-kuyumcu/,1.8,4,Kuyumcu,0.85,0.895
ChIJV5jOy5W5yhQRss7Ptlb1N6o,Storks Diamond Merkez,kuyumcu atolyesi,ince motor manipulasyon,Zeytinburnu,"Kazlıçeşme, Kennedy Cad. Büyükyalı İstanbul Sitesi I Blok No: 52, 34020 Zeytinburnu/İstanbul",40.9841603,28.904146899999997,(0212) 526 10 10,http://www.storks.com.tr/,4.5,44,Kuyumcu,0.85,0.895
ChIJhRgrk667yhQRVLhjEd7_oY8,Toptan textil egdnewline,ayakkabi imalathanesi,deforme malzeme + yapistirma,Zeytinburnu,"Abdurrahman Nafiz Gürman, Mete Sk. yonca apt no 30/b, 34160 Güngören/İstanbul",41.0056593,28.884452800000002,0553 228 59 46,https://t.me/shoesakindemir,5,1,Üretici,0.85,0.895
ChIJF6YAjWyxyhQRvqMfSt7x7Nw,Arn Stone Bayrampaşa,konfeksiyon atolyesi,deforme malzeme manipulasyonu,Bayrampasa,"Kartaltepe, Geyik Sk. no : 10, 34145 Bayrampaşa/İstanbul",41.058599,28.899113,0553 507 84 97,,5,3,,1.0,0.85
ChIJo8xMzXi6yhQR94JDWOPJ194,Aydeniz Tekstil,konfeksiyon atolyesi,deforme malzeme manipulasyonu,Bayrampasa,"52, Yenidoğan, Uluyol Cd., 34030 Bayrampaşa/İstanbul",41.0479096,28.9121036,(0212) 545 96 38,,5,1,Mağaza,1.0,0.85
ChIJqSrqx3-wyhQRm9cK0t0U1G8,Birlik atölyesi,konfeksiyon atolyesi,deforme malzeme manipulasyonu,Bayrampasa,"Kartaltepe, Cicoz Yolu Cd. No:86 D:1A, 34040 Bayrampaşa/İstanbul",41.0532154,28.9048382,(0212) 615 32 34,,3,2,Ev Eşyaları Mağazası,1.0,0.85
ChIJe7HJCAC7yhQRkdLxk8B6yQ4,CNC torna hidrolik ayna tamiri revizyon kalibrasyon merkezi,torna tesviye atolyesi,hassas hizalama + alet kullanimi,Bayrampasa,"Birinci, Yenidoğan, Abdi İpekçi Cd. Emintaş Sanayi Sitesi, 34000 Bayrampaşa/İstanbul",41.0440755,28.9124104,0507 981 73 33,,,,Üretici,1.0,0.85
ChIJxe8NaXu6yhQRyS5Ya-vAjNY,Cenk Torna,torna tesviye atolyesi,hassas hizalama + alet kullanimi,Bayrampasa,"Yenidoğan, Abdi İpekçi Cd. & Hançer Sokak Yüksel Emınataş San. Sıt. D:32, 34030 Bayrampaşa/İstanbul",41.0413996,28.913084899999994,(0212) 576 52 90,,,,Üretici,1.0,0.85
ChIJpcVglWiwyhQRtNrkE70ZC9w,Cesmen Tekstil,konfeksiyon atolyesi,deforme malzeme manipulasyonu,Bayrampasa,"Yıldırım, Eski Edirne Asf. Cad No:285, 34045 Bayrampaşa/İstanbul",41.069596499999996,28.8931911,(0212) 477 80 78,,5,1,Mağaza,1.0,0.85
ChIJwXvMrmi6yhQRXc2iLBCBQCA,Demiral Trikotaj,konfeksiyon atolyesi,deforme malzeme manipulasyonu,Bayrampasa,"Orta, Çevreyolu Cd. No:9, 34030 Bayrampaşa/İstanbul",41.0336186,28.918304199999994,(0212) 544 77 91,,5,1,Giyim mağazası,1.0,0.85
ChIJIzEI5bK6yhQRVBkqNHMqtUQ,GÜNEKS TEKSTİL YAKA DİKİMİ,konfeksiyon atolyesi,deforme malzeme manipulasyonu,Bayrampasa,"Tuna, 667. Sk. No:50, 34225 Esenler/İstanbul",41.052231,28.8616176,0539 465 52 44,,5,3,Mağaza,1.0,0.85
ChIJf-av9Xu6yhQROV2SjFtNSo4,Hikmet Torna,torna tesviye atolyesi,hassas hizalama + alet kullanimi,Bayrampasa,"Yenidoğan, Abdi İpekçi Cd. Emintaş Sanayi Sitesi No:1, 34030 Bayrampaşa/İstanbul",41.043895899999995,28.912246300000003,(0212) 544 91 54,,,,Üretici,1.0,0.85
ChIJj51Tvfa7yhQRRaSFy3F4PKw,Kabes TORNA Bayrampaşa,torna tesviye atolyesi,hassas hizalama + alet kullanimi,Bayrampasa,"Vatan mahallesi, Hastane Yolu Sk. hürkent sanayi çarşısı No:5 kapı no104, 34035 Bayrampaşa/İstanbul",41.0301233,28.9081333,0541 366 34 62,,,,Üretici,1.0,0.85
ChIJRZaByWe6yhQRAu8oIRRBf6o,Makina Park Triko Ve Konfeksiyon Makinaları,konfeksiyon atolyesi,deforme malzeme manipulasyonu,Bayrampasa,"Orta, Ulubatlı Hasan Sk. Emintaş Ulubatlı San. Sit No:11/I, 34030 Bayrampaşa/İstanbul",41.031833,28.9166455,(0212) 577 40 77,,1,1,Üretici,1.0,0.85
ChIJxQn-5bS7yhQRuT4SZAk3RYc,Menesse Tekstil,konfeksiyon atolyesi,deforme malzeme manipulasyonu,Bayrampasa,"Yenidoğan Mah. Rami Kışla Cadde. DışkapıNo: 69 Daire:0037, Yenidoğan, 34035 Bayrampaşa/İstanbul",41.043097599999996,28.9175354,0532 063 01 64,,5,1,Mağaza,1.0,0.85
ChIJJ5WCE2e6yhQRY1UczBmTJHc,New Surprise,konfeksiyon atolyesi,deforme malzeme manipulasyonu,Bayrampasa,"Orta, Sardunya Sk No:1, 34040 Bayrampaşa/İstanbul",41.0317547,28.9135213,0532 715 91 81,,3.8,220,Giyim mağazası,1.0,0.85
ChIJxRwttme6yhQRPxsoiCmXUBI,POLYAN İPLİK & ERİŞİM TRİKO TEKNİK SERVİS İNŞ.SAN.TİC.LTD.ŞTİ,konfeksiyon atolyesi,deforme malzeme manipulasyonu,Bayrampasa,"Orta, Ulubatlı Hasan Sk. NO:34/A, 34264 Bayrampaşa/İstanbul",41.0317678,28.9164349,(0212) 544 71 37,,5,1,Mağaza,1.0,0.85
ChIJR2ucEvW6yhQRnIrQz2CZImc,Seda Teks,konfeksiyon atolyesi,deforme malzeme manipulasyonu,Bayrampasa,"Vatan, Yaşar Doğu Sokak & Esenler Caddesi 15/A, 34035 Bayrampaşa/İstanbul",41.0313614,28.904703700000002,(0212) 612 12 13,,5,1,Mağaza,1.0,0.85
ChIJp9sAveO7yhQRCtx2lJxYSN0,VATAN TERZİ,konfeksiyon atolyesi,deforme malzeme manipulasyonu,Bayrampasa,"Vatan, Çarşı Cd. 70/A, 34035 Bayrampaşa/İstanbul",41.032160399999995,28.9089561,0541 676 94 00,,5,40,Terzi,1.0,0.85
ChIJ_w7Yrl-6yhQRjComkt6Vc7U,Yiğit Torna,torna tesviye atolyesi,hassas hizalama + alet kullanimi,Bayrampasa,"Vatan, Baltaş Sanayi Sitesi, Maltepe, Hastane Yolu Sk. No:135, 34035 Bayrampaşa/İstanbul",41.0300179,28.908647499999997,0533 380 08 13,,5,1,Üretici,1.0,0.85
ChIJxypCm_qxyhQReZxZl87Q9sU,Zeni Eşarp,konfeksiyon atolyesi,deforme malzeme manipulasyonu,Bayrampasa,"Yıldırım mah, Eski Edirne Asf. cad D:No:219/A, Yıldırım, 34045 Bayrampaşa/İstanbul",41.0675129,28.896643999999995,0531 843 15 15,,4.7,12,Kadın giyim mağazası,1.0,0.85
ChIJL0kd6Wa6yhQRs9mwsKJv6gQ,Zeynep ÖRME,konfeksiyon atolyesi,deforme malzeme manipulasyonu,Bayrampasa,"Orta, Numunebağı Cd. No:48, 34040 Bayrampaşa/İstanbul",41.033241499999995,28.9135775,(0212) 567 68 40,,4.8,4,Giyim mağazası,1.0,0.85
ChIJaWEJWvO6yhQRtzFJyv9yFDM,Çelebi Ağaç Torna,torna tesviye atolyesi,hassas hizalama + alet kullanimi,Bayrampasa,"Terazidere, Melek Sk. No:15, 34035 Bayrampaşa/İstanbul",41.034277499999995,28.899716999999995,(0212) 612 15 47,,5,5,Üretici,1.0,0.85
ChIJEXsiOae7yhQR0ywP-KFtLaA,ÖZAY TEKSTİL,konfeksiyon atolyesi,deforme malzeme manipulasyonu,Bayrampasa,"yenidoğan mahallesi abdi ipekçi caddesi çizmeci iş merkezi no : 87/213, Yenidoğan, 34600 Bayrampaşa/İstanbul",41.0388626,28.911516400000004,0537 479 92 78,,4.8,33,Üretici,1.0,0.85
ChIJ-xBDkn66yhQRak9cVLhONBk,İlmek Triko,konfeksiyon atolyesi,deforme malzeme manipulasyonu,Bayrampasa,"Muratpaşa, Rami Uluyol Caddesi & Büyük Coşkun Sokak Osman Nuri İş Mer. B Blok No: 4/12, 34040 Bayrampaşa/İstanbul",41.0465048,28.9100252,(0212) 501 77 87,,4.5,2,Giyim mağazası,1.0,0.85
ChIJEQI0akDJyhQRVqn-CZ9oazg,ASLI TEKSTİL GÖMLEK,konfeksiyon atolyesi,deforme malzeme manipulasyonu,Ikitelli OSB,"Ferah, Nihat Sami Banarlı Sk. No:45, 34692 Üsküdar/İstanbul",41.030128399999995,29.078833300000003,0542 431 14 39,,5,2,Giyim mağazası,1.0,0.85
ChIJRwVmyxSvyhQR-MQHAqPC4-A,CNC Birlik Torna,torna tesviye atolyesi,hassas hizalama + alet kullanimi,Ikitelli OSB,"İkitelli OSB, TÜMSAN 1. Kısım Sanayi Sitesi No:6, 34490 Başakşehir/İstanbul",41.1004637,28.793788199999995,(0212) 254 04 95,,5,2,Araç Bakım ve Onarımı,1.0,0.85
ChIJ1b55_MSlyhQRSgVGLKKRjx8,Can tekstil ikitelli,konfeksiyon atolyesi,deforme malzeme manipulasyonu,Ikitelli OSB,"Atatürk, 324. Sk. no:50-52/A, 34750 Küçükçekmece/İstanbul",41.055092599999995,28.798021199999997,0543 917 18 04,,5,1,Mağaza,1.0,0.85
ChIJ-S5tba6lyhQRiYq5zz5TWKI,"Dag Tekstil Model , koleksiyon ve imalat dikim atölyesi",konfeksiyon atolyesi,deforme malzeme manipulasyonu,Ikitelli OSB,"istanbul bagcılar 15 temmuz mahalesi cami yolu cadesi 1470.sokak, 15 Temmuz, no.25 kat 3, 34212 Bağcılar/İstanbul",41.0380204,28.815761199999997,0538 415 10 26,,5,2,Giyim mağazası,1.0,0.85
ChIJCa5o1Yq6yhQRQSzwc5o-zm0,Ertuna Tekstil Toptan Çeyiz,konfeksiyon atolyesi,deforme malzeme manipulasyonu,Ikitelli OSB,"İstanbul/Bağcılar/İSTOÇ, 13.ADA-NO-15, Mahmutbey, 34209 Bağcılar/İstanbul",41.0656122,28.824561000000003,(0212) 659 33 48,,5,6,Mağaza,1.0,0.85
ChIJ-2-vzE_IyhQRIOLHTlxLMbM,Esma Tesettür Atölyesi,konfeksiyon atolyesi,deforme malzeme manipulasyonu,Ikitelli OSB,"Yavuztürk, Hoşgörü Sk. 1/B, 34690 Üsküdar/İstanbul",41.0336333,29.079841499999993,(0216) 521 61 53,,4,1,Mağaza,1.0,0.85
ChIJ-1mSdRWlyhQRIgHMLbqvlI4,Ets Makine Tekstil,torna tesviye atolyesi,hassas hizalama + alet kullanimi,Ikitelli OSB,"istanbul/başakşehir iosb mahallesi saraçlar sanayi sitesi 6. blok, İkitelli OSB, ikitelli No:3, 34490 Başakşehir/İstanbul",41.0677704,28.8010133,0539 655 44 58,,4.2,5,Üretici,1.0,0.85
ChIJfxwGu-TIyhQRByDpPdgS284,FBS Tekstil,konfeksiyon atolyesi,deforme malzeme manipulasyonu,Ikitelli OSB,"no:, Yamanevler, Tek Sk. No:3, 34768 Ümraniye/İstanbul",41.028385799999995,29.1051277,(0216) 634 44 37,,4.5,30,Mağaza,1.0,0.85
ChIJU4cRZGzbyhQRokbsk-IaMxE,Gül-Mak Torna Tes. ve San.Plastikleri İmal.Ltd.Şti,torna tesviye atolyesi,hassas hizalama + alet kullanimi,Ikitelli OSB,"Balçık, 3210 Sk No:43/B, 41400 Gebze/Kocaeli",40.88128,29.4298613,,http://www.gul-mak.com/,5,4,Üretici,1.0,0.85
ChIJ0bK-PS2lyhQRNJ91tXOwKiU,Han Tekstil İşletmeleri Sanayi ve Ticaret Anonim Şirketi,konfeksiyon atolyesi,deforme malzeme manipulasyonu,Ikitelli OSB,"İkitelli O.S.B Mah Tümsan 2.Kısım No 17, İkitelli OSB, İkitelli Plaza No:3 D:18 Kat, 34480 Başakşehir/İstanbul",41.0962562,28.792163799999994,(0212) 430 75 84,,3.9,18,Üretici,1.0,0.85
ChIJJ7l_CAClyhQRAh0ILcjwkOE,Harun torna freze,torna tesviye atolyesi,hassas hizalama + alet kullanimi,Ikitelli OSB,"İkitelli OSB, Demirciler Sanayi Sitesi D:3 no 314, 34490 Başakşehir/İstanbul",41.0675112,28.807765200000002,0542 729 26 34,,5,6,Üretici,1.0,0.85
ChIJzwbupomlyhQRDsMvgeLmGAM,Hayteks Konfeksiyon San. Tic. Ltd. Şti.(Çoğaltma Atölyesi),konfeksiyon atolyesi,deforme malzeme manipulasyonu,Ikitelli OSB,"İkitelli OSB, Triko Dokumacıları Sanayi Sitesi No:124, 34490 Başakşehir/İstanbul",41.0777815,28.798257699999997,0546 511 90 62,,5,1,Kurumsal Ofis,1.0,0.85
ChIJ520pNS27yhQRirCf6wqazbI,ISTANBUL YAKA YAKA ATOLYESI,konfeksiyon atolyesi,deforme malzeme manipulasyonu,Ikitelli OSB,"Fevzi Çakmak, 1/2. Sk. no6, 34200 Bağcılar/İstanbul",41.0411017,28.860250999999998,0530 656 36 74,,4.5,2,Mağaza,1.0,0.85
ChIJKxVZ8gekyhQRbS8wxjPK2L0,Kalite Tekstil Konfeksiyon Atölyesi,konfeksiyon atolyesi,deforme malzeme manipulasyonu,Ikitelli OSB,"Kanarya, Sarı Asma Sk., 34290 Küçükçekmece/İstanbul",41.0127928,28.776910599999997,0553 221 75 05,,,,Kurumsal Ofis,1.0,0.85
ChIJBc6eeI2lyhQRzFa6iEpNEdQ,Karadeniz Tekstil Yıkama Boyama Atölyesi,konfeksiyon atolyesi,deforme malzeme manipulasyonu,Ikitelli OSB,"15 Temmuz, Turgut Reis Sk. No:3, 34212 Bağcılar/İstanbul",41.044559799999995,28.8163256,0543 812 39 81,,3,1,Giyim mağazası,1.0,0.85
ChIJn0XyHeevyhQRJQKedC-AxJw,Mete Makina,torna tesviye atolyesi,hassas hizalama + alet kullanimi,Ikitelli OSB,"ikitelli org. san. böl. tormak san. sit. Z blok no. 43, İkitelli OSB, 34480 Başakşehir/İstanbul",41.087255299999995,28.790110700000003,(0212) 486 20 51,,5,3,Üretici,1.0,0.85
ChIJ-UOZ1xXGyhQRGQE0ohuyMuU,Nuse İç Giyim - İlay Tekstil,konfeksiyon atolyesi,deforme malzeme manipulasyonu,Ikitelli OSB,"Küçükbakkalköy Fevzipaşa cad Süreyyapaşa Sokak No:28/a Kt:2, Küçükbakkalköy, 34750 Ataşehir/İstanbul",40.9792035,29.115967199999996,0532 059 25 85,,4.5,4,Kadın giyim mağazası,1.0,0.85
ChIJ_1dYCgCxyhQRFSzbzHmoDyE,S.R.N tekstil fason dikim üretim atölyesi,konfeksiyon atolyesi,deforme malzeme manipulasyonu,Ikitelli OSB,"Uğur Mumcu, 2336. Sk. No:8, 34265 Sultangazi/İstanbul",41.1026637,28.8713349,0530 220 52 18,,5,10,Üretici,1.0,0.85
ChIJDeIDiW-4yhQRyRUOcKMdOno,SELENE MODA ATÖLYE,konfeksiyon atolyesi,deforme malzeme manipulasyonu,Ikitelli OSB,"Osmanağa, Hasırcı Başı Cd No:1 Kat 3, 34714 Kadıköy/İstanbul",40.9889611,29.032434900000002,0541 261 35 34,,5,1,Giyim mağazası,1.0,0.85
ChIJv_4Wv7TbyhQRKbEYYFsrAjw,"Sarıyer Torna,Bakım,Onarım Atölyesi",torna tesviye atolyesi,hassas hizalama + alet kullanimi,Ikitelli OSB,"Sanayi, Ensar Cd. No:27, 34906 Pendik/İstanbul",40.9054053,29.297489700000003,0535 233 28 49,,4.4,22,Hizmetler,1.0,0.85
ChIJqaHiyAC4yhQRibVsGdtz1wI,Seyhan Bekiroğlu Tasarım Atölyesi,konfeksiyon atolyesi,deforme malzeme manipulasyonu,Ikitelli OSB,"Acıbadem, Betül Sokağı No:34, 34718 Kadıköy/İstanbul",41.009143900000005,29.0443057,0530 516 49 11,,5,2,Giyim mağazası,1.0,0.85
ChIJOYz4s4ClyhQRC8mo6Fnieuo,Sönmez Torna,torna tesviye atolyesi,hassas hizalama + alet kullanimi,Ikitelli OSB,"13-Blok No: 21, İkitelli OSB, Güngören - Bağcılar Sanayi Sitesi, 34490 Başakşehir/İstanbul",41.0772665,28.807571900000003,0507 046 73 73,,3.9,24,Araç Bakım ve Onarımı,1.0,0.85
ChIJHfJ5jQalyhQR8KK73Fzz1Dw,YİĞİT TEKSTİL NEVZAT TANI,konfeksiyon atolyesi,deforme malzeme manipulasyonu,Ikitelli OSB,"15 Temmuz, Cami Yolu Cad. NO:106/21, 34217 Bağcılar/İstanbul",41.043607200000004,28.8165884,(0212) 602 04 02,,4,4,Hizmetler,1.0,0.85
ChIJIaiWmKK7yhQR6tf8X7JsvOE,Çağlar Konfeksiyon ( Dikim Atölyesi ),konfeksiyon atolyesi,deforme malzeme manipulasyonu,Ikitelli OSB,"Fatih, 223. Sk. 5 A, 34225 Esenler/İstanbul",41.0394801,28.869531000000002,0539 811 78 47,,5,5,Üretici,1.0,0.85
ChIJ6_KdMyTPyhQREvhV9fO1XyU,ÖZNUR TEKSTİL,konfeksiyon atolyesi,deforme malzeme manipulasyonu,Ikitelli OSB,"Altınşehir, Alemdağ Cd NO 704 KAT 2, 34760 Ümraniye/İstanbul",41.0158373,29.1477623,(0216) 314 90 99,,5,2,Mağaza,1.0,0.85
ChIJMSPBVrqlyhQRbIpxFf8XICk,İkitelli Lazer Markalama,konfeksiyon atolyesi,deforme malzeme manipulasyonu,Ikitelli OSB,"İ.O.S.B. Giyim Sanatkarları İş Ve Ticaret Merkezi 3B Blok No:21, İkitelli OSB, 34490 Başakşehir/İstanbul",41.0700284,28.8071221,,http://www.ikitellilazermarkalama.com/,5,3,Üretici,1.0,0.85
ChIJUR3FLIq7yhQR_bC4DYrn5oI,Şimşek tekstil dikim atölyesi,konfeksiyon atolyesi,deforme malzeme manipulasyonu,Ikitelli OSB,"Yavuz Selim, 972. Sk. 13-1, 34203, 34204 Bağcılar/İstanbul",41.040187,28.850119,0531 739 34 93,,3,2,Mağaza,1.0,0.85
ChIJp8gSPhq7yhQRbX1efUPDUDA,Airlife wholesale,konfeksiyon atolyesi,deforme malzeme manipulasyonu,Merter,"Mehmet Nesih Özmen Mahallesi. Fatih Cad. Güldalı Sok, Mehmet Nesih Özmen, Merter Sok. No:12/D, 34173 Güngören/İstanbul",41.0099468,28.8877098,(0212) 505 08 28,,5,9,Giyim mağazası,1.0,0.85
ChIJe8-E-yG7yhQRigHWnIN1yCA,Alteks Örme Tekstil San. Tic. Ltd. Şti.,konfeksiyon atolyesi,deforme malzeme manipulasyonu,Merter,"Mehmet Nesih Özmen, Kızılağaç Sok., Merter No:11, 34173 Güngören/İstanbul",41.016318999999996,28.882674599999998,(0212) 637 06 14,,5,3,Mağaza,1.0,0.85
ChIJnfb0AYfZyhQRxj5AcPJnOjU,Aslan makina torna kaynak,torna tesviye atolyesi,hassas hizalama + alet kullanimi,Merter,"Deri OSB Mahallesi Tabak Sokak No:4 İç Kapı No:A ORHANLI, Deri OSB, 34956 Tuzla/İstanbul",40.8744345,29.363221499999995,0501 654 39 58,,5,12,Üretici,1.0,0.85
ChIJkUnuCPi1yhQRja5gptLeun4,Atölye torna,torna tesviye atolyesi,hassas hizalama + alet kullanimi,Merter,"Atatürk oto sanayi sitesi 6. Sokak 2. Kısım no:183, Maslak, 34485 Sarıyer/İstanbul",41.114772099999996,29.018470199999996,0542 694 49 66,,5,1,,1.0,0.85
ChIJUUvL7-W5yhQRjcIbAN4HEcg,Ay Torna Atölyesi Dekupaj Makinaları ve Deniz Malz. Yeni Yapımı,torna tesviye atolyesi,hassas hizalama + alet kullanimi,Merter,"Tersane caddesi eflatun çıkmazı no:6, Emekyemez, Eflatun Çk. no: 6 karaköy, 34421 Beyoğlu/İstanbul",41.0253765,28.969638999999997,(0212) 237 61 33,,3,4,,1.0,0.85
ChIJkUpyEiG7yhQRd4m2ppAsIpM,Ayka Tekstil Merter,konfeksiyon atolyesi,deforme malzeme manipulasyonu,Merter,"Mehmet Nesih Özmen, Çınar Sokağı No:33-35, 34173 Güngören/İstanbul",41.011435,28.889578499999995,0533 811 58 97,,,,Mağaza,1.0,0.85
ChIJLxFG1oGwyhQRULMwyQtDFDM,Dünya Torna,torna tesviye atolyesi,hassas hizalama + alet kullanimi,Merter,"Muratpaşa, Rami Kışla Caddesi , Uluyol İşkent San. Sit., 34040 Bayrampaşa/İstanbul",41.05038570000001,28.909688799999998,(0212) 564 74 02,,5,2,Üretici,1.0,0.85
ChIJ6_e0viuxyhQRt7TilZMFPGY,KLASMEN TEKSTİL,konfeksiyon atolyesi,deforme malzeme manipulasyonu,Merter,"Karadeniz, Ertuğrul Gazi Cd. 157/2, 34250 Gaziosmanpaşa/İstanbul",41.0842342,28.889879199999996,,http://www.klas-men.com/kurumsal.html,4.3,23,Mağaza,1.0,0.85
ChIJoUhDIRq7yhQRYtcU25XOSyc,Lenasso,konfeksiyon atolyesi,deforme malzeme manipulasyonu,Merter,"M.Nezih Özmen Mah Savaş Cad, Mehmet Nesih Özmen, Merter Sok. No:39 E16, 34160 Güngören/İstanbul",41.0109176,28.889122099999994,(0212) 642 44 62,,4.3,20,Giyim mağazası,1.0,0.85
ChIJGVexhlvGyhQRC5jBhl_RXjo,MERT TORNA (TORNA KAYNAK PRES ATÖLYESİ AKS REVİZYON MERKEZi),torna tesviye atolyesi,hassas hizalama + alet kullanimi,Merter,"İçerenköy, Nevzat Bey Sk., 34752 Ataşehir/İstanbul",40.9648247,29.109603599999996,0537 483 14 20,,5,23,,1.0,0.85
ChIJK68reGjQyhQRFYfDmtYB0p4,MTG Tekstil,konfeksiyon atolyesi,deforme malzeme manipulasyonu,Merter,"Kat:4, Mehmet Akif, Kadıköy Sk. No:13, 34920 Sultanbeyli/İstanbul",40.9686798,29.266749800000003,0546 866 25 32,,4.8,17,Mağaza,1.0,0.85
ChIJd8JfzRu7yhQRJIktsCTGSv0,Odl Jeans,konfeksiyon atolyesi,deforme malzeme manipulasyonu,Merter,"Mehmet Nesih Özmen, Fidan Sk. 6/8, 34760 Merter/Güngören/İstanbul",41.0116039,28.888907999999997,0533 304 63 57,,3.3,8,Giyim mağazası,1.0,0.85
ChIJI97-9iu7yhQR_jp4S3rqYNY,SEE MORE TEKSTİL,konfeksiyon atolyesi,deforme malzeme manipulasyonu,Merter,"MEHMET NESİH ÖZMEN MAHALLESİ NAR SOKAK, Mehmet Nesih Özmen, Merter Sok. NO:17/C, 34160 Güngören/İstanbul",41.0113401,28.890673099999997,0553 890 54 64,,4.2,5,Toptancı,1.0,0.85
ChIJ8cpRpo67yhQRLs6-m28XRHw,Tekstil atolyesi,konfeksiyon atolyesi,deforme malzeme manipulasyonu,Merter,"Çırpıcı Modabağ 9 sokak 21/A seyhan apartman, Çırpıcı, 34021 Zeytinburnu/İstanbul",41.002418299999995,28.9009841,0535 784 22 98,,5,2,Mağaza,1.0,0.85
ChIJjdGEaaHJyhQRAGOo7x6CNJI,YENİ TEXTİLE FASON KESİM DİKİM PAKET ATÖLYESİ,konfeksiyon atolyesi,deforme malzeme manipulasyonu,Merter,"Ihlamurkuyu Mahallesi Çanakkale CAD, Ihlamurkuyu, Hatıra Sk No:4, 34771 Dudullu Osb/Ümraniye/İstanbul",41.0218548,29.133137500000004,0547 124 23 24,,5,22,Hizmetler,1.0,0.85
ChIJ15XtVdbbyhQR8BXTv9ioAlo,Yılmaz Torna,torna tesviye atolyesi,hassas hizalama + alet kullanimi,Merter,"Velibaba, Mimar Sinan Cd. velibaba sanayi sitesi c4 blok no7, 34896 Pendik/İstanbul",40.8953969,29.262611999999997,0553 989 97 13,,5,28,Üretici,1.0,0.85
ChIJfc6raBi7yhQR-1bYAr3HNQM,Öz Taha Tekstil & Aksesuar,konfeksiyon atolyesi,deforme malzeme manipulasyonu,Merter,"Mehmet Nesih Özmen Mah Fatih Cad, No:15, Mehmet Nesih Özmen, Kızılağaç Sok. Keresteciler Sitesi, 34173 Güngören/İstanbul",41.016233299999996,28.882833299999998,(0212) 637 63 23,,4.3,194,Giyim mağazası,1.0,0.85
ChIJA0EGmKDPyhQRZ59UIuspsDA,Üsküdarlı Aslan Torna,torna tesviye atolyesi,hassas hizalama + alet kullanimi,Merter,"Esenkent, 2. Sokak, Kadosan Sanayi Sitesi No:16 C Blok, 34775 Ümraniye/İstanbul",40.9961801,29.1862662,(0216) 636 23 48,,3.6,21,Araç Bakım ve Onarımı,1.0,0.85
ChIJ80QnIKPbyhQRZ_nTTfpnz6M,"İSAN TORNA - FREZE - Hassas İmalat, Yedek Parça Üretimi",torna tesviye atolyesi,hassas hizalama + alet kullanimi,Merter,"Ramazanoğlu, Kurtköy Sanayi Sitesi B Blok No: 34, 34906 Pendik/İstanbul",40.900593799999996,29.298890000000004,0530 381 17 60,,5,1,Üretici,1.0,0.85
ChIJHcWzzjHPyhQRGUP1RnZuv3A,Atölyeden Mobilya Modoko,konfeksiyon atolyesi,deforme malzeme manipulasyonu,Modoko Umraniye,"Yukarı Dudullu, 3. Sk. No:137, 34775 Ümraniye/İstanbul",41.0065169,29.160025899999997,,https://www.atolyeden.com.tr/,5,7,Mobilya mağazası,1.0,0.85
ChIJbWlNTUrPyhQRwPRM-XGYUME,AŞKIN - TASARIM DİKİM EVİ,konfeksiyon atolyesi,deforme malzeme manipulasyonu,Modoko Umraniye,"Mimar Sinan, Yeşil Bahçe 10 /1, 34782 Çekmeköy/İstanbul",41.030073099999996,29.1833737,0542 391 67 22,,5,74,Giyim mağazası,1.0,0.85
ChIJH4rxGh3JyhQRV37qW6170qU,Er Ahşap Torna,torna tesviye atolyesi,hassas hizalama + alet kullanimi,Modoko Umraniye,"Yukarı Dudullu, Zümrüt Sk. No:18/B, 34775 Ümraniye/İstanbul",41.0122346,29.151036,0538 671 52 62,,5,13,Genel İnşaat İşleri Firması,1.0,0.85
ChIJcVBIj_7PyhQRhBopFk2DAgw,Erva Home Tekstil,konfeksiyon atolyesi,deforme malzeme manipulasyonu,Modoko Umraniye,"Modoko Sanayi Sitesi 9. Sokak M.Bayraktar Çıkmazı No:276, Yukarı Dudullu, 34775 Ümiraniye/İstanbul",41.0075918,29.156831999999998,(0216) 540 20 20,,4.8,25,Ev Eşyaları Mağazası,1.0,0.85
ChIJu29yiTnPyhQRDl-OPNHzNpE,Kardeşler Ağaç Torna,torna tesviye atolyesi,hassas hizalama + alet kullanimi,Modoko Umraniye,"Yukarı Dudullu, Akdinç Sk. 1/a, 34775 Dudullu/Ümraniye/Ümraniye/İstanbul",41.006486599999995,29.152609599999998,0554 271 31 47,,5,1,Üretici,1.0,0.85
ChIJZ0Dci8XJyhQRTPcTWHkojGk,Mayablanca tekstil sanayi ticaret limited sirketi,konfeksiyon atolyesi,deforme malzeme manipulasyonu,Modoko Umraniye,"Atatürk, Sütçü İmam Cd. No:1, 34773 Ümraniye/İstanbul",41.0240085,29.092784199999997,0532 407 08 79,,,,Mağaza,1.0,0.85
ChIJ9yky9tPJyhQRf3Uo-0n214M,Sultanım Gelin Aksesuarları Ümraniye,konfeksiyon atolyesi,deforme malzeme manipulasyonu,Modoko Umraniye,"Namık Kemal, Cengiz Topel Cd. No:2 D:c, 34764 Ümraniye/İstanbul",41.0236156,29.091417900000003,0553 647 67 28,,5,841,Giyim mağazası,1.0,0.85
ChIJA2WG2yTPyhQRe70EIpNXyFA,Yumuk Tekstil Sanayi Ticaret ve Limited Şirketi,konfeksiyon atolyesi,deforme malzeme manipulasyonu,Modoko Umraniye,"Cemil Meriç, Çayırönü Cd. No:13/a, 34771 Ümraniye/İstanbul",41.0179329,29.147811899999994,0532 768 91 50,,5,5,Mağaza,1.0,0.85
ChIJCbA4EEDPyhQR1tuHK-PVZck,Öziş Torna Atölyesi,torna tesviye atolyesi,hassas hizalama + alet kullanimi,Modoko Umraniye,"Yukarı Dudullu, C-308 Sk. 308/7 C-Blok, 34776 Ümraniye/İstanbul",40.9976305,29.159298000000003,(0216) 364 01 55,,5,1,Üretici,1.0,0.85
ChIJb3LF0fy2yhQRiBIfIsXgDjw,A.Doğukan Tekstil Sanayi,konfeksiyon atolyesi,deforme malzeme manipulasyonu,Osmanbey Sisli,"İzzet Paşa, Ayazma Yolu Sk. Yılmaz İş Hanı D:21, 34387 Şişli/İstanbul",41.06863,28.9882502,(0212) 232 03 35,,,,Mağaza,1.0,0.85
ChIJj2Z4W0i3yhQRuT_REfQkhQw,Aslı Torna,torna tesviye atolyesi,hassas hizalama + alet kullanimi,Osmanbey Sisli,"Mahmut Şevket Paşa, Piyalepaşa Cad. No:142, 34384 Şişli/İstanbul",41.0524937,28.962549199999998,,http://www.firmasec.com/firma/fcbyrk-asli-torna/,,,Mağaza,1.0,0.85
ChIJIajtit7IyhQRGT5ISs4hCd0,Atay Torna,torna tesviye atolyesi,hassas hizalama + alet kullanimi,Osmanbey Sisli,"Fatih Sultan Mehmet Sanayi Sitesi, Yapı Kooperatifi, Yamanevler, Ömer F. Atakan Cd., 34768 Ümraniye/İstanbul",41.025835,29.1192802,(0216) 632 88 12,,4.5,16,Üretici,1.0,0.85
ChIJ32V17Ru3yhQRVxzazcjFmSQ,Atölye Kostüm Tekstil,konfeksiyon atolyesi,deforme malzeme manipulasyonu,Osmanbey Sisli,"Merkez, Kazım Orbay Cd. No:55, 34381 Şişli/İstanbul",41.061887999999996,28.983248999999994,,http://dressbestuniforms.com/contact.html,1,3,Giyim mağazası,1.0,0.85
ChIJ6YhCdr21yhQRr84AOaOLVes,Dizayn Osmanbey,konfeksiyon atolyesi,deforme malzeme manipulasyonu,Osmanbey Sisli,"Meşrutiyet, Hacı Mansur Sk. 40b, 34363 Şişli/İstanbul",41.053822,28.990742899999997,(0212) 231 05 60,,5,6,Kadın giyim mağazası,1.0,0.85
ChIJc2NOlJ3EyhQRPzzaHyRa3N8,Erol Torna Tesviye Atölyesi,torna tesviye atolyesi,hassas hizalama + alet kullanimi,Osmanbey Sisli,"Çavuşoğlu, İspir Sk. No:4, 34873 Kartal/İstanbul",40.8968682,29.201327199999998,(0216) 488 85 23,,,,,1.0,0.85
ChIJ2z0vdOy3yhQRJ7chXYiARss,Fason dikim atölyesi,konfeksiyon atolyesi,deforme malzeme manipulasyonu,Osmanbey Sisli,"Çağlayan, Cami 2 Sk. No:5, 34000 Kağıthane/İstanbul",41.076143599999995,28.9804433,0544 134 12 38,,5,1,Üretici,1.0,0.85
ChIJ2VK7qXi3yhQRondwc4ScufA,GÜLTAŞ DİZAYN TASARIM LİMİTED ŞİRKETİ,konfeksiyon atolyesi,deforme malzeme manipulasyonu,Osmanbey Sisli,"Merkez, Lavanta Sk. no:5 kat:3, 34381 Şişli/İstanbul",41.0612886,28.980708999999997,(0212) 222 55 40,,4.8,36,Kurumsal Ofis,1.0,0.85
ChIJG3MlyBi3yhQR7Qv5UkHCvVE,Gülüm Bilgin Couture Atölye,konfeksiyon atolyesi,deforme malzeme manipulasyonu,Osmanbey Sisli,"Meşrutiyet mahallesi Vali Konağı Cad. No:101 Akarsu, Halaskargazi, Apt Kat 2, 34363 Şişli/İstanbul",41.0520791,28.991712699999997,0532 302 64 96,,5,4,Giyim mağazası,1.0,0.85
ChIJa1kszRG3yhQRfOt8I7PCO44,MIGRET ATÖLYE BY ÖZCAN TERZİ,konfeksiyon atolyesi,deforme malzeme manipulasyonu,Osmanbey Sisli,"HALASKARGAZİ CADDESİ 115 ZİYA PASAJI, Cumhuriyet, 34380 Şişli/İstanbul",41.0545715,28.986914900000002,0532 454 13 52,,5,3,Hizmetler,1.0,0.85
ChIJIZEmIDK3yhQRShyhDz7I5Jw,Melis Tekstil Fason Atölye,konfeksiyon atolyesi,deforme malzeme manipulasyonu,Osmanbey Sisli,"Kağıthane İstanbul TR, Çağlayan, Park Cd No: 49 Kat:5, 34403 Şişli/İstanbul",41.075632999999996,28.981846,0535 600 23 55,,5,1,Mağaza,1.0,0.85
ChIJ26HPZ7W1yhQRpCrb_Q1f0JU,Oben Tekstil AŞ,konfeksiyon atolyesi,deforme malzeme manipulasyonu,Osmanbey Sisli,"Meşrutiyet, Kodaman Sk. No:32, 34363 Şişli/İstanbul",41.053753199999996,28.991943799999998,(0212) 225 35 49,,3,2,Kadın giyim mağazası,1.0,0.85
ChIJ5Sr4hxC3yhQRgtfqwohQV5w,Prenses Dikimevi,konfeksiyon atolyesi,deforme malzeme manipulasyonu,Osmanbey Sisli,"Bozkurt, Ergenekon Cd. Muratoğlu Çarşısı No:48, 34375 Şişli/İstanbul",41.0519878,28.9852248,(0212) 241 76 27,,4.5,2,Üretici,1.0,0.85
ChIJwT0IUse3yhQRrChy3G3xil4,SEVİLAY dikiş atölyesi,konfeksiyon atolyesi,deforme malzeme manipulasyonu,Osmanbey Sisli,"OSMAN BEY, Meşrutiyet, Baytar Ahmet Sk., 34363 Şişli/İstanbul",41.053463099999995,28.990676299999997,0534 233 10 85,,5,2,Terzi,1.0,0.85
ChIJfw3Uwg-3yhQRSCjCdfXq9YI,Samara Tekstil Ürünleri San. Ve Dış Tic. Ltd. Şti.,konfeksiyon atolyesi,deforme malzeme manipulasyonu,Osmanbey Sisli,"Meşrutiyet, Matbaacı Osmanbey Sok. No:7, 34363 Şişli/İstanbul",41.0551646,28.988539499999998,(0212) 291 33 46,,5,2,Hizmetler,1.0,0.85
ChIJiXH6iRi3yhQRvwemyDaIvzE,Seçgin Biye - Bomonti,konfeksiyon atolyesi,deforme malzeme manipulasyonu,Osmanbey Sisli,"Halide Edip Adıvar, Kestanelik Sk. No:29, 34382 Şişli/İstanbul",41.0619826,28.977179699999997,(0212) 320 05 21,,4,9,Mağaza,1.0,0.85
ChIJ5dAbvb21yhQRdHty5u7dHCo,YEŞİL TEKSTİL,konfeksiyon atolyesi,deforme malzeme manipulasyonu,Osmanbey Sisli,"Cumhuriyet, Nakiye Elgün Sok. No:23, 34250 Şişli/İstanbul",41.0547366,28.986193199999995,(0212) 241 69 64,,5,6,Üretici,1.0,0.85
ChIJO1m-RxC3yhQRdyQXsWM6xXA,Yılay Tekstil,konfeksiyon atolyesi,deforme malzeme manipulasyonu,Osmanbey Sisli,"Cumhuriyet, Nakiye Elgün Sok. 3/a, 34380 Şişli/İstanbul",41.054204,28.986262,(0212) 233 12 62,,5,2,Giyim mağazası,1.0,0.85
ChIJT54bahm3yhQR1FaCpzF2gR4,metraj takstil kesim dikim atölye kalip seri dijit imalat tasarım bayan diş giyim,konfeksiyon atolyesi,deforme malzeme manipulasyonu,Osmanbey Sisli,"Meşrutiyet, Albay Sadi Alantar Sokağı melek ap no 10, 34363 Şişli/İstanbul",41.0548959,28.9924896,0532 477 97 30,,4.5,2,Mağaza,1.0,0.85
ChIJsUEf02bJyxQRTT8n4yFhnhY,Özen Torna Tesviye,torna tesviye atolyesi,hassas hizalama + alet kullanimi,Osmanbey Sisli,"Sinanbey, 32. Sk. No:13 D:13, 16400 İnegöl/Bursa",40.0908877,29.513490099999995,(0224) 714 88 63,,4.3,16,Araç Bakım ve Onarımı,1.0,0.85
ChIJKfN24hq3yhQR-mRlXFTlD7M,Üç As Tekstil Aksesuar,konfeksiyon atolyesi,deforme malzeme manipulasyonu,Osmanbey Sisli,"Merkez, İskete Sk. 9-C, 34381 Şişli/İstanbul",41.0594706,28.985867799999998,(0212) 232 66 56,,5,7,Mağaza,1.0,0.85
ChIJkzpUduu3yhQR_58tgCpaZSA,İrem Tekstil osmanbey,konfeksiyon atolyesi,deforme malzeme manipulasyonu,Osmanbey Sisli,"Halaskargazi caddesi, Halaskargazi, Şafak Sk. no:14, 34500 Şişli/İstanbul",41.051839699999995,28.990450900000003,(0212) 225 82 20,,5,4,Üretici,1.0,0.85
ChIJqYQKYme3yhQRJCIuJ2YPVqA,Can Tekstil Okmeydanı,konfeksiyon atolyesi,deforme malzeme manipulasyonu,Perpa Okmeydani,"Mahmut Şevket Paşa, Fevzi Çakmak Cd. Serhat İş Hanı içinde No:5 kat 5, 34000 Şişli/İstanbul",41.0547098,28.9628196,,https://www.instagram.com/cantekstil_okmeydani/,5,6,Mağaza,1.0,0.85
ChIJ57mkX927yhQRIYHs3sQDAYo,Okmeydanı bayan ceket atölyesi,konfeksiyon atolyesi,deforme malzeme manipulasyonu,Perpa Okmeydani,"Okmeydanı. Mah dört, Gençosman, Akçaylı Sokağı no 15/B, 34400 Şişli/İstanbul",41.032964,28.873897999999997,0536 460 75 16,,,,Üretici,1.0,0.85
ChIJWYqe9cu3yhQRozzFLIOUFo0,PIRILTI GİYİM,konfeksiyon atolyesi,deforme malzeme manipulasyonu,Perpa Okmeydani,"FETİHTEPE MAHALLESİ FATİH SULTAN CADDESİ, Fetihtepe, Okmeydanı Cd. No:117, 34421 Beyoğlu/İstanbul",41.050365899999996,28.959106000000002,0535 365 12 63,,4.9,14,Giyim mağazası,1.0,0.85
ChIJJdpx4l63yhQRd9nvIwz-cI8,Tempo Kurumsal İş Elbiseleri,konfeksiyon atolyesi,deforme malzeme manipulasyonu,Perpa Okmeydani,"Halil Rıfat Paşa, Yüzer Havuz Sk. Perpa Ticaret Merkezi B Blok Kat:11 No:2030, 34400 Şişli/İstanbul",41.060621999999995,28.970145700000003,,https://www.kurumsalelbise.com/,5,9,Giyim mağazası,1.0,0.85
ChIJXYmBLby1yhQRalRfJ2y6hWs,Yapan Torna,torna tesviye atolyesi,hassas hizalama + alet kullanimi,Perpa Okmeydani,"Mahmut Şevket Paşa, Güngör Sk. No:24 D:1, 34384 Şişli/Istanbul - Europe",41.0510069,28.9629395,(0212) 235 95 54,,5,3,Yapı Malzemeleri Mağazası,1.0,0.85
ChIJ0w67WDu3yhQRC-J9Tra6TeM,Şara Butik,konfeksiyon atolyesi,deforme malzeme manipulasyonu,Perpa Okmeydani,"Perpa ticaret merkezi B blok. K. 11 N.2016, Halil Rıfat Paşa, 34384 Şişli/İstanbul",41.0612393,28.970502,(0212) 320 42 48,,,,Giyim mağazası,1.0,0.85
ChIJG3zoho6hyhQR2Hbvp8rfCYE,Arel Tekstil,konfeksiyon atolyesi,deforme malzeme manipulasyonu,Persembe Pazari Karakoy,"Sururi, Tarakçı Cafer Sk. No: 15/D, 34805 Fatih/İstanbul",41.0132586,28.971385700000003,0530 353 14 13,,5,3,Giyim mağazası,1.0,0.85
ChIJE18jH5m3yhQRq9EqcRP1qOo,Beyoğlu Tasarım Atölyesi,konfeksiyon atolyesi,deforme malzeme manipulasyonu,Persembe Pazari Karakoy,"Katip Mustafa Çelebi, Anadolu Sk. 2/2, 34433 Beyoğlu/İstanbul",41.0342219,28.981140999999997,0545 537 72 12,,5,3,Kadın giyim mağazası,1.0,0.85
ChIJJ2PrUAC5yhQRkJqotwqMqcQ,CRASH KÜÇÜK TİŞÖRT ATÖLYESİ,konfeksiyon atolyesi,deforme malzeme manipulasyonu,Persembe Pazari Karakoy,"Müeyyetzade, Tatar Beyi Sk. No:34, 34425 Beyoğlu/İstanbul",41.0266454,28.976043999999998,(0212) 292 43 64,,4,4,Giyim mağazası,1.0,0.85
ChIJJf0hsZO5yhQRUuKYa22QBL4,Eren Aksesuar,konfeksiyon atolyesi,deforme malzeme manipulasyonu,Persembe Pazari Karakoy,"Taya Hatun, Tığcılar Sk. Kapalı Çarşı No:9, 34120 Fatih/İstanbul",41.012656899999996,28.9679452,(0212) 526 19 77,,4.6,14,Mağaza,1.0,0.85
ChIJEWmCw-W5yhQRFqLbqlYW1V0,Kardeşler Torna Planya Atölyesi,torna tesviye atolyesi,hassas hizalama + alet kullanimi,Persembe Pazari Karakoy,"Emekyemez, Harup Sk. No:7 D:6, 34421 Karaköy - Beyoğlu/Beyoğlu/İstanbul",41.026060799999996,28.969416,(0212) 253 04 69,,,,Üretici,1.0,0.85
ChIJN31t5zi3yhQRNpjwvVP_SnU,Murat Boncuk Kostüm ve Deri Tasarım Atölyesi,konfeksiyon atolyesi,deforme malzeme manipulasyonu,Persembe Pazari Karakoy,"Kuloğlu, Ağa Külhanı Sk. No:15/1, 34425 Beyoğlu/İstanbul",41.0322453,28.9814742,0532 332 81 46,,5,17,Giyim mağazası,1.0,0.85
ChIJUWHto-e5yhQRllCIUBeQ02s,Serenad Galata,konfeksiyon atolyesi,deforme malzeme manipulasyonu,Persembe Pazari Karakoy,"Bereketzade, Camekan Sk. no:4/H, 34421 Beyoğlu/İstanbul",41.0252403,28.974393199999998,(0212) 293 91 00,,4.6,10,Giyim mağazası,1.0,0.85
ChIJJaDLQiC5yhQRUBarxhgzOeY,Sosyete Pazarı,konfeksiyon atolyesi,deforme malzeme manipulasyonu,Persembe Pazari Karakoy,"İstiklal Cad, Asmalı Mescit, Terkoz Çk. Sok. No:4/b, 34430 Beyoğlu/İstanbul",41.0310749,28.975383299999997,0541 309 34 55,,4,250,Mağaza,1.0,0.85
ChIJr-fB7Ka6yhQRbfWu-VdUF-c,Öz Bahadır Triko,konfeksiyon atolyesi,deforme malzeme manipulasyonu,Persembe Pazari Karakoy,"Molla Fenari, Selvili Mescit Sk. ESKİ KURT İŞ HANI :13 / 201, 34093 Fatih/İstanbul",41.011515599999996,28.973046999999998,(0212) 511 70 15,,5,1,Kadın giyim mağazası,1.0,0.85
ChIJIw9Qoo6lyhQRWGcrv6QWk5E,AKF FASON KESİM ATÖLYESİ,konfeksiyon atolyesi,deforme malzeme manipulasyonu,Zeytinburnu,"Telsiz, 320. Sk. NO:1/A, 34500 Zeytinburnu/İstanbul",41.0028205,28.9128985,0538 571 74 43,,5,8,Üretici,1.0,0.85
ChIJvRdnRKy7yhQRZMjmhxLy9SM,AYNUR KESİM,konfeksiyon atolyesi,deforme malzeme manipulasyonu,Zeytinburnu,"Merkezefendi, G/65. Sk. No:6 B, 34015 Zeytinburnu/İstanbul",41.00888,28.9140825,(0212) 679 25 73,,5,11,Giyim mağazası,1.0,0.85
ChIJJ8LMswu7yhQRp5MvyPEJwKo,Adm Tekstil,konfeksiyon atolyesi,deforme malzeme manipulasyonu,Zeytinburnu,"Beştelsiz, 116. Sk. 27/B, 34020 Zeytinburnu/İstanbul",40.9994884,28.903064500000003,0537 418 34 98,,3.7,3,Mağaza,1.0,0.85
ChIJO-gfzqC7yhQRA0DylLF22jw,Azn Fashion,konfeksiyon atolyesi,deforme malzeme manipulasyonu,Zeytinburnu,"Telsiz, Dr. Sadık Ahmet Sk. 42.c, 34020 Zeytinburnu/İstanbul",41.0005336,28.908607600000003,(0212) 665 44 94,,3.7,6,Spor Giyim Mağazası,1.0,0.85
ChIJI2Qsrfi6yhQRvxZS1tVVwD8,Deniz Torna,torna tesviye atolyesi,hassas hizalama + alet kullanimi,Zeytinburnu,"Maltepe, mah. 7/74, Teknik Oto San, 34010 topkapı Topkapı, Cevizlibağ, Topkapı, Davutpaşa Cd., 34010 Zeytinburnu/İstanbul",41.018962699999996,28.905727300000002,0538 231 02 08,,4.2,25,Hizmetler,1.0,0.85
ChIJVzt12fi6yhQR8S_E0YENB_s,Ernur Tekstil Tic. ve San.,konfeksiyon atolyesi,deforme malzeme manipulasyonu,Zeytinburnu,"Maltepe, Davutpaşa Cd. Kale İş Merkezi D:191, 34010 Zeytinburnu/İstanbul",41.020198799999996,28.903644600000003,0533 238 77 63,,,,Mağaza,1.0,0.85
ChIJZaC5bHa7yhQR8DLIh1keE4I,Gizem Deri Boya Ve Tamir Atölyesi,konfeksiyon atolyesi,deforme malzeme manipulasyonu,Zeytinburnu,"Gökalp, 58/3. Sk. No:12, 34020 Zeytinburnu/İstanbul",40.9905267,28.904766699999996,0541 257 28 07,,4.9,21,Hizmetler,1.0,0.85
ChIJnfKta3O7yhQRrHbBWVWMIZY,Gönül Konfeksiyon,konfeksiyon atolyesi,deforme malzeme manipulasyonu,Zeytinburnu,"Veliefendi, 75/2. Sk. Fazlıoğlu işhanı No:1 No:1, 34025 Zeytinburnu/İstanbul",40.9958337,28.898565199999997,(0212) 510 45 51,,5,1,Üretici,1.0,0.85
ChIJZ5yA4Ka7yhQRmfEOp2ntjOo,HEDEF TEKSTİL,konfeksiyon atolyesi,deforme malzeme manipulasyonu,Zeytinburnu,"Sümer, 24. Sk. 65/A, 34020 Zeytinburnu/İstanbul",40.992853100000005,28.8967702,0545 791 48 47,,,,Mağaza,1.0,0.85
ChIJ-Wif6d22yhQRBSbK-wU4WQA,"HNF Deri & Tekstil Giyim, Kalıp Ofisi",konfeksiyon atolyesi,deforme malzeme manipulasyonu,Zeytinburnu,"Gökalp, 34400 Zeytinburnu/İstanbul",40.9886644,28.9064733,0532 761 39 60,,,,Üretici,1.0,0.85
ChIJA2JEBA27yhQRfY5ajbtDay4,Hanlar Tekstil,konfeksiyon atolyesi,deforme malzeme manipulasyonu,Zeytinburnu,"25/B, Çırpıcı, 3. Taşocağı Sk., 34015 Zeytinburnu/İstanbul",41.000011099999995,28.897061100000002,(0212) 510 40 85,,5,3,Üretici,1.0,0.85
ChIJy4eUgAy7yhQRk6Xigx-9Rpc,Hilal Tekstil,konfeksiyon atolyesi,deforme malzeme manipulasyonu,Zeytinburnu,"Çırpıcı, Yeşilyol G Sk. No:30, 34025 Zeytinburnu/İstanbul",40.999514,28.900233,0535 214 59 21,,4.3,4,Mağaza,1.0,0.85
ChIJZxSFdAq7yhQRaa5I8QPp4hY,HİLAL BİYE biye kesim hazır biye,konfeksiyon atolyesi,deforme malzeme manipulasyonu,Zeytinburnu,"Telsiz, 101. Sk No:100/B, 34020 Zeytinburnu/İstanbul",41.0023991,28.907640999999998,0532 354 66 91,,4.2,21,Ev Eşyaları Mağazası,1.0,0.85
ChIJQdjJAVa6yhQReXs20LAQar4,Kardeşler Torna,torna tesviye atolyesi,hassas hizalama + alet kullanimi,Zeytinburnu,"Maltepe, Serçekale Sk. No:13, 34010 Zeytinburnu/İstanbul",41.0194437,28.9070133,,http://kardeslertorna.com.tr/,4.8,4,Araç Bakım ve Onarımı,1.0,0.85
ChIJUWE7ep27yhQRCO1bc6quRrQ,Kevser,konfeksiyon atolyesi,deforme malzeme manipulasyonu,Zeytinburnu,"Yenidoğan, 34020 Zeytinburnu/İstanbul",40.988105,28.9068924,(0212) 416 73 93,,2.1,7,Mağaza,1.0,0.85
ChIJOa4g9Sa7yhQRPLp9T-2beFo,Korkut Tekstil,konfeksiyon atolyesi,deforme malzeme manipulasyonu,Zeytinburnu,"Yeşiltepe, 57/9. Sk., 34025 Zeytinburnu/İstanbul",40.9933438,28.898571799999996,0532 377 89 22,,,,Mağaza,1.0,0.85
ChIJJ0w1UmC7yhQRZjD77c1mMzY,Pelin Tekstil Fason Kesim ve İmalat,konfeksiyon atolyesi,deforme malzeme manipulasyonu,Zeytinburnu,"Çırpıcı, Sefa Sk. no 19, 34025 Zeytinburnu/İstanbul",40.9997396,28.8966746,0536 609 85 17,,5,5,Üretici,1.0,0.85
ChIJLcrN04K7yhQRAHI-d8Ap5XE,Shaky Zeytinburnu,konfeksiyon atolyesi,deforme malzeme manipulasyonu,Zeytinburnu,"Kazlıçeşme, Beşkardeşler 4. Sk. No:18, 34020 Zeytinburnu/İstanbul",40.9850536,28.908872199999998,,http://www.shakyleather.com/,4.1,102,Giyim mağazası,1.0,0.85
ChIJqxmnpC67yhQRZImm7qrboos,Türkeli Tekstil,konfeksiyon atolyesi,deforme malzeme manipulasyonu,Zeytinburnu,"Sümer, 27/4. Sk. No:10/A, 34025 Zeytinburnu/İstanbul",40.98860390000001,28.8976301,0536 294 82 39,,5,2,Mağaza,1.0,0.85
ChIJpfQsi76gyhQR9I_OQcVeGC4,Zeytinburnu Tekstil,konfeksiyon atolyesi,deforme malzeme manipulasyonu,Zeytinburnu,"No:1A, Gökalp, 257. Sk., 34225 Zeytinburnu/İstanbul",40.9936678,28.904508300000003,0535 109 10 10,,5,1,Giyim mağazası,1.0,0.85
ChIJYWK1WQq7yhQRpQ5AXblhPR8,İlay Tekstil,konfeksiyon atolyesi,deforme malzeme manipulasyonu,Zeytinburnu,"Beştelsiz, Cahit Bayram Sok. 23/A, 34020 Zeytinburnu/İstanbul",40.998604,28.9041867,(0212) 665 51 27,,5,4,Mağaza,1.0,0.85
ChIJz2tT-qO7yhQREM7MuSicTm0,İshak Tekstil'e,konfeksiyon atolyesi,deforme malzeme manipulasyonu,Zeytinburnu,"Telsiz, 84. Sk. 8/B, 34020 Zeytinburnu/İstanbul",40.998042999999996,28.9126558,0530 408 92 32,,5,3,Mağaza,1.0,0.85
ChIJ61fhBQ67yhQR0PSD1bieMxg,ورشة امبلاج ازرار وعراوي Giyim ve ilik açma atölyesi,konfeksiyon atolyesi,deforme malzeme manipulasyonu,Zeytinburnu,"Yenidoğan, 50/1. Sk. No:5, 34020 Zeytinburnu/İstanbul",40.9880371,28.905140600000003,0534 826 65 68,,5,2,,1.0,0.85
ChIJxSUiTWWwyhQRj3aAj3tMsDo,ANTİK AHŞAP,mobilya atolyesi,iki elli montaj + alet kullanimi,Bayrampasa,"Yıldırım, Yalvaç Sk. 22/A, 34045 Bayrampaşa/İstanbul",41.063524199999996,28.8956126,0535 456 28 47,,5,3,Üretici,0.95,0.815
ChIJ5bz3KwC7yhQRBnMbkYIMYas,Aksoy Mobilya,mobilya atolyesi,iki elli montaj + alet kullanimi,Bayrampasa,"Altıntepsi, Kıvanç Sk. No:31, 34030 Bayrampaşa/İstanbul",41.036133899999996,28.899689000000002,0532 366 38 89,,5,9,Üretici,0.95,0.815
ChIJPT_bVXmwyhQRggRl593ZvcY,Alagöz Mobilya,mobilya atolyesi,iki elli montaj + alet kullanimi,Bayrampasa,"Kartaltepe, Mehmet Akif Cd. No:36, 34040 Bayrampaşa/İstanbul",41.0573943,28.9001161,,https://www.alagozmobilya.com/,4.2,5,Üretici,0.95,0.815
ChIJkykAOXmxyhQRUmeX7tnWbJc,Azim Mobilya Dekorasyon,mobilya atolyesi,iki elli montaj + alet kullanimi,Bayrampasa,"Cevatpaşa, Kemaliye Sk. 43/B, 34000 Bayrampaşa/İstanbul",41.0713579,28.888170099999996,0541 449 19 15,,5,13,Üretici,0.95,0.815
ChIJ55F_C4i6yhQROqVCGuser2A,ERA MUTFAK MOBİLYA DEKORASYON LTD.ŞTİ.,mobilya atolyesi,iki elli montaj + alet kullanimi,Bayrampasa,"67/C, İsmet Paşa, İsmet Paşa Cd., 34040 Bayrampaşa/İstanbul",41.0419839,28.905034299999997,(0212) 567 43 17,,5,2,Üretici,0.95,0.815
ChIJ9cMQiGmwyhQRQTEQFeo550Y,ERFA MOBİLYA - AHŞAP DOĞRAMA ATOLYESİ,mobilya atolyesi,iki elli montaj + alet kullanimi,Bayrampasa,"Barbaros Hayrettinpaşa, 1030/2. Sk. No:3, 34250 Gaziosmanpaşa/İstanbul",41.072721200000004,28.8888091,0535 463 86 82,,5,6,,0.95,0.815
ChIJCQ6MOn66yhQRLnR6xOqzRio,Elbir Dizayn,mobilya atolyesi,iki elli montaj + alet kullanimi,Bayrampasa,"Kocatepe, 35. Sk. No:11, 34045 Bayrampaşa/İstanbul",41.049574299999996,28.898936699999997,0543 483 78 38,,3.7,6,Üretici,0.95,0.815
ChIJ8xSgqvO6yhQRCpCrnqycfLc,Eryılmaz mobilya,mobilya atolyesi,iki elli montaj + alet kullanimi,Bayrampasa,"Terazidere, Aydın Sk. No:41, 34035 Bayrampaşa/İstanbul",41.03257970000001,28.8976114,0542 530 60 13,,4.5,2,Mobilya mağazası,0.95,0.815
ChIJW7MEin-6yhQRaD5cGw9EIvk,Ferhat Mobilya,mobilya atolyesi,iki elli montaj + alet kullanimi,Bayrampasa,"Terazidere, Uygur Cd. 26-28, 34040 Bayrampaşa/İstanbul",41.0353146,28.9035841,0545 492 75 82,,4.3,13,Üretici,0.95,0.815
ChIJ01Ool4C6yhQRwKtXeXZUBtc,Güneş Mobilya Dekorasyon Atölyesi,mobilya atolyesi,iki elli montaj + alet kullanimi,Bayrampasa,"Muratpaşa, Sofular Cd. 71-A, 34040 Bayrampaşa/İstanbul",41.048134,28.905421399999998,(0212) 614 86 46,,,,Ev Eşyaları Mağazası,0.95,0.815
ChIJLc1a8Xe6yhQR_5avvIr8euU,Gür Doğrama Ve Mobilya Atölyesi,mobilya atolyesi,iki elli montaj + alet kullanimi,Bayrampasa,"Rami Cuma, Talimhane Cd., 34055 Eyüpsultan/İstanbul",41.047058799999995,28.918344399999995,(0212) 578 42 60,,,,Üretici,0.95,0.815
ChIJs-hqcGC6yhQRgXbnOMojM0A,Hoşgördü Mobilya Cila Lake,mobilya atolyesi,iki elli montaj + alet kullanimi,Bayrampasa,"Vatan Mahallesi Barut Sokak No:10/kat1/2, Vatan, 34035 Bayrampaşa/İstanbul",41.032581,28.9083807,(0212) 577 60 13,,5,5,Üretici,0.95,0.815
ChIJuXBMmsmxyhQR8-QtbPumjeI,Lina koltuk tasarım mobilya,mobilya atolyesi,iki elli montaj + alet kullanimi,Bayrampasa,"Kartaltepe, Avasköy Yolu Cd. 3A, 34040 Bayrampaşa/İstanbul",41.0608609,28.8992519,0553 000 81 24,,,,Hizmetler,0.95,0.815
ChIJ7y9JD2ywyhQRb9L9VD_Ar7E,Mesan Ahşap,mobilya atolyesi,iki elli montaj + alet kullanimi,Bayrampasa,"Cevatpaşa, 100. Yıl Cd No:6, 34045 Bayrampaşa/İstanbul",41.0708973,28.889311199999998,0532 710 24 38,,3,4,,0.95,0.815
ChIJU057XDyxyhQRAgECD0bSvC8,OZN MOBİLYA DEKORASYON & MARANGOZ İMALAT VE TAMİRİ,mobilya atolyesi,iki elli montaj + alet kullanimi,Bayrampasa,"Kazım Karabekir, 805. Sk. NO:14/16, 34255 Gaziosmanpaşa/İstanbul",41.0766457,28.908053999999996,0535 480 82 52,,5,31,,0.95,0.815
ChIJkWVWglW7yhQRouQQGCCC2wI,Rkmobilya,mobilya atolyesi,iki elli montaj + alet kullanimi,Bayrampasa,"Yenidoğan, Gazi Sk. No:17, 34040 Bayrampaşa/İstanbul",41.036664099999996,28.9171069,0536 744 73 57,,5,2,Üretici,0.95,0.815
ChIJOZL-M4W7yhQRWbcRx-essYA,SHS ÖZGÜR MOBİLYA AKSESUARLARI,mobilya atolyesi,iki elli montaj + alet kullanimi,Bayrampasa,"Muratpaşa, Kamil Cd. No:70, 34040 Bayrampaşa/İstanbul",41.048595,28.9066065,0533 142 07 37,,5,18,Mobilya mağazası,0.95,0.815
ChIJ-yZVLdG7yhQR07eKUoIiLi0,Sade Mobilya,mobilya atolyesi,iki elli montaj + alet kullanimi,Bayrampasa,"Vatan, Barut Sk. No 10 kat 1, 34035 Bayrampaşa/İstanbul",41.032581,28.9083807,0535 970 11 72,,4.9,7,Üretici,0.95,0.815
ChIJZzUj-Hy6yhQRyIBxujYcxZs,Ser Mobilya,mobilya atolyesi,iki elli montaj + alet kullanimi,Bayrampasa,"Yenidoğan, Cengiz Topel Cd. No:46, 34040 Bayrampaşa/İstanbul",41.037066200000005,28.914310000000004,0544 793 30 60,,,,Üretici,0.95,0.815
ChIJteH-HWW6yhQRG2Ugd8sIuFc,Tohum Mobilya,mobilya atolyesi,iki elli montaj + alet kullanimi,Bayrampasa,"Yenidoğan, Kızılay Sokağı 20/A, 34030 Bayrampaşa/İstanbul",41.038050299999995,28.915027799999997,0506 815 40 05,,5,4,Üretici,0.95,0.815
ChIJq9jqeFS7yhQRx7_No7MVLLY,USTA AHŞAP ÜRÜNLERİ,mobilya atolyesi,iki elli montaj + alet kullanimi,Bayrampasa,"Kocatepe, Kocatepe Cd. No:32/B, 34045 Bayrampaşa/İstanbul",41.051087599999995,28.897899299999995,(0212) 428 40 30,,3.5,13,Üretici,0.95,0.815
ChIJZ4f6HLS7yhQRij4sHKIOXUc,Çam cila mobilya lake atölyesi,mobilya atolyesi,iki elli montaj + alet kullanimi,Bayrampasa,"Kartaltepe, 34020 Bayrampaşa/İstanbul",41.0605899,28.897666100000002,0554 657 19 97,,5,3,Hizmetler,0.95,0.815
ChIJvYIoEHCwyhQRyKXGj37a-dY,İrem Büro ve Ev Çekyat Koltuk İmalatı,mobilya atolyesi,iki elli montaj + alet kullanimi,Bayrampasa,"Yıldırım, Zonguldak Sk. No:9, 34045 Bayrampaşa/İstanbul",41.0630348,28.893831,(0212) 563 93 65,,5,1,Üretici,0.95,0.815
ChIJrW0yYo2lyhQR3pmiEbs0VUk,Atakent Mobilya Atolyesi,mobilya atolyesi,iki elli montaj + alet kullanimi,Ikitelli OSB,"Yarımburgaz Mahallesi, 2, Yarımburgaz, Aydoğdu Sk. No:44, 34307 Küçükçekmece/İstanbul",41.0457191,28.754476200000003,0506 271 36 25,,5,36,,0.95,0.815
ChIJr6YE95DJyhQRowxhB9WSU7w,Atölye Fehmi,mobilya atolyesi,iki elli montaj + alet kullanimi,Ikitelli OSB,"Aşıkveysel, 3049. Sk. No:8, 34707 Ataşehir/İstanbul",41.001909999999995,29.090639,,http://www.atolyefehmi.com/,5,161,,0.95,0.815
ChIJLbO-4cqvyhQRvBX9xRXeW7E,FERAH ORMAN ÜRÜNLERİ MDF &SUNTA TOPTAN SATIŞ ANA BAYİ,mobilya atolyesi,iki elli montaj + alet kullanimi,Ikitelli OSB,"İKİTELLİ OSB .MAH. KERESTECİLER SAN. SİT. 22.BLOK.41, FERAH GLOBAL ORMAN ÜRÜNLERİ SAN.TİC. A.Ş, İkitelli OSB, No: 41, 34490 Başakşehir/İstanbul",41.0694635,28.783229700000003,0555 052 57 44,,4.6,16,Mobilya mağazası,0.95,0.815
ChIJo4t48-ilyhQR2YHTArPxn8A,Hare Ahşap Ebatlama,mobilya atolyesi,iki elli montaj + alet kullanimi,Ikitelli OSB,"İkitelli Organize Sanayi Bölgesi, İkitelli OSB, 26. Sk. 27.Sokak No:31 - 33, 34490 Başakşehir/İstanbul",41.0698139,28.779906799999996,(0212) 670 36 71,,4.8,26,Yapı Malzemeleri Mağazası,0.95,0.815
ChIJOXk9ONmlyhQRQuIrXTX8fcE,Kütük Atölyem,mobilya atolyesi,iki elli montaj + alet kullanimi,Ikitelli OSB,"İkitelli OSB, 20. Blok Sk İkitelli Keresteciler Sitesi No:9, 34490 Başakşehir/İstanbul",41.075515700000004,28.8040621,0535 714 06 77,,,,Yapı Malzemeleri Mağazası,0.95,0.815
ChIJye3tBbelyhQRvUQi2lIJvww,Masko Marangoz Atölyesi,mobilya atolyesi,iki elli montaj + alet kullanimi,Ikitelli OSB,"3. sakarya sokak, Mehmet Akif, Ikitelli Cd. No:40, 34307 Küçükçekmece/İstanbul",41.0556489,28.8011998,0553 728 50 58,,,,Üretici,0.95,0.815
ChIJ_Z8VkielyhQRkdg3nJ4rpEI,Mobilya Atölyesi - Yavuz Karamürsel,mobilya atolyesi,iki elli montaj + alet kullanimi,Ikitelli OSB,"İkitelli OSB, Marmara Küçük Sanayi Sitesi Blok No :18, 34490 Küçükçekmece/İstanbul",41.0607804,28.797529700000002,0532 215 35 48,,4.4,5,Üretici,0.95,0.815
ChIJDX0dtvivyhQRiTI7P-TRQVA,Mobilya Montaj 7/24 Hizmet,mobilya atolyesi,iki elli montaj + alet kullanimi,Ikitelli OSB,"SOM1 Rezidans, İkitelli OSB, ESKOOP 2 Sk Kat 4 Daire: 20, 34448 Başakşehir/İstanbul",41.081595,28.798281,0538 220 68 10,,5,6,Hizmetler,0.95,0.815
ChIJG9O6jEKnyhQR37OaiqUn-Xc,SABİT DİZAYN MOBİLYA ATÖLYESİ,mobilya atolyesi,iki elli montaj + alet kullanimi,Ikitelli OSB,"Güvercintepe, Yeşilyurt Sk. 227-229, 34494 Başakşehir/İstanbul",41.0867967,28.7514924,0546 420 89 58,,5,5,Üretici,0.95,0.815
ChIJcSxXK6GvyhQR3cy-CtZ7muI,Serap Mobilya Dekorasyon,mobilya atolyesi,iki elli montaj + alet kullanimi,Ikitelli OSB,"Başakşehir İsteks san.sit, İkitelli OSB, C3 Blok no3, 34480 Başakşehir/İstanbul",41.0971847,28.7951461,0536 562 72 91,,3.2,15,Üretici,0.95,0.815
ChIJ1S8osu6lyhQRjVmnukNXL9c,Terzioğlu Ahşap,mobilya atolyesi,iki elli montaj + alet kullanimi,Ikitelli OSB,"İkitelli OSB, 25. Sk. No:24, 34490 Başakşehir/İstanbul",41.0700419,28.780865199999997,(0212) 670 02 75,,3.9,7,,0.95,0.815
ChIJ-8_NQoulyhQRosWGePapQ3I,ZOROĞLU MOBİLYA DEKORASYON,mobilya atolyesi,iki elli montaj + alet kullanimi,Ikitelli OSB,"İşporta AVM, İkitelli OSB, Hırdavatçılar Sanayi Sitesi No: 89, 34850 Başakşehir/İstanbul",41.069048599999995,28.7939002,0535 546 10 35,,5,4,Üretici,0.95,0.815
ChIJcX1XOgHKyhQRVr3wppL8Ui8,Atölye Kanepe,mobilya atolyesi,iki elli montaj + alet kullanimi,Merter,"Mahallesi, Rumeli Hisarı, Hisar Üstü Nispetiye Cd No:121 D:A, 34470 Sarıyer/İstanbul",41.088142399999995,29.050425200000003,(0212) 265 75 71,,4.1,8,Mobilya mağazası,0.95,0.815
ChIJ5-T2aIa7yhQRW9pZ-h1GAi8,Dekoratif atölye by MEKA,mobilya atolyesi,iki elli montaj + alet kullanimi,Merter,"Tozkoparan, Metro Sk. Merter evleri A3 blok no:19, 34164 Güngören/İstanbul",41.016460699999996,28.9016569,0530 500 30 03,,5,6,Mağaza,0.95,0.815
ChIJOXmy5kqwyhQRbNhZjuFZrKk,Gamas Mobilyacılar Sitesi,mobilya atolyesi,iki elli montaj + alet kullanimi,Merter,"Esentepe, 34265 Sultangazi/İstanbul",41.092431999999995,28.885710999999997,,https://www.gamasmobilyacilar.com/,4,1614,Üretici,0.95,0.815
ChIJEelp1Ti7yhQRky676m8hVd4,Hane Mobilya & Dekorasyon,mobilya atolyesi,iki elli montaj + alet kullanimi,Merter,"Güneştepe, Kardeşler Sk. no:23, 34000 Güngören/İstanbul",41.0216904,28.864768299999998,0533 334 89 52,,4.4,28,Üretici,0.95,0.815
ChIJzQTmPDq7yhQR5UJmfgKqM5g,Hilal Mobilya Döşeme Atölyesi,mobilya atolyesi,iki elli montaj + alet kullanimi,Merter,"cami sokak no:4 Güngören/Istanbul Güven mahallesi marmara caddesi, Güven, Cami Sk. no:4, 34160 Güngören/İstanbul",41.0139488,28.869799299999997,0542 594 28 57,,5,7,Mobilya mağazası,0.95,0.815
ChIJjfJLj1179SsRdNB30mQ5rFQ,Lake CİLA mobilya Atölyesi,mobilya atolyesi,iki elli montaj + alet kullanimi,Merter,"Sanayi, Kayalar Sk. No:8 D:10B, 34164 Güngören/İstanbul",41.021061499999995,28.882029,0537 413 01 02,,5,4,Hizmetler,0.95,0.815
ChIJ6-78UFTJyhQRs-CUsOrJqHo,MAF Mobilya Marangoz Atölyesi,mobilya atolyesi,iki elli montaj + alet kullanimi,Merter,"Burhaniye, Süleyman Çelebi Sk., 34000 Üsküdar/İstanbul",41.025261799999996,29.056678899999998,0534 652 63 82,,5,47,Üretici,0.95,0.815
ChIJW0ASO2SwyhQRFO2oRXFbaDE,MAĞAZA DEKORASYONU RAF STAND MANKEN,mobilya atolyesi,iki elli montaj + alet kullanimi,Merter,"Abdurrahman Nafiz Gürman, General Ali Rıza Gürcan Cd. NO25, 34173 Güngören/İstanbul",41.006653,28.894098,0532 387 40 27,,4.6,5,,0.95,0.815
ChIJR9iCQAu4yhQRHrmn1BvZSNE,Mobilya Atölyesi,mobilya atolyesi,iki elli montaj + alet kullanimi,Merter,"Hasanpaşa, İkbaliye Sk. 17/9, 34722 Kadıköy/İstanbul",40.996527,29.0416177,0532 372 92 41,,5,1,Hizmetler,0.95,0.815
ChIJ06hYlxW3yhQR1NoX2rp93Qs,Mutfak Dolabı İmalatı,mobilya atolyesi,iki elli montaj + alet kullanimi,Merter,"Harmantepe, Kanaat Sk. no: 16, 34403 Kağıthane/İstanbul",41.0807375,28.989965700000003,0532 357 82 18,,4.5,18,Genel İnşaat İşleri Firması,0.95,0.815
ChIJ5W3voem7yhQRlChhXwZflps,Toprak Mobilya&Cila Atölyesi,mobilya atolyesi,iki elli montaj + alet kullanimi,Merter,"Gençosman, Akarsu Sk. no 2A, 34165 Güngören/İstanbul",41.0326534,28.872182699999996,0530 605 97 29,,4.6,11,Hizmetler,0.95,0.815
ChIJz2n1pMW7yhQR7KfniZN1Waw,mermer sanat atölyesi,mobilya atolyesi,iki elli montaj + alet kullanimi,Merter,"Defterdar mahallesi 1, Defterdar, Ardıç Sk. no:7/a, 34070 Eyüpsultan/İstanbul",41.0366323,28.929979199999995,0555 070 78 17,,,,Mobilya mağazası,0.95,0.815
ChIJh027KzzPyhQRcBLt8ms3YZY,Classi İnteriors / Modoko,mobilya atolyesi,iki elli montaj + alet kullanimi,Modoko Umraniye,"Yukarı Dudullu, 2. Cd. Mobilyacılar Sitesi No:262, 34775 Ümraniye/İstanbul",41.004900899999996,29.1591309,(0216) 540 83 80,,3.8,47,Mobilya mağazası,0.95,0.815
ChIJMTDbauzPyhQRxLjbSSVY91M,Ece Home Design Modoko,mobilya atolyesi,iki elli montaj + alet kullanimi,Modoko Umraniye,"Yukarı Dudullu, 5. Sk. Mobilyacılar Sitesi no:191, 34000 Ümraniye/İstanbul",41.0071227,29.1585342,0535 450 07 88,,5,14,Mobilya mağazası,0.95,0.815
ChIJvbKSQ7fPyhQRzs6Jx0RH1mE,Ergül Mobilya Modoko,mobilya atolyesi,iki elli montaj + alet kullanimi,Modoko Umraniye,"Yukarı Dudullu, 3. Cd. Sanayi Sitesi No237, 34034 Ümraniye/İstanbul",41.007556799999996,29.159648200000003,0531 284 00 86,,4.2,306,Mobilya mağazası,0.95,0.815
ChIJv4yd6AW3yhQREQKdHt4cQ2g,Ata Marangoz Mobilya,mobilya atolyesi,iki elli montaj + alet kullanimi,Osmanbey Sisli,"Türkali, Şht. Asım Cd. No:66, 34357 Beşiktaş/İstanbul",41.0452598,29.0045967,0553 963 97 11,,4.7,40,,0.95,0.815
ChIJ17Cxqfy2yhQR-dQbfJpAB-s,Ayna Atölyesi,mobilya atolyesi,iki elli montaj + alet kullanimi,Osmanbey Sisli,"a, İzzet Paşa, Yıldız Sk. No:16, 34387 Şişli/İstanbul",41.0703029,28.988308,0532 541 76 62,,5,8,Ev Eşyaları Mağazası,0.95,0.815
ChIJt3uXETi3yhQRFlEcIFglQN8,Bilgili mobilya dekorasyon atölyesi,mobilya atolyesi,iki elli montaj + alet kullanimi,Osmanbey Sisli,"Mecidiyeköy Mahallesi, Şht. Er Cihan Namlı Cd No:128 D:b, 34380 Şişli/İstanbul",41.0751546,28.992987900000003,0553 916 15 28,,5,4,Üretici,0.95,0.815
ChIJU-MHMqC3yhQRhOtLQ6YBkDw,Cennet Mobilya Doğrama Atölyesi,mobilya atolyesi,iki elli montaj + alet kullanimi,Osmanbey Sisli,"Vişnezade, Şair Nedim Caddesi & Köşeli Sokak No:13, 34353 Beşiktaş/İstanbul",41.043993799999996,29.001998600000004,(0212) 236 55 95,,5,1,Üretici,0.95,0.815
ChIJmcDbel63yhQRm0rvYifIFD0,Dizayn Mobilya Döşeme,mobilya atolyesi,iki elli montaj + alet kullanimi,Osmanbey Sisli,"Ortaklar caddesi, Mecidiyeköy Mahallesi, Sakız Ağacı Sk. No:11B, 34400 Şişli/İstanbul",41.0594505,28.9990612,0535 674 00 08,,5,3,Hizmetler,0.95,0.815
ChIJxUqe6gO3yhQRlBCelGMYE8I,Elit Koltuk Döşeme Atölyesi,mobilya atolyesi,iki elli montaj + alet kullanimi,Osmanbey Sisli,"19 Mayıs, Dr. Hüsnü İsmet Öztürk Sk. No:5, 34360 Şişli/İstanbul",41.0611987,28.9923543,(0212) 212 08 98,,5,1,Mobilya mağazası,0.95,0.815
ChIJ51d7kBu3yhQRhTmAD4rRHJU,Gesa Koltuk Döşeme Atölyesi,mobilya atolyesi,iki elli montaj + alet kullanimi,Osmanbey Sisli,"114/A Konak Apt, Merkez, Sıracevizler Cd. No:116, 34381 Şişli/İstanbul",41.0616148,28.9841454,(0212) 233 29 93,,4.7,13,Mobilya mağazası,0.95,0.815
ChIJN0QOCmu3yhQRj8BKOMn7zRs,Gündem Mobilya,mobilya atolyesi,iki elli montaj + alet kullanimi,Osmanbey Sisli,"Halide Edip Adıvar, Halide Edip Adıvar Cd. No:44/B, 34384 Şişli/İstanbul",41.060925399999995,28.9744331,0536 251 46 24,,5,4,,0.95,0.815
ChIJKzvX_Wq3yhQRW5S8f-KIDgs,Güven Döşeme,mobilya atolyesi,iki elli montaj + alet kullanimi,Osmanbey Sisli,"Feriköy, Savaş Sk. No:202 D:B, 34377 Şişli/İstanbul",41.046535899999995,28.977861200000003,(0212) 232 03 85,,5,2,Hizmetler,0.95,0.815
ChIJh4bSP5q3yhQRt2xfHyByuTA,KARAMUSAOĞLU MOBİLYA TASARIM ATÖLYESİ,mobilya atolyesi,iki elli montaj + alet kullanimi,Osmanbey Sisli,"Kocatepe, Tavşan Sk. No:14, 34421 Beyoğlu/İstanbul",41.041029300000005,28.9804806,0551 261 22 25,,5,20,Üretici,0.95,0.815
ChIJa8s_uPm2yhQR2F-yq3pYTy4,Kardeşler Döşeme,mobilya atolyesi,iki elli montaj + alet kullanimi,Osmanbey Sisli,"51/A-1, Mecidiyeköy Mahallesi, Şht. Er Cihan Namlı Cd, 34387 Şişli/İstanbul",41.0715874,28.995023800000002,(0212) 217 22 27,,5,2,Hizmetler,0.95,0.815
ChIJjfw88_i2yhQRyVd-_9g8znE,Koltuk Tamiratı,mobilya atolyesi,iki elli montaj + alet kullanimi,Osmanbey Sisli,"Mecidiyeköy Dereboyu Caddesi &, Mecidiyeköy Mahallesi, Şht. Er Cihan Namlı Cd 22/1-A, 34387 Şişli/İstanbul",41.0696619,28.9977677,0555 506 56 26,,5,3,Hizmetler,0.95,0.815
ChIJX8ii3wG3yhQROOZaQCrbwps,Kuğu Möble Döşeme,mobilya atolyesi,iki elli montaj + alet kullanimi,Osmanbey Sisli,"Fulya, Denizhan Sk. 121D, 34394 Şişli/İstanbul",41.0638043,28.9952091,(0212) 217 03 27,,,,Hizmetler,0.95,0.815
ChIJ76icL_e2yhQRDfR156-3-c0,Mobilya Dekorasyon Atölyesi,mobilya atolyesi,iki elli montaj + alet kullanimi,Osmanbey Sisli,"Mecidiyeköy Mahallesi, Gülbahar Cd. 58/A, 34387 Şişli/İstanbul",41.0753558,28.994127100000004,0532 433 75 53,,5,1,Üretici,0.95,0.815
ChIJLyfLxPC3yhQRVBrTjnoSMwc,Mobilya atölyesi,mobilya atolyesi,iki elli montaj + alet kullanimi,Osmanbey Sisli,"Sultan selim caddesi, Sultan Selim, Sakarya Sokağı No:35, 34440 Kağıthane/İstanbul",41.0926961,29.000466699999997,0530 134 68 05,,5,2,,0.95,0.815
ChIJMxT6phO3yhQRFjBpNstLmWA,Mor Ahşap Mobilya Ve Marangoz Atölyesi,mobilya atolyesi,iki elli montaj + alet kullanimi,Osmanbey Sisli,"Bozkurt, Baysungur Sok. No:6, 34375 Kurtuluş - Şişli/Şişli/İstanbul",41.051785699999996,28.985226500000003,(0212) 230 40 40,,,,Mobilya mağazası,0.95,0.815
ChIJ0zgtpcu3yhQRBEpid2ICeyw,Murat Mobilya Marangoz Atölyesi,mobilya atolyesi,iki elli montaj + alet kullanimi,Osmanbey Sisli,"Ortaköy, Gültekin Sk. No:41, 34347, 34347 Beşiktaş/İstanbul",41.0523698,29.0265318,0532 213 51 24,,5,93,,0.95,0.815
ChIJ4-GJ7Ye3yhQR0lMDa0Km9IY,Ozen mobilya,mobilya atolyesi,iki elli montaj + alet kullanimi,Osmanbey Sisli,"Marsık sok, Eskişehir, Kurtuluş Cd. No:61, 34375 Şişli/İstanbul",41.044386800000005,28.979535400000003,0532 266 93 72,,5,1,Üretici,0.95,0.815
ChIJ0bdEhGS3yhQRKEsX0zpT_AY,Sadi Dizayn,mobilya atolyesi,iki elli montaj + alet kullanimi,Osmanbey Sisli,"Meşrutiyet, İnan Kıraç Sk. 36 B, 34363 Şişli/İstanbul",41.056218099999995,28.9935883,0535 783 57 50,,5,10,Üretici,0.95,0.815
ChIJfUFmshm3yhQR9_8Hy46bK1Q,VARLIK MOBİLYA BOYA CİLA ATÖLYESİ,mobilya atolyesi,iki elli montaj + alet kullanimi,Osmanbey Sisli,"Ömer hayam cad, Bostan, Tevfik Efendi Sk. 17 a, 34460 Beyoğlu/İstanbul",41.037995599999995,28.9754224,0541 825 03 89,,,,Hizmetler,0.95,0.815
ChIJF8lPG965yhQRLRnZNkhFH9Y,Yasa Oyma & Mobilya Atölyesi,mobilya atolyesi,iki elli montaj + alet kullanimi,Osmanbey Sisli,"Tomtom, Serdar-ı Ekrem Cd. 46/B, 34425 Beyoğlu/İstanbul",41.0279056,28.976552199999997,(0212) 251 42 43,,5,2,Üretici,0.95,0.815
ChIJ-0gw7Ty3yhQRY24HcnDIBaM,ferhat defterli Koltuk Döşeme Şişli istanbul,mobilya atolyesi,iki elli montaj + alet kullanimi,Osmanbey Sisli,"İzzetpaşa mahallesi, Yeni Yol Cd, İzzet Paşa, Avcı Sk. No: 10A, 34387 Şişli/İstanbul",41.068461899999996,28.986036,0532 579 80 36,,,,Hizmetler,0.95,0.815
ChIJq_NoNIK3yhQRQ65oQKEQnbM,yçm yapı,mobilya atolyesi,iki elli montaj + alet kullanimi,Osmanbey Sisli,"Yayla, Yay Meydanı Cd. 107 b, 34000 Şişli/İstanbul",41.0456928,28.9716386,0532 168 69 78,,5,1,,0.95,0.815
ChIJf0Vy6GS3yhQR0Vwyj0U-q-A,İkea Montaj Hizmeti (Özel),mobilya atolyesi,iki elli montaj + alet kullanimi,Osmanbey Sisli,"Halaskargazi, Ayla Algan Sok., 34371 Şişli/İstanbul",41.0506756,28.987615199999997,0540 554 76 33,,5,9,Hizmetler,0.95,0.815
ChIJVwQZVb_JyhQRoR-5Zsz2fkQ,İpek Cila Atölyesi & Mobilya Tamirat,mobilya atolyesi,iki elli montaj + alet kullanimi,Osmanbey Sisli,"Aşıkveysel, 3049. Sk. No:22, 34750 Ataşehir/İstanbul",41.000989,29.089837000000003,0537 853 80 54,,5,1,Hizmetler,0.95,0.815
ChIJn4YLHs23yhQRXe-UUAEd5X8,Şişli mobilya montaj,mobilya atolyesi,iki elli montaj + alet kullanimi,Osmanbey Sisli,"Şişli ist, Fulya, 34467 Şişli/İstanbul",41.0655364,28.9961397,0535 618 40 63,,4.9,156,Üretici,0.95,0.815
ChIJdyt4ie-2yhQReMBKLqB8Zb8,ŞİŞLİ MOBİLYA TAMİR VE KURULUM,mobilya atolyesi,iki elli montaj + alet kullanimi,Osmanbey Sisli,"Taşocağı Cad, Çağlayan, Uyum Sokağı 9/A, 34403 Kağıthane/İstanbul",41.075831,28.985966,0532 545 30 57,,4.5,14,Üretici,0.95,0.815
ChIJc5Uhy53RyhQRoEni-HKCBkI,Bige Mobilya,mobilya atolyesi,iki elli montaj + alet kullanimi,Perpa Okmeydani,"Okmeydanı, Piyalepaşa, Baruthane Sırtı Sk. no: 34/B, 34440 Beyoğlu/İstanbul",41.0480105,28.965348499999998,0553 920 86 57,,5,1,Üretici,0.95,0.815
ChIJY02COha3yhQRwu5P829mT40,Solmaz Ahşap Mobilya,mobilya atolyesi,iki elli montaj + alet kullanimi,Perpa Okmeydani,"Piyalepaşa Caddesi, Okmeydanı 140/A, Mahmut Şevket Paşa, 34000 Şişli/İstanbul",41.0522225,28.962654599999997,0532 341 35 94,,,,Üretici,0.95,0.815
ChIJtU6vKiW3yhQRAo7QwCy_JeY,İket Mobilya Dekorasyon Kağıthane,mobilya atolyesi,iki elli montaj + alet kullanimi,Perpa Okmeydani,"Talatpaşa, İlker Sk. No:11 Kat:0, 34400 Kağıthane/İstanbul",41.0617945,28.9596684,0551 639 85 85,,4.6,19,Üretici,0.95,0.815
ChIJSZbYfgC5yhQReKHPzOLqK1E,79A - Nihat Taş Antique Furniture Restoration,mobilya atolyesi,iki elli montaj + alet kullanimi,Persembe Pazari Karakoy,"Şahkulu, Kumbaracı Yokuşu Sok. 79a, 34421 Beyoğlu/İstanbul",41.029334399999996,28.975652200000003,,https://www.instagram.com/79atolye?igsh=azVwbHF3ODVqNXB3&utm_source=qr,5,3,Hizmetler,0.95,0.815
ChIJIybEbp23yhQRw5ZQUZqKNL8,Art Ahşap Atölyesi,mobilya atolyesi,iki elli montaj + alet kullanimi,Persembe Pazari Karakoy,"Hacıahmet, Yeniyol Zarif Sok. NO:4, 34440 Beyoğlu/İstanbul",41.0416371,28.9717211,,https://artahsap.com.tr/,4.3,6,Üretici,0.95,0.815
ChIJeaUVgla3yhQRT5qin18v1C0,Demirel Döşeme Atölyesi,mobilya atolyesi,iki elli montaj + alet kullanimi,Persembe Pazari Karakoy,"Keçeci Piri, Hasbahçe Sk. No:31, 34445 Beyoğlu/İstanbul",41.039490099999995,28.958769299999997,(0212) 249 87 33,,5,2,Hizmetler,0.95,0.815
ChIJY14bkhW3yhQRAIYSVRhOeX0,Ekim Bulut Tasarım Atölyesi,mobilya atolyesi,iki elli montaj + alet kullanimi,Persembe Pazari Karakoy,"Kuloğlu, Turnacıbaşı Cd. no 46, 34034 Beyoğlu/İstanbul",41.0332039,28.981731699999994,0535 978 95 95,,3.3,22,Mobilya mağazası,0.95,0.815
ChIJNfGtWZG5yhQR9wQHJwBe_AM,"Eminönü marangoz,TÜRKMEN Mobilya Dekorasyon,",mobilya atolyesi,iki elli montaj + alet kullanimi,Persembe Pazari Karakoy,"Uzunçarşı caddesi, Atik ibrahim, Mercan, Paşa Camii Sok., 34110 Fatih/İstanbul",41.015080999999995,28.9674878,0531 395 02 56,,5,2,,0.95,0.815
ChIJER4XwRe3yhQRjCKrA08sN0E,FALYOUN MOBİLYA,mobilya atolyesi,iki elli montaj + alet kullanimi,Persembe Pazari Karakoy,"BÜLBÜL MAH KARPUZ SK, Bülbül, TAKSİM NO:7 DAİRE:0, 34000 Beyoğlu/İstanbul",41.0395537,28.9783462,0536 603 99 39,,5,3,Üretici,0.95,0.815
ChIJHYpkL-e5yhQRWbMdQHSeDC8,Farukaguş,mobilya atolyesi,iki elli montaj + alet kullanimi,Persembe Pazari Karakoy,"Şahkulu, İlk Belediye Cd. No:17, 34421 Beyoğlu/İstanbul",41.0275295,28.973738799999996,0532 613 72 37,,5,3,Hizmetler,0.95,0.815
ChIJKX8y0-W5yhQRmL-QLTnw144,Köroğlu,mobilya atolyesi,iki elli montaj + alet kullanimi,Persembe Pazari Karakoy,"13 Demir Han, Emekyemez, Yolcuzade Mektebi Sk., 34421 Beyoğlu/İstanbul",41.02683,28.9698307,(0212) 237 64 56,,,,Hizmetler,0.95,0.815
ChIJF_Y9YOi5yhQRJfaeyvCSd_8,Menekşe Ticaret,mobilya atolyesi,iki elli montaj + alet kullanimi,Persembe Pazari Karakoy,"Arap Cami, Kürekçiler Kapısı Sk. No:25, 34421 Beyoğlu/İstanbul",41.0224744,28.973462599999998,0538 624 18 74,,3.9,15,Mobilya mağazası,0.95,0.815
ChIJ-aoFMwDHyhQR7pJDL8eEh1E,Mobilya cila ve boya atölyesi,mobilya atolyesi,iki elli montaj + alet kullanimi,Persembe Pazari Karakoy,"Fikirtepe, Şenol Sk. No:30, 34720 Kadıköy/İstanbul",40.9951003,29.0466834,0538 964 44 55,,4.8,6,Hizmetler,0.95,0.815
ChIJI6A_o2C3yhQRfMUfL0la3OY,Mobilya tamir atölyesi,mobilya atolyesi,iki elli montaj + alet kullanimi,Persembe Pazari Karakoy,"Köprülü fazil, 34200 Üsküdar/İstanbul",41.0181736,29.026324799999998,0531 301 78 38,,3.7,9,Hizmetler,0.95,0.815
ChIJ5fNNcmK3yhQRG1QrYJmDnXE,Poyraz cila Atölyesi,mobilya atolyesi,iki elli montaj + alet kullanimi,Persembe Pazari Karakoy,"Kuloğlu, Ağa Külhanı Sk. no: 3/A, 34433 Beyoğlu/İstanbul",41.03306,28.981978,0535 542 21 44,,5,5,Hizmetler,0.95,0.815
ChIJrU25OqW5yhQRwDSBiGFiyjQ,Sosyete Cilacısı,mobilya atolyesi,iki elli montaj + alet kullanimi,Persembe Pazari Karakoy,"Yavuz Sultan Selim, Nalıncı Kasım Sk. No:41/A, 34083 Fatih/İstanbul",41.0259837,28.957563699999998,0532 621 50 05,,4.8,4,Hizmetler,0.95,0.815
ChIJ3floWd-5yhQRfKinBmGnhm8,Sosyete Gomalakçıları,mobilya atolyesi,iki elli montaj + alet kullanimi,Persembe Pazari Karakoy,"401A, Firuzağa, Kadiriler Yokuşu Sok., 34433 Beyoğlu/İstanbul",41.0304505,28.9810898,0532 476 48 20,,,,Hizmetler,0.95,0.815
ChIJAwChHOe5yhQR8cUaaQQei4I,Varakcı Aziz Usta,mobilya atolyesi,iki elli montaj + alet kullanimi,Persembe Pazari Karakoy,"Şahkulu, Küçük Hendek Cd. No:16 D:E, 34421 Beyoğlu/İstanbul",41.0265126,28.973500899999994,(0212) 249 88 98,,,,Hizmetler,0.95,0.815
ChIJE05vtGe3yhQRS0Jl5GQBziw,Yeşiltaş Mobilya,mobilya atolyesi,iki elli montaj + alet kullanimi,Persembe Pazari Karakoy,"Yenişehir, Dereotu Sk. No : 61, 34435 Beyoğlu/İstanbul",41.0391644,28.978710099999997,0535 315 74 77,,,,Mobilya mağazası,0.95,0.815
ChIJ69L8LNm5yhQR3WyStSZduOc,tamirevi,mobilya atolyesi,iki elli montaj + alet kullanimi,Persembe Pazari Karakoy,"Kılıçali Paşa Mah. Kamacı Ustası Sok. (Batarya SK.) No: 8/A Kat.1 Cihangir, Kılıçali Paşa, 34420 Beyoğlu/İstanbul",41.0288811,28.9825144,0507 468 32 66,,5,1,Hizmetler,0.95,0.815
ChIJNwk_wJa5yhQRdlMfIRagG1g,Öndeş Mobilya Atölyesi,mobilya atolyesi,iki elli montaj + alet kullanimi,Persembe Pazari Karakoy,"Çemberlitaş Mah Vezirhan Cad. Vezirhan, Molla Fenari, D:56, 34120 Fatih/İstanbul",41.0088653,28.971702300000004,0534 871 00 76,,5,1,Üretici,0.95,0.815
ChIJAQAAAFy3yhQRxjp3x4iYcek,Öztürk Mobilya Atölyesi,mobilya atolyesi,iki elli montaj + alet kullanimi,Persembe Pazari Karakoy,"İstiklal, Nakkaş Fenayi Sok. No:1, 34440 Beyoğlu/İstanbul - Avrupa",41.0382864,28.970330399999998,(0212) 256 06 83,,,,Mobilya mağazası,0.95,0.815
ChIJiVlvXdq7yhQR741oIN92w7U,Akdeniz Koltuk döşeme,mobilya atolyesi,iki elli montaj + alet kullanimi,Zeytinburnu,"Veliefendi, 75/4. Sk.14_16A, Veliefendi, 34025 Zeytinburnu/İstanbul",40.9960419,28.902326000000002,0536 450 02 92,,5,71,Hizmetler,0.95,0.815
ChIJv-iTHLe7yhQRHf9bh29pPqk,Dizaynmutfak dekorasyon,mobilya atolyesi,iki elli montaj + alet kullanimi,Zeytinburnu,"Telsiz, 85/1. Sk. 17 -19, 34020 Zeytinburnu/İstanbul",41.0003704,28.9141467,0536 411 10 31,,4.9,9,Üretici,0.95,0.815
ChIJo4vr09G7yhQRL0yW4YFcX9U,Emin Koltuk Döşeme - Zeytinburnu Koltuk Kaplama ve Tamiri,mobilya atolyesi,iki elli montaj + alet kullanimi,Zeytinburnu,"Telsiz, 92. Sk. No: 16A, 34025 Zeytinburnu/İstanbul",40.9991972,28.914029,0532 459 39 61,,5,114,Hizmetler,0.95,0.815
ChIJD--htJa7yhQR5DImZr0-Ago,Erdal Mobilya Dekorasyon,mobilya atolyesi,iki elli montaj + alet kullanimi,Zeytinburnu,"Telsiz, 84. Sk. No:36/B, 34020 Zeytinburnu/İstanbul",40.9974808,28.9108389,0532 690 81 80,,5,2,Üretici,0.95,0.815
ChIJ2auTY6G7yhQRjnDfNR4if3U,Evim Mutfak,mobilya atolyesi,iki elli montaj + alet kullanimi,Zeytinburnu,"Telsiz, 72. Sk., 34020 Zeytinburnu/İstanbul",40.997130999999996,28.911795,(0212) 664 71 41,,3.9,14,Mobilya mağazası,0.95,0.815
ChIJC-V-CHq7yhQR2I3kIF373iU,Güleryüz Koltuk Döşeme,mobilya atolyesi,iki elli montaj + alet kullanimi,Zeytinburnu,"Nuripaşa, 64/5. Sk. No: 2A, 34025 Zeytinburnu/İstanbul",40.986706399999996,28.899755499999998,0536 459 54 05,,5,6,Hizmetler,0.95,0.815
ChIJh5-_RGW7yhQROsA-kMCv1cw,Hakanlar Mimarlık Mobilya Imalatı,mobilya atolyesi,iki elli montaj + alet kullanimi,Zeytinburnu,"Maltepe, Gümüşsuyu Cd. No:71 D:1, 34840 Zeytinburnu/İstanbul",41.0303021,28.913907299999998,0535 218 75 90,,,,Üretici,0.95,0.815
ChIJ0wCYV6q7yhQRm5yk1xD5vSk,Hilal Koltuk Döşeme - Dizayn ve Koltuk Tamiri,mobilya atolyesi,iki elli montaj + alet kullanimi,Zeytinburnu,"Veliefendi, 75/2. Sk. no:40, 34060 Zeytinburnu/İstanbul",40.9961323,28.899706700000003,0532 262 50 37,,4.7,14,Mobilya mağazası,0.95,0.815
ChIJlyLx0Q27yhQRa5cX3Z0AdTo,Kmk Mobilya Atölyesi,mobilya atolyesi,iki elli montaj + alet kullanimi,Zeytinburnu,"Çırpıcı, Taşocağı Sokak & Seyit Nizam Caddesi 97/A, 34015 Zeytinburnu/İstanbul",41.002162399999996,28.8971509,0535 928 59 24,,,,Üretici,0.95,0.815
ChIJ7RvR86O7yhQRe_PuEFTdrmI,Minik Döşeme,mobilya atolyesi,iki elli montaj + alet kullanimi,Zeytinburnu,"Telsiz, 84. Sk. 1/B, 34020 Zeytinburnu/İstanbul",40.9978914,28.913225399999998,0536 881 82 64,,,,Hizmetler,0.95,0.815
ChIJR_OTr1G7yhQRPHmFmAU_wAc,Mobilya imalat özay teknik servis,mobilya atolyesi,iki elli montaj + alet kullanimi,Zeytinburnu,"Seyitnizam, G/31. Sk 4/2 D:34, 34025 Zeytinburnu/İstanbul",41.006673,28.9082362,0530 489 44 37,,5,20,Üretici,0.95,0.815
ChIJcQ9aEMe5yhQRCI3qGAYAh6E,Munzur Mutfak Endüstriyel Mutfak İmalatı,mobilya atolyesi,iki elli montaj + alet kullanimi,Zeytinburnu,"Merkez, Davut Paşa Cad. TİM 1 İş Merkezi No:1 D:72, Cankurtaran, 22020 Zeytinburnu/İstanbul",41.0130233,28.9840083,0535 493 24 97,,4,2,Mobilya mağazası,0.95,0.815
ChIJu5B_1-27yhQRWXuNFwtjSgE,NK MOBİLYA DEKORASYON,mobilya atolyesi,iki elli montaj + alet kullanimi,Zeytinburnu,"Davutpaşa, 59. Sk. No:25, 34230 Esenler/İstanbul",41.032975199999996,28.889612600000003,0531 507 30 84,,4.7,6,,0.95,0.815
ChIJr4Ssypq5yhQRS_zgtd3e_PY,Neva home tasarım mobilya,mobilya atolyesi,iki elli montaj + alet kullanimi,Zeytinburnu,"Soğanlı, Kaan Sk. 25/A, 34130 Bahçelievler/İstanbul",41.0100629,28.852290300000003,0531 658 11 90,,5,8,Üretici,0.95,0.815
ChIJYd2B83u7yhQRFUnSZVTGrwY,Notte,mobilya atolyesi,iki elli montaj + alet kullanimi,Zeytinburnu,"Nuripaşa, 8. Sk. No:62, 34025 Zeytinburnu/İstanbul",40.983979999999995,28.8990505,0539 912 31 36,,5,1,Mobilya mağazası,0.95,0.815
ChIJ0w9Nmgy7yhQRD-saNeB7_Hw,OKAN MOBİLYA,mobilya atolyesi,iki elli montaj + alet kullanimi,Zeytinburnu,"Çırpıcı, Yeşilyol F Sk., 34025 Zeytinburnu/İstanbul",40.9989251,28.899843999999998,0553 510 86 08,,4,1,Üretici,0.95,0.815
ChIJb6ah-G27yhQRlgNgutDGWno,Tan Mobilya Atölyesi,mobilya atolyesi,iki elli montaj + alet kullanimi,Zeytinburnu,"Nuripaşa, 65/2. Sk. No:22/B, 34025 Zeytinburnu/İstanbul",40.9899397,28.8997799,0535 639 86 30,,3.7,12,,0.95,0.815
ChIJh2frhKi7yhQRbH_wj7xAwYU,Zeytinburnu Koltuk Tamiri,mobilya atolyesi,iki elli montaj + alet kullanimi,Zeytinburnu,"Zuhuratbaba, Çağ Sk. 6-18, 34147 Bakırköy/İstanbul",40.9958844,28.868461,0535 791 79 21,,,,Hizmetler,0.95,0.815
ChIJa1g7O1q6yhQRxutf-jc6L4U,Çelik Dolap Fabrikası,mobilya atolyesi,iki elli montaj + alet kullanimi,Zeytinburnu,"Karagümrük, Fazıl Paşa Cd No:6, 34010 Zeytinburnu/İstanbul",41.0232036,28.913969899999994,(0212) 993 17 78,,3,2,Üretici,0.95,0.815
ChIJq4FldnO7yhQRvEho11qbgr8,Özgür Ticaret,mobilya atolyesi,iki elli montaj + alet kullanimi,Zeytinburnu,"Veliefendi, Ahmet Yesevi Sk. 36/B, 34025 Zeytinburnu/İstanbul",40.9952653,28.8995502,(0212) 546 58 60,,4.7,6,Toptancı,0.95,0.815
ChIJ3R1yXHS7yhQRHfqrxfXWhns,İstanbul Yapı Dekorasyon,mobilya atolyesi,iki elli montaj + alet kullanimi,Zeytinburnu,"Yeşiltepe, 54/1. Sk. No:3, 34020 Zeytinburnu/İstanbul",40.9938989,28.9022527,0535 832 31 89,,5,21,Üretici,0.95,0.815
ChIJz21JfAKxyhQRJnM6vpD9J1M,A&T ELEKTRONİK,elektronik tamir,ince motor manipulasyon,Bayrampasa,"Cevatpaşa, Millet Cd. No:231, 34045 Bayrampaşa/İstanbul",41.071453,28.8832251,0536 356 56 64,,4,4,Hizmetler,0.9,0.78
ChIJp7YmDIK6yhQRob2Kh3tRTnY,AYKURTLAR MOTOR MEKANİK DSG ŞANZUMAN TAMİR VE BAKIM SERVİSİ,oto tamir servisi,kisitli alanda alet kullanimi,Bayrampasa,"Kartaltepe, Ordu Cd. No:171 D:C, 34040 Bayrampaşa/İstanbul",41.0527538,28.8995505,(0212) 640 80 00,,4.5,46,Araç Bakım ve Onarımı,0.9,0.78
ChIJOySEAGywyhQR08Z7B_D730k,Acar Oto,oto tamir servisi,kisitli alanda alet kullanimi,Bayrampasa,"Yıldırım, Ihlamur Sokağı No:3, 34045 Bayrampaşa/İstanbul",41.0699458,28.8885793,0532 682 79 61,,4.5,37,Araç Bakım ve Onarımı,0.9,0.78
ChIJbSCL71fPyhQRmKPu7VjLvNo,Arslan Elektrik & Elektronik,elektronik tamir,ince motor manipulasyon,Bayrampasa,"Maltepe, B Blok Sk. İşkent Sanayi Sitesi No:38, 34040 Bayrampaşa/İstanbul",41.030015899999995,28.909757600000002,0538 346 77 36,,,,Hizmetler,0.9,0.78
ChIJo_fzIX66yhQRfEtQBDcth8w,Arslan Elektronik,elektronik tamir,ince motor manipulasyon,Bayrampasa,"Muratpaşa, Kamil Cd. no:56, 34040 Bayrampaşa/İstanbul",41.0477996,28.9065417,0532 735 66 13,,,,Hizmetler,0.9,0.78
ChIJDQ_xRN2kyhQRG5Lfiwm-_RU,Auto Detay (1) Oto Tamir Bakım Servisi,oto tamir servisi,kisitli alanda alet kullanimi,Bayrampasa,"İsmetpaşa mah ismetpaşa Cad =20, İsmet Paşa, 34000 Bayrampaşa/İstanbul",41.0408208,28.910176699999997,0545 120 78 97,,4.9,95,Araç Bakım ve Onarımı,0.9,0.78
ChIJu2rOzGW7yhQR-qM5jQKD5E4,BEKTAŞOĞLU OTOMOTİV OTOBÜS SERVİSİ,oto tamir servisi,kisitli alanda alet kullanimi,Bayrampasa,"Altıntepsi, Yahya Kemal Cd. BÜYÜK İSTANBUL OTOGARI D:93 Kapı No:2B062, 34035 Bayrampaşa/İstanbul",41.0402772,28.895006600000002,0537 711 01 50,,5,1,Hizmetler,0.9,0.78
ChIJuWNxfXiwyhQRzCepOrPvoK0,Bayrampaşa Azim Otomotiv Motor Mekanik Tamir Ve Bakım Servisi,oto tamir servisi,kisitli alanda alet kullanimi,Bayrampasa,"Kocatepe, Cicozderesi Sk. 34/A, 34040 Bayrampaşa/İstanbul",41.05403,28.8974051,0542 216 65 60,,4.4,16,Araç Bakım ve Onarımı,0.9,0.78
ChIJoZHgil-6yhQRXMCWZX67ju0,Başaran Elektronik,elektronik tamir,ince motor manipulasyon,Bayrampasa,"102 Güldallar İş Hanı, Vatan, Ar Sk., 34035 Bayrampaşa/İstanbul",41.030931599999995,28.9071695,(0212) 674 90 63,,5,6,Üretici,0.9,0.78
ChIJ-QtUBq67yhQRHIiCROcDmXE,Bem Oto Tamir,oto tamir servisi,kisitli alanda alet kullanimi,Bayrampasa,"Vatan, Erdeğer Sk. No1/E, 34030 Bayrampaşa/İstanbul",41.0328857,28.9069469,0534 580 32 46,,5,3,Araç Bakım ve Onarımı,0.9,0.78
ChIJV-a62mSwyhQRcJFG2_34-80,CKC ELEKTRONİK,elektronik tamir,ince motor manipulasyon,Bayrampasa,"Yıldırım, Fevzi Paşa Cd. NO:37/A, 34045 Bayrampaşa/İstanbul",41.0625966,28.8989354,(0212) 417 46 47,,5,21,Toptancı,0.9,0.78
ChIJM7pPCYm6yhQRod1P0QxlJNY,Can Oto,oto tamir servisi,kisitli alanda alet kullanimi,Bayrampasa,"Altıntepsi, Bulut Sk. No:11, 34035 Bayrampaşa/İstanbul",41.039907,28.903088200000003,0535 520 77 96,,4.9,8,Araç Bakım ve Onarımı,0.9,0.78
ChIJzy_cayu7yhQRSFc5Ok0tjrQ,Devran Auto bakım servisi,oto tamir servisi,kisitli alanda alet kullanimi,Bayrampasa,"Altıntepsi, Akpınar Cd. No:66, 34035 Bayrampaşa/İstanbul",41.039033499999995,28.898379100000003,0539 810 20 26,,3.9,15,Araç Bakım ve Onarımı,0.9,0.78
ChIJ7872hWi6yhQRY48T9jf-MEo,Dinç Elektrik,elektronik tamir,ince motor manipulasyon,Bayrampasa,"Orta, Yeni Maltepe Yolu Emintaş Akel İş Merkezi D:137, 34030 Maltepe - Bayrampaşa/Bayrampaşa/İstanbul",41.0319305,28.9186341,(0212) 565 16 61,,4.5,2,Hizmetler,0.9,0.78
ChIJpcHzj_O6yhQRL9YKpbnF5Sk,Doğan Elektronik & Bilgisayar,elektronik tamir,ince motor manipulasyon,Bayrampasa,"Güneş Caddesi, Terazidere, Hamdi Bey Sk NO11/A, 34035 Bayrampaşa/İstanbul",41.031505599999996,28.8998003,(0212) 544 57 41,,3.8,4,Hizmetler,0.9,0.78
ChIJB56EXHqwyhQRm0SKRZn-Sk8,Ekrem Sancak Elektronik,elektronik tamir,ince motor manipulasyon,Bayrampasa,"Kartaltepe, Fatih Cd. No:173/A, 34040 Bayrampaşa/İstanbul",41.0599801,28.8964721,(0212) 545 57 67,,3.7,79,Hizmetler,0.9,0.78
ChIJSRUnom6xyhQRWddS9R-VUZU,"Erhan Elektronik (Uydu,Anten,Kamera Sistemleri,Montaj ve Tamir)",elektronik tamir,ince motor manipulasyon,Bayrampasa,"Yıldırım, Şht. Kamil Balkan Cd. No:24 /c, 34045 Bayrampaşa/İstanbul",41.0616226,28.898958399999994,0533 626 72 72,,,,Hizmetler,0.9,0.78
ChIJ1Xvwbcu7yhQRwtOBkmogEJ4,Gema Bilgisayar Ve Elektronik Tamir Servisi,elektronik tamir,ince motor manipulasyon,Bayrampasa,"Kocatepe, 19 Mayıs Cd. no:17, 34170 Bayrampaşa/İstanbul",41.0513362,28.896018800000004,(0212) 640 30 40,,4.9,367,Hizmetler,0.9,0.78
ChIJZ1QJrDC7yhQR3uehMedARKo,Hakan Elektronik,elektronik tamir,ince motor manipulasyon,Bayrampasa,"Kartaltepe mah M.Kemal, Kartaltepe, Mustafa Kemal Atatürk Cd no:11\a, 34160 Bayrampaşa/İstanbul",41.054597699999995,28.9047959,0536 718 51 16,,5,1,Hizmetler,0.9,0.78
ChIJj3YGGq67yhQR0ihWDWrtfc8,KODAK OTOMOTİV ARAÇ BAKIM SERVİS HİZMETLERİ,oto tamir servisi,kisitli alanda alet kullanimi,Bayrampasa,"Muratpaşa, Atakan Sokak No: 1/3 A, 34040 Bayrampaşa/İstanbul",41.0497655,28.907819099999994,0545 973 66 16,,,,Araç Bakım ve Onarımı,0.9,0.78
ChIJ7xzfSEOxyhQR3BmafKnAvkY,Kadırgalı Atilla Elektronik,elektronik tamir,ince motor manipulasyon,Bayrampasa,"Yıldırım, Ali Fuat Başgil Cd. No:87 /b, 34045 Bayrampaşa/İstanbul",41.0647077,28.892788000000003,0537 384 99 59,,5,17,Hizmetler,0.9,0.78
ChIJxS-CCWS6yhQRSaKHajsXSxU,Karadeniz Elektronik Bayrampaşa Next&Nextstar Servis,elektronik tamir,ince motor manipulasyon,Bayrampasa,"Kartaltepe, Süleyman Şah Cd No:15/A, 34040 Bayrampaşa/İstanbul",41.053033,28.903315400000004,(0212) 640 20 88,,4.3,41,Hizmetler,0.9,0.78
ChIJl0ASYWmwyhQRGjlsc413vkE,Koçak Elektronik,elektronik tamir,ince motor manipulasyon,Bayrampasa,"Cevatpaşa, Birlik Sk., 34035 Bayrampaşa/İstanbul",41.0711656,28.889040599999998,(0212) 649 07 77,,4.8,9,Hizmetler,0.9,0.78
ChIJJZCLv466yhQRb5Qb3QunWTY,Kübra Oto Dizel ve Benzinli Araç Bakım Servisi,oto tamir servisi,kisitli alanda alet kullanimi,Bayrampasa,"Altıntepsi, Sinem Sk. No:10, 34035 Bayrampaşa/İstanbul",41.040393699999996,28.899104899999998,0532 613 12 96,,3.9,21,Araç Bakım ve Onarımı,0.9,0.78
ChIJResolIe6yhQRwwW9j3t5pxk,Kılıçlar Elektronik,elektronik tamir,ince motor manipulasyon,Bayrampasa,"Muratpaşa, Adnan Kahveci Sk no:11/A, 34040 Bayrampaşa/İstanbul",41.045708999999995,28.906608,0532 130 55 10,,4,4,Elektrikçi,0.9,0.78
ChIJV7OR5Ge6yhQRobLwSZfewTY,Mavi Otomotiv,oto tamir servisi,kisitli alanda alet kullanimi,Bayrampasa,"Orta, İbrahimağa Cd. No: 6 D:1, 34030 Bayrampaşa/İstanbul",41.0303116,28.9161198,(0212) 544 60 68,,4.7,35,Araç Bakım ve Onarımı,0.9,0.78
ChIJ_zEKaPW6yhQRNMpmEWznk6c,Motrio Servis Elif Otomotiv Özel Servis,oto tamir servisi,kisitli alanda alet kullanimi,Bayrampasa,"Vatan, Esenler Cd. No:39 D:C, 34035 Bayrampaşa/İstanbul",41.031640599999996,28.905541499999998,(0212) 501 70 03,,4.2,76,Araç Bakım ve Onarımı,0.9,0.78
ChIJoSFLBIm6yhQRBPFouYjedU8,Murat Oto Bakım Servis,oto tamir servisi,kisitli alanda alet kullanimi,Bayrampasa,"Altıntepsi, İstanbul Cd., 34035 Bayrampaşa/İstanbul",41.039887199999995,28.902612500000004,(0212) 674 95 13,,4.8,37,Araç Bakım ve Onarımı,0.9,0.78
ChIJp5CAqvi7yhQRkbRonAFvEfA,Murat Oto Servis,oto tamir servisi,kisitli alanda alet kullanimi,Bayrampasa,"Altıntepsi, Arda Turan Cd. No:16-18, 34035 Bayrampaşa/İstanbul",41.037360199999995,28.8975431,0532 343 42 32,,5,2,Araç Bakım ve Onarımı,0.9,0.78
ChIJpRuX0H2wyhQRbjlY0MDNTF0,ONVO SCOOTER YETKİLİ SERVİS E.SANCAK ELEKTRONİK,elektronik tamir,ince motor manipulasyon,Bayrampasa,"Kartaltepe, Bilgehan Cd. 14 B, 34040 Bayrampaşa/İstanbul",41.057651899999996,28.903428500000004,(0212) 578 00 74,,4,53,Hizmetler,0.9,0.78
ChIJXfd2f1-6yhQR5cfoYRy_Cjc,Olgaç Oto Servis,oto tamir servisi,kisitli alanda alet kullanimi,Bayrampasa,"Maltepe Davutpaşa Çifte Havuzlar Caddesi &, Vatan, Serap Sk., 34035 Bayrampaşa/İstanbul",41.0302358,28.906473899999998,0532 384 86 76,,4.7,26,Araç Bakım ve Onarımı,0.9,0.78
ChIJQ5O0HCu7yhQRg0_ptxecFiU,Oto Profesyoneller Tamir ve Bakim Servisi,oto tamir servisi,kisitli alanda alet kullanimi,Bayrampasa,"Altıntepsi, Akpınar Cd. no:66, 34160 Bayrampaşa/İstanbul",41.039033499999995,28.898379100000003,0537 767 40 53,,4.7,28,Araç Bakım ve Onarımı,0.9,0.78
ChIJRykPJoKxyhQR7mMQbP0akO8,Oto Servis Oto Bakım Yağ Değişimi ENSAR OTO,oto tamir servisi,kisitli alanda alet kullanimi,Bayrampasa,"Kocatepe, Cicozderesi Sk. No:36, 34045 Bayrampaşa/İstanbul",41.0539908,28.8970792,0545 459 42 35,,,,Araç Bakım ve Onarımı,0.9,0.78
ChIJm0mN6jyxyhQRlsQ99Zx2ly0,Oto beyinci - Elektronik - Yazılım BAYRAMPAŞA ESENLER,elektronik tamir,ince motor manipulasyon,Bayrampasa,"Yıldırım, Kınalıada Sokağı No:7B, 34045 Bayrampaşa/İstanbul",41.069449299999995,28.8927539,0553 032 69 73,,4.9,22,Araç Bakım ve Onarımı,0.9,0.78
ChIJcfZFcGS6yhQRVSEsYcz2hzI,Paşa Oto Bakım Servisi,oto tamir servisi,kisitli alanda alet kullanimi,Bayrampasa,"Yenidoğan, Numunebağı Cd. No:10, 34040 Bayrampaşa/İstanbul",41.037310999999995,28.912607899999998,0536 979 95 81,,2.5,13,Araç Bakım ve Onarımı,0.9,0.78
ChIJA_Ux9VC7yhQRj4Ghs1wIImM,SezAy oto servis,oto tamir servisi,kisitli alanda alet kullanimi,Bayrampasa,"Vatan, Hayat Sk. no26/a, 34035 Bayrampaşa/İstanbul",41.0310728,28.907392800000004,0530 442 07 20,,5,20,Araç Bakım ve Onarımı,0.9,0.78
ChIJDS_ny2-6yhQRk_TrPviFr9Q,TAM OTO ÖZEL SERVİS,oto tamir servisi,kisitli alanda alet kullanimi,Bayrampasa,"Rami Kışla Cad. Topçular Oto Sanayi Sitesi, Topçular, Demirkapı / İstanbul No:7, 34000 Bayrampaşa/İstanbul",41.0370901,28.920424899999997,0537 253 94 31,,4.4,20,Araç Bakım ve Onarımı,0.9,0.78
ChIJKYwZpn2wyhQRCpDJQEmIFy8,Teknik Oto,oto tamir servisi,kisitli alanda alet kullanimi,Bayrampasa,"Kartaltepe, Hakan Sk. 6a, 34040 Bayrampaşa/İstanbul",41.058561399999995,28.9041568,0536 295 60 80,,4.2,172,Araç Bakım ve Onarımı,0.9,0.78
ChIJgenT-Au7yhQRPVDtXUd9xuE,URAS CNC | ELAS ELEKTRONİK Cnc Yedek Parça ve Elektronik Kart Tamiri,elektronik tamir,ince motor manipulasyon,Bayrampasa,"İsmet Paşa, Yeşil Cami Sokak No:22, 34035 Bayrampaşa/İstanbul",41.0418759,28.9104677,,http://www.urascnc.com/,5,5,Üretici,0.9,0.78
ChIJB-a6HWS6yhQRSGNKnJFxL8Y,Ural Elektronik,elektronik tamir,ince motor manipulasyon,Bayrampasa,"no1/d, Numunebağı Caddesi, Yenidoğan, Özgür Sk. D:1/d, 34030 Bayrampaşa/İstanbul",41.035518599999996,28.913205899999998,0555 998 66 15,,4.2,17,Hizmetler,0.9,0.78
ChIJF4HsqoK6yhQRtUX5nK9x2Ug,Uzman Elektronik,elektronik tamir,ince motor manipulasyon,Bayrampasa,"64, Kocatepe, 19 Mayıs Cd., 34045 Bayrampaşa/İstanbul",41.054269399999995,28.8947731,(0212) 640 29 72,,4.2,6,Hizmetler,0.9,0.78
ChIJTx33nRq7yhQRr667b7xZfZE,Yorulmaz Oto Kaporta Boya Mekanik,oto tamir servisi,kisitli alanda alet kullanimi,Bayrampasa,"Vatan, Erdeğer Sk. murat işhanı no/1 dükkan 1/F, 34015 Bayrampaşa/İstanbul",41.0330259,28.9070644,0532 771 58 50,,5,2,Hizmetler,0.9,0.78
ChIJHXXdEBK7yhQRy7-6c14FOXg,Yön Oto Bakım Servisi,oto tamir servisi,kisitli alanda alet kullanimi,Bayrampasa,"yeni doğan mahhallesi apti ipekçi caddesi hançer sokak yüksel emintaş sanayi sitesi, Yenidoğan, kat 2, 34030 Bayrampaşa/İstanbul",41.0407338,28.912843899999995,0537 382 68 69,,,,Araç Bakım ve Onarımı,0.9,0.78
ChIJoeA0zgG7yhQRcyJ7hiUUN34,Yıldırım Elektronik Cep Telefonu Tamir Servisi,elektronik tamir,ince motor manipulasyon,Bayrampasa,"yenidoğan mah. yahyakemal cad, Yenidoğan, Ötügen Sok. no:36, 34035 Bayrampaşa/İstanbul",41.0403217,28.9060183,0535 672 55 55,,5,2,Telekomünikasyon Servis Sağlayıcısı,0.9,0.78
ChIJcXq7q3GwyhQRHUY1SXhSN74,Yılmaz Oto Bakım Servisi,oto tamir servisi,kisitli alanda alet kullanimi,Bayrampasa,"Yıldırım, Ali Fuat Başgil Cd. No:126, 34045 Bayrampaşa/İstanbul",41.062332999999995,28.8913603,(0212) 640 90 90,,5,4,Araç Bakım ve Onarımı,0.9,0.78
ChIJ5yyMOom6yhQRiyk2tKuCU8U,yeniler uydu elektronik anahtarcı ve çilingir,elektronik tamir,ince motor manipulasyon,Bayrampasa,"Kartaltepe, Süleyman Şah Cd No:13/A, 34040 Bayrampaşa/İstanbul",41.0529169,28.903556700000003,0535 550 92 75,,3.7,6,Hizmetler,0.9,0.78
ChIJRbkhpoC6yhQRnk5epwfLspU,Çalışkan Elektronik,elektronik tamir,ince motor manipulasyon,Bayrampasa,"Muratpaşa, Kosova Cd. No:92, 34040 Bayrampaşa/İstanbul",41.0470906,28.906046099999994,0535 834 33 07,,5,1,Hizmetler,0.9,0.78
ChIJxbTVsZu7yhQRSp4B5iDeXms,Çelik Oto Tamir Mekanik Bakım,oto tamir servisi,kisitli alanda alet kullanimi,Bayrampasa,"Kartaltepe, Sardunya Sk No:8, 34040 Bayrampaşa/İstanbul",41.0505334,28.900999300000002,0542 614 82 53,,5,2,Araç Bakım ve Onarımı,0.9,0.78
ChIJHXVZ8_6xyhQRi_F4stzo4NU,Çevik Oto Servis Bakım ve Onarım Hizmetleri,oto tamir servisi,kisitli alanda alet kullanimi,Bayrampasa,"Kartaltepe, Belen Sk. 2 b, 34040 Bayrampaşa/İstanbul",41.0597133,28.8986696,0534 919 84 08,,5,11,Araç Bakım ve Onarımı,0.9,0.78
ChIJlVLQ__S6yhQRs9C5WEnS1oU,Çözüm Oto Servis Bayrampaşa,oto tamir servisi,kisitli alanda alet kullanimi,Bayrampasa,"Terazidere, Samyeli Sk, 34035 Bayrampaşa/İstanbul",41.0312603,28.903330699999998,0543 506 01 56,,5,10,Araç Bakım ve Onarımı,0.9,0.78
ChIJ521BuFO7yhQRicwr9g2_Ci8,ÖMÜR OTO TAMİR VE BAKIM SERVİSİ,oto tamir servisi,kisitli alanda alet kullanimi,Bayrampasa,"Vatan, Erdeğer Sk. no:1 D:1E, 34445 Bayrampaşa/İstanbul",41.0328857,28.9069469,0533 451 90 34,,5,2,Hizmetler,0.9,0.78
ChIJG9zAWQKxyhQR-IoZIFVHTQ8,Özcan Elektronik,elektronik tamir,ince motor manipulasyon,Bayrampasa,"Kartaltepe, Ordu Cd. No:148/A, 34040 Bayrampaşa/İstanbul",41.054044499999996,28.900193299999994,(0212) 640 22 35,,4.3,30,Hizmetler,0.9,0.78
ChIJn0_7RKq7yhQRZAA2bizobhc,Öztürk Auto Tamir Bakım Servisi,oto tamir servisi,kisitli alanda alet kullanimi,Bayrampasa,"Yenidoğan, Erciyes Sokağı Emintaş Sanayi Sitesi D:1-3 G, 34030 Bayrampaşa/İstanbul",41.0453153,28.9143921,0542 744 45 07,,5,2,Araç Bakım ve Onarımı,0.9,0.78
ChIJtbK4XJGlyhQR9P2Co32Xuj0,4 Y OTO SERVİS,oto tamir servisi,kisitli alanda alet kullanimi,Ikitelli OSB,"İkitelli organize sanayi Bölgesi Bağcılar Güngören sanayi sitesi, İkitelli OSB, 23. Blok Sk No:38, 34460 Başakşehir/İstanbul",41.0750513,28.8017755,0505 746 08 18,,5,3,Araç Bakım ve Onarımı,0.9,0.78
ChIJiYgmH3uvyhQRZu-M5fposK0,AKDENİZ OTO TAMİR SERVİSİ,oto tamir servisi,kisitli alanda alet kullanimi,Ikitelli OSB,"İkitelli OSB, ESKOOP Sanayi Sitesi No:488 C-8 Blok, 34480 Başakşehir/İstanbul",41.0860755,28.8030412,0541 653 50 89,,5,21,Araç Bakım ve Onarımı,0.9,0.78
ChIJu6JgyIelyhQRo84uBn8dbXo,Aser Oto Tamir,oto tamir servisi,kisitli alanda alet kullanimi,Ikitelli OSB,"İkitelli Mahallesi, Güngören - Bağcılar Sanayi Sitesi 5, Blok No: 26, 34490 Başakşehir/İstanbul",41.0776381,28.8026651,(0212) 671 57 27,,4.5,21,Araç Bakım ve Onarımı,0.9,0.78
ChIJRecAhJylyhQR7qIAS3ekRBc,Asya Elektronik,elektronik tamir,ince motor manipulasyon,Ikitelli OSB,"İkitelli osb. Dolapdere Sanayi Sitesi 17.ci ada, İkitelli OSB, No.37, 34490 Başakşehir/İstanbul",41.0722477,28.8077913,0539 572 94 92,,5,3,Hizmetler,0.9,0.78
ChIJI82WSAmlyhQRPSVN6D7ORVQ,Barış Oto Elektrik Elektronik,elektronik tamir,ince motor manipulasyon,Ikitelli OSB,"İkitelli OSB, Dolapdere Sanayi Sitesi 13 ada D:56, 34480 Başakşehir/İstanbul",41.074824799999995,28.805581000000004,0531 435 55 99,,4.6,11,Araç Bakım ve Onarımı,0.9,0.78
ChIJ62ZsIOKvyhQRmMWLIiLdSKw,Bağcı Oto Elektrik ve Elektronik,elektronik tamir,ince motor manipulasyon,Ikitelli OSB,"İkitelli OSB, Sefaköy Sanayi Sitesi No:11 blok no11, 34944 Başakşehir/İstanbul",41.0804889,28.8037181,0538 067 71 66,,4.7,148,Araç Bakım ve Onarımı,0.9,0.78
ChIJKZIl83-vyhQRzo682LfsvHE,Başaran Oto Tamir Bakım Servisi,oto tamir servisi,kisitli alanda alet kullanimi,Ikitelli OSB,"Ziya Gökalp Mah, Güngören - Bağcılar Sanayi Sitesi No:14 Blok No:30, 34490 Başakşehir/İstanbul",41.0766822,28.807526799999998,(0212) 549 09 44,,4.4,18,Araç Bakım ve Onarımı,0.9,0.78
ChIJSaVLKIelyhQRmVlMKn0YAdg,Bedko Elektronik Beyin Servisi,elektronik tamir,ince motor manipulasyon,Ikitelli OSB,"İkitelli OSB, Güngören - Bağcılar Sanayi Sitesi, 34490 Başakşehir/İstanbul",41.0761417,28.806679399999997,0532 678 68 68,,3.7,7,İlgi Çekici Yer,0.9,0.78
ChIJKZIl83-vyhQRhTw5djy4uqk,Beta Otomasyon,elektronik tamir,ince motor manipulasyon,Ikitelli OSB,"İkitelli organize sanayi Bölgesi triko center san sit m8 bl no 145 İkitelli organize sanayi Bölgesi triko center san sit m8 bl no 145, İkitelli OSB, 34490 Başakşehir/İstanbul",41.077953199999996,28.7982496,(0212) 549 62 03,,4.6,26,Hizmetler,0.9,0.78
ChIJz_Tp6oilyhQRkMinSVAC3WE,Burhan Elektronik,elektronik tamir,ince motor manipulasyon,Ikitelli OSB,"İkitelli OSB, Güngören - Bağcılar Sanayi Sitesi No:1 Blok.no.20, 34490 Başakşehir/İstanbul",41.0767817,28.8001635,0546 800 19 33,,4.6,56,Araç Bakım ve Onarımı,0.9,0.78
ChIJk75CPaOvyhQRWdnn4Vrjh8o,Can elektronik,elektronik tamir,ince motor manipulasyon,Ikitelli OSB,"Başak mahallesi Ertuğrul Gazi caddesi, İkitelli OSB, A1 Blok Emirgan sitesi No:28, 34000 Başakşehir/İstanbul",41.096599399999995,28.793516200000003,0532 679 57 25,,,,Hizmetler,0.9,0.78
ChIJZwp_05mlyhQRWGxDy_mkTLE,Canlılar Motorlu Araçlar Ltd. Şti. - MERKAR ELEKTRONİK,elektronik tamir,ince motor manipulasyon,Ikitelli OSB,"Dolapdere Sananayi Sitesi 8, İkitelli OSB, Ada sk No:33, 34490 Başakşehir/İstanbul",41.072338099999996,28.8046562,(0212) 671 22 57,,,,Hizmetler,0.9,0.78
ChIJQRQZzu6lyhQRzuPx94wH3p4,DATASER ELEKTRONİK,elektronik tamir,ince motor manipulasyon,Ikitelli OSB,"İ O S B. GİYİM SANATKARLARI SİTESİ 3.ADA A BLOK NO:505, İkitelli OSB, 34000 Başakşehir/İstanbul",41.070393599999996,28.8071529,0535 290 95 94,,5,2,Hizmetler,0.9,0.78
ChIJBWScdYalyhQRydggOBnW6Ic,DOST OTO TAMİR BAKİM,oto tamir servisi,kisitli alanda alet kullanimi,Ikitelli OSB,"İkitelli OSB, Güngören - Bağcılar Sanayi Sitesi No:1 Blok No:6, 34490 Başakşehir/İstanbul",41.076421499999995,28.800348099999997,0532 570 57 82,,4.6,17,Araç Bakım ve Onarımı,0.9,0.78
ChIJZaQw2YulyhQRWz1ObsH5GZQ,Duma Elektronik,elektronik tamir,ince motor manipulasyon,Ikitelli OSB,"İkitelli OSB Mahallesi İkitelli Caddesi İmsan Sanayi Sitesi B Blok No, Küçükçekmece İkitelli OSB, D:8, 34307 Küçükçekmece/İstanbul",41.0614419,28.786625400000002,0538 399 85 18,,5,1,Hizmetler,0.9,0.78
ChIJlSbRDoalyhQRaoRl8L2AELE,DİNAMİK OTO SERVİS,oto tamir servisi,kisitli alanda alet kullanimi,Ikitelli OSB,"İkitelli OSB, Güngören - Bağcılar Sanayi Sitesi No:5 blok no 35, 34490 Başakşehir/İstanbul",41.0776915,28.802188599999997,0537 311 84 10,,4.6,55,Araç Bakım ve Onarımı,0.9,0.78
ChIJVc7rPoalyhQRrWaa7DMwwIk,EMİR OTO SERVİS,oto tamir servisi,kisitli alanda alet kullanimi,Ikitelli OSB,"İKİTELLİ OSB MAH Bağcılar Güngören Sanayi Sitesi, İkitelli OSB, 21. Blok Sk No:8, 34490 Başakşehir/İstanbul",41.0761957,28.802647099999994,(0212) 549 90 51,,4.4,41,Araç Bakım ve Onarımı,0.9,0.78
ChIJhyAnkxGlyhQRKcGYbm89Ud0,Göksu Oto Özel Servis,oto tamir servisi,kisitli alanda alet kullanimi,Ikitelli OSB,"İkitelli Osb 16. Blok, İkitelli OSB, Güngören - Bağcılar Sanayi Sitesi No: 38, 34490 Başakşehir/İstanbul",41.0763815,28.806226199999998,0532 545 17 02,,4.6,74,Araç Bakım ve Onarımı,0.9,0.78
ChIJbxSeaJelyhQRHzkPrdrmEKk,Görkem Oto Tamir,oto tamir servisi,kisitli alanda alet kullanimi,Ikitelli OSB,"Ziya Gökalp, Güngören-Bağcılar Sanayi Sitesi No:56 Blok:2, İkitelli OSB, 34490 Başakşehir/İstanbul",41.0778683,28.800456,0535 462 10 82,,5,13,Araç Bakım ve Onarımı,0.9,0.78
ChIJv60KauqlyhQRXXhygyLOVUQ,HUZUR OTO TAMİR BAKIM,oto tamir servisi,kisitli alanda alet kullanimi,Ikitelli OSB,"Huzur otomotiv, İkitelli OSB, Güngören - Bağcılar Sanayi Sitesi No:5 blok no:9, 34490 Başakşehir/İstanbul",41.0769112,28.802584599999996,0555 759 62 68,,4.7,29,Araç Bakım ve Onarımı,0.9,0.78
ChIJ5cTufvWlyhQR4d_XkpNuaHk,Kadim Oto Servis,oto tamir servisi,kisitli alanda alet kullanimi,Ikitelli OSB,"İkitelli Org. San. Böl. Metal İş San. Metro 34 Plaza No: 20, İkitelli OSB, 34490 Başakşehir/İstanbul",41.0695426,28.804189199999996,0531 665 41 10,,4.7,38,Araç Bakım ve Onarımı,0.9,0.78
ChIJf0_e8YOlyhQRuL5x6SJ-f-g,Karma Elektronik,elektronik tamir,ince motor manipulasyon,Ikitelli OSB,"No:, İkitelli OSB, Dolapdere Sanayi Sitesi No:48, 34490 Başakşehir/İstanbul",41.0726691,28.807898100000003,(0212) 671 21 42,,3.9,10,Araç Bakım ve Onarımı,0.9,0.78
ChIJ5SOmUF6vyhQRe_kqZZapFAA,Kontal Elektronik,elektronik tamir,ince motor manipulasyon,Ikitelli OSB,"İkitelli Çorapçılar Sitesi A Blok No:1-2, İkitelli OSB, 34490 Başakşehir/İstanbul",41.0865716,28.787337500000003,,https://www.kontal.com/,4.5,99,Üretici,0.9,0.78
ChIJf-tGVvqlyhQRk6HPiRtriYA,NUMAN ÖZKARA SERVİS,elektronik tamir,ince motor manipulasyon,Ikitelli OSB,"Demirciler sanayi sitesi F1 Blok, İkitelli OSB, İKİTELLİ No:433, 34944 Başakşehir/İstanbul",41.067298199999996,28.807115699999997,(0212) 671 25 29,,3.2,45,Hizmetler,0.9,0.78
ChIJF7wrWYalyhQRbqpNSL73IZI,Nokta elektronik,elektronik tamir,ince motor manipulasyon,Ikitelli OSB,"İkitelli OSB, Güngören - Bağcılar Sanayi Sitesi 19. ada, 34164 Güngören/İstanbul",41.0759615,28.804360799999998,0533 767 78 12,,4.1,33,Araç Bakım ve Onarımı,0.9,0.78
ChIJb2jUFIalyhQRkqr_cdMhZdI,Ortaklar Oto Tamır ve Bakım Servisi,oto tamir servisi,kisitli alanda alet kullanimi,Ikitelli OSB,"İkitelli Osb Mh., Bağcılar-Güngören Sanayi Sitesi D:24, 21 Blok, 34490 Başakşehir/İstanbul",41.075782,28.802854600000003,(0212) 549 07 34,,3.5,6,Araç Bakım ve Onarımı,0.9,0.78
ChIJl26u3IalyhQRUUnKhlArqv0,Oto Beyin Tamiri Mcar Electronic McarGrup,elektronik tamir,ince motor manipulasyon,Ikitelli OSB,"İkitelli OSB, IOSB Dolapdere Sanayi Sitesi 25.Ada No:7-9, 34200 Başakşehir/İstanbul",41.0748092,28.8070022,(0212) 549 34 33,,4.2,102,Araç Bakım ve Onarımı,0.9,0.78
ChIJh3F3fam7yhQRgfRZcwKkLb0,Oto tamircisi Ahmet Usta,oto tamir servisi,kisitli alanda alet kullanimi,Ikitelli OSB,"Başakşehir İkitelli İOSB SEFAKÖY SANAYİİ SİTESİ, İkitelli OSB, İkitelli No:11 BLOK NO.1, 34010 Başakşehir/İstanbul",41.081202,28.804075599999997,0532 200 92 87,,5,6,Araç Bakım ve Onarımı,0.9,0.78
ChIJRTbBC4ilyhQRLUjM1W3XlAg,Oymak Oto Tamir ve Yedek Parça,oto tamir servisi,kisitli alanda alet kullanimi,Ikitelli OSB,"Ziya Gökalp Esenler Oto Sanayi Sitesi 16 Blok No: 10/11, İkitelli OSB, Esenler Oto Sanayi Sitesi No:16 D:16 Blok No: 11, 34490 Başakşehir/İstanbul",41.07895,28.801159700000003,(0212) 549 11 93,,4.7,89,Araç Bakım ve Onarımı,0.9,0.78
ChIJBU14fT-lyhQRtZMQO6v0frA,Pul Car Oto Servis Tamir & Bakım,oto tamir servisi,kisitli alanda alet kullanimi,Ikitelli OSB,"İkitelli OSB, Güngören - Bağcılar Sanayi Sitesi No:12 Blok No:21, 34490 Başakşehir/İstanbul",41.078643799999995,28.806784099999998,(0212) 549 02 10,,4.9,31,Araç Bakım ve Onarımı,0.9,0.78
ChIJvxIYLRGlyhQRm9clGX6kDfg,Radar Elektronik İkitelli Tv Tamiri - Uydu Tamiri Onvo Saba Nordmende Yetkili Servis,elektronik tamir,ince motor manipulasyon,Ikitelli OSB,"Atatürk, 1. İkitelli Cad. No:177, 34307 Küçükçekmece/İstanbul",41.0531484,28.7953643,(0212) 698 78 97,,3.7,32,Hizmetler,0.9,0.78
ChIJ3TB5yYWlyhQRdxgvALZz_FM,SAHRA OTO,oto tamir servisi,kisitli alanda alet kullanimi,Ikitelli OSB,"İkitelli OSB, Dolapdere Sanayi Sitesi İkitelli Organize Sanayi Bölgesi 8 . ADA NO:20, 34490 Başakşehir/İstanbul",41.072844599999996,28.804930400000003,0530 170 44 13,,5,94,Hizmetler,0.9,0.78
ChIJ0V_1WLqlyhQRuDvEgoNfU3o,Selse Elektronik,elektronik tamir,ince motor manipulasyon,Ikitelli OSB,"İkitelli OSB, Hırdavatçılar Sanayi Sitesi M11 blok no201, 34490 Başakşehir/İstanbul",41.068806599999995,28.794249299999997,0535 724 02 14,,,,Hizmetler,0.9,0.78
ChIJs3IZUvWlyhQRnwBTJ9pO-kA,T DOSTLUK OTO TAMİR SERVİSİ,oto tamir servisi,kisitli alanda alet kullanimi,Ikitelli OSB,"İkitelli OSB, Güngören - Bağcılar Sanayi Sitesi No:22 Blok, No:18, 34490 Başakşehir/İstanbul",41.075811099999996,28.8023355,0552 799 37 37,,4.9,16,Araç Bakım ve Onarımı,0.9,0.78
ChIJ5TQxdm67yhQRS1e-qy4z0Pc,TEKNİK ELEKTRONİK,elektronik tamir,ince motor manipulasyon,Ikitelli OSB,"Atatürk mahallesi 332.sokak, Perşembe pazarı, Atatürk, Ikitelli Cd. No:14B, 34000 Küçükçekmece/İstanbul",41.0539573,28.7974297,0538 951 18 94,,5,1,Hizmetler,0.9,0.78
ChIJ_xB2GXylyhQRSZebiogSJl0,TMR GARAGE ELEKTRONIK,elektronik tamir,ince motor manipulasyon,Ikitelli OSB,"Iosb esenler, İkitelli OSB, 13. Sk. SANAYİ SİTESİ, 34490 Başakşehir/İstanbul",41.080904499999995,28.8022666,0532 780 60 88,,5,12,Araç Bakım ve Onarımı,0.9,0.78
ChIJBzHHfIelyhQRWjtYLTDlmQ8,Teknik Oto Özel Servis,oto tamir servisi,kisitli alanda alet kullanimi,Ikitelli OSB,"Başakşehir İkitelli Organize Sanayi Böl. Bağcılar Sanayi Sitesi D:9 Blok No: 38-40, İkitelli OSB, 34490 Başakşehir/İstanbul",41.0786245,28.8049882,(0212) 549 46 84,,4.7,39,Araç Bakım ve Onarımı,0.9,0.78
ChIJGb0dooelyhQRnFQ8VV2qJmg,Uludağ Oto Servis,oto tamir servisi,kisitli alanda alet kullanimi,Ikitelli OSB,"7 Blok, 22-24 Güngören-Bağcılar Sanayi Sitesi, İkitelli Osb, İkitelli Başakşehir, İkitelli OSB, 34409 Başakşehir/İstanbul",41.0779104,28.8039555,(0212) 549 11 54,,4.7,32,Araç Bakım ve Onarımı,0.9,0.78
ChIJW9B3mkipyhQRM3mJsG08G50,otomasyoncu,elektronik tamir,ince motor manipulasyon,Ikitelli OSB,"Başakşehir ikitelli organize sanayi Biksan D blok No :39, İkitelli OSB, 34490 Başakşehir/İstanbul",41.0962968,28.796516099999998,0533 663 93 72,,,,Hizmetler,0.9,0.78
ChIJXbrcKIelyhQRDA1iw5SZN-k,İkitelli Garaj Oto Tamir & Bakım Servisi,oto tamir servisi,kisitli alanda alet kullanimi,Ikitelli OSB,"Başakşehir, İkitelli Organize San. Böl., Güngören-Bağcılar Sanayi Sitesi D:15. Blok No: 43, 34490 Başakşehir/İstanbul",41.0762978,28.8066512,(0212) 590 00 99,,4.2,11,Araç Bakım ve Onarımı,0.9,0.78
ChIJJzpi4dSlyhQRyBlmGKC7wJ0,İkitelli oto tamir,oto tamir servisi,kisitli alanda alet kullanimi,Ikitelli OSB,"Atatürk Mahallesi, İkitelli OSB, Ikitelli Cd. No:13/A, 34307 Küçükçekmece/İstanbul",41.0463527,28.8044378,0531 640 92 35,,4.9,22,Araç Bakım ve Onarımı,0.9,0.78
ChIJA1URFYalyhQR9SgA6fCUlpU,İstanbul Elektronik & Oto Beyin & Chip Tuning & Partikül & Adblue & Egr,elektronik tamir,ince motor manipulasyon,Ikitelli OSB,"İkitelli Osb.Mh, Başakşehir, Güngören - Bağcılar Sanayi Sitesi 21 Blok NO20, 34490 Başakşehir/İstanbul",41.075854199999995,28.802623,0534 261 70 41,,4.1,161,Araç Bakım ve Onarımı,0.9,0.78
ChIJU0SuAISlyhQRJcBaWPQMSAU,Şafak Oto Tamir Ve Bakım Servisi,oto tamir servisi,kisitli alanda alet kullanimi,Ikitelli OSB,"İkitelli OSB, Esenler 7. Blok Sk No:1, 34490 Başakşehir/İstanbul",41.0805255,28.801526100000004,0507 679 36 25,,5,26,Araç Bakım ve Onarımı,0.9,0.78
ChIJy3mBXGu7yhQRJ1taIIc5GdA,3M MERTER CAR CARE,oto tamir servisi,kisitli alanda alet kullanimi,Merter,"Mehmet Nesih Özmen Mah. Fatih Cad, Mehmet Nesih Özmen, Durak Sk. No:3, 34173 Güngören/İstanbul",41.012819799999995,28.884632099999997,0531 721 79 49,,4.8,30,Araç Bakım ve Onarımı,0.9,0.78
ChIJVQmE6R67yhQRbGSmhJXRIek,Akyüzler Elektrik,elektronik tamir,ince motor manipulasyon,Merter,"Mehmet Nesih Özmen, Savaş Cd No:19 D:E, 34173 Güngören/İstanbul",41.013521999999995,28.8873434,0532 737 63 08,,5,5,Elektrikçi,0.9,0.78
ChIJhwhcfB-7yhQRxPJ5hFGjFYM,Ay Oto Servisi,oto tamir servisi,kisitli alanda alet kullanimi,Merter,"Keresteciler Cad. Fatih Cad. Kalender Sk, Sanayi, Merter Sok. No: 4, 34100 Güngören/İstanbul",41.017350199999996,28.8814248,(0212) 637 65 07,,4.9,39,Araç Bakım ve Onarımı,0.9,0.78
ChIJhZSJSyW7yhQRqBskJpqPrqQ,Başkent Oto Tamir & Bakim Servisi,oto tamir servisi,kisitli alanda alet kullanimi,Merter,"Akıncılar, Horhor Sk. No:3, 34160 Güngören/İstanbul",41.0142063,28.872458700000003,0532 254 18 43,,4.9,92,Araç Bakım ve Onarımı,0.9,0.78
ChIJ8TKADca7yhQRjMV9F8lQ5lg,Bigsie Bilgi Teknolojileri - RAMPAGE,elektronik tamir,ince motor manipulasyon,Merter,"Mehmet Nesih Özmen Mahallesi Kasım Sokak Korkmazoğlu İş Hanı No:48 Kat:1/2, MERTER TEKSTİL MERKEZİ, Mehmet Nesih Özmen, 34173 Güngören/İstanbul",41.0093454,28.8881665,0545 558 29 14,,4.4,7,Hizmetler,0.9,0.78
ChIJh-afmx-7yhQRQyOJs0JMAuw,Bir-Oto Özel Servis,oto tamir servisi,kisitli alanda alet kullanimi,Merter,"Mehmet Nesih Özmen, Ardıç Sk. Keresteciler Sitesi D:5/C, 34169 Güngören/İstanbul",41.0182692,28.8838938,(0212) 637 34 28,,4.6,27,Araç Bakım ve Onarımı,0.9,0.78
ChIJ68vZ5yK7yhQR_NPr29t9X6g,Class Oto Servis,oto tamir servisi,kisitli alanda alet kullanimi,Merter,"Mehmet Nesih Özmen, Fatih Caddesi & Yüksel Sokak, Merter 18/1, 34173 Güngören/İstanbul",41.0130683,28.880784799999994,(0212) 637 35 27,,4,5,Araç Bakım ve Onarımı,0.9,0.78
ChIJlwZ7TCy7yhQR7Uck32v-alM,Detay Elektronik Televizyon Tamir Servis,elektronik tamir,ince motor manipulasyon,Merter,"Mareşal Çakmak, Ortaç Cd. No:5, 34160 Güngören/İstanbul",41.0151939,28.8627231,0532 371 48 08,,4.6,22,Hizmetler,0.9,0.78
ChIJRersDD27yhQRnTpBsPhAZoA,Donanım Lazımsa,elektronik tamir,ince motor manipulasyon,Merter,"Mehmet Nesih Özmen Mahallesi, Mehmet Akif Ersoy Caddesi Area Offices No:6 Kat:1, Mehmet Nesih Özmen, Merter Sk., 34173 Güngören/İstanbul",41.009688399999995,28.8814254,0850 304 5735,,3.3,4,Elektronik eşya mağazası,0.9,0.78
ChIJbcNF5SO7yhQROY8tAOlyq-s,Dostlar Otomotiv,oto tamir servisi,kisitli alanda alet kullanimi,Merter,"mehmet nesih özmen mh. mehmet akif ersoy cd 42/a mehmet nesih özmen mh. mehmet akif ersoy cd, Mehmet Nesih Özmen, Merter Sok. 42/a, 34165 Güngören/İstanbul",41.0161008,28.880811100000003,0530 663 33 19,,4.2,56,Araç Bakım ve Onarımı,0.9,0.78
ChIJcczo5S-7yhQRlwyP6m7assw,Doğan Elektronik Yetkili Servis,elektronik tamir,ince motor manipulasyon,Merter,"Akıncılar, Çizmeci Sk. no:20 34160, 34160 Güngören/İstanbul",41.015209,28.8698253,0537 207 71 41,,4.8,117,Hizmetler,0.9,0.78
ChIJXzGMDD27yhQRUV4jA-6lMpc,E-Ticaret Lazımsa,elektronik tamir,ince motor manipulasyon,Merter,"Mehmet Nesih Özmen Mahallesi, Mehmet Akif Ersoy Caddesi, Area Offices No:6 Kat:1 B4, Mehmet Nesih Özmen, 34173 Merter/Güngören/Güngören/İstanbul",41.0096819,28.881417000000003,0850 304 5864,,3,1,Hizmetler,0.9,0.78
ChIJGbGQBde7yhQR51Ab6GKzC5c,Ekspress Otomotiv - Tamir ve Kaporta (Güngören - Merter - Bahçelievler),oto tamir servisi,kisitli alanda alet kullanimi,Merter,"Sanayi, Vehbibey Sok. No : 38, 34160 Güngören/İstanbul",41.02077380000001,28.8800946,(0212) 644 38 05,,5,1,Araç Bakım ve Onarımı,0.9,0.78
ChIJKU-DlFa6yhQRWqxtYIjRyC4,Elit Motorlu Araçlar - Citroen Peugeot Opel Özel Servis,oto tamir servisi,kisitli alanda alet kullanimi,Merter,"Merter (Çeşme durağı, Merter tekstil merkezi istanbul, Mehmet Nesih Özmen, Zakkum Sk No:2, 34173 Güngören/İstanbul",41.0184612,28.883273499999994,0541 966 64 57,,4.4,76,Araç Bakım ve Onarımı,0.9,0.78
ChIJsULiUDq7yhQR37Wk_B5ESm8,"Emre Elektronik PS3-PS4-PS5 TAMİR,BAKIM, PlayStation 5 KOL TAMİR SERVİSİ Güngören/Haznedar",elektronik tamir,ince motor manipulasyon,Merter,"Güven, İnönü Cd. No:5/D, 34160 Güngören/İstanbul",41.0110451,28.873665700000004,0531 627 89 61,,4.5,82,Hizmetler,0.9,0.78
ChIJc9O6DSK7yhQRGPChmZ5rcp8,GELİŞİM OTO SERVİS,oto tamir servisi,kisitli alanda alet kullanimi,Merter,"Mehmet Nesih Özmen, Kayalar Sok. No:13, 34173 Güngören/İstanbul",41.0149754,28.882389099999994,(0212) 637 39 81,,4.2,77,Araç Bakım ve Onarımı,0.9,0.78
ChIJV0MjRB-7yhQRiQTr6HZm-u0,GÖNEY OTOMOTİV,oto tamir servisi,kisitli alanda alet kullanimi,Merter,"MEHMET NESİH ÖZMEN MAH. SAVUR SOK, Mehmet Nesih Özmen, Merter Sok. NO:6, 34173 Güngören/İstanbul",41.0162652,28.884346800000003,(0212) 637 06 78,,4.8,47,Araç Bakım ve Onarımı,0.9,0.78
ChIJ4R6a5Na6yhQRh-cbgk3lbhE,GÜNDÜZ ELEKTRONİK,elektronik tamir,ince motor manipulasyon,Merter,"Merkez Mah. Gaziosmanpaşa Cad, Gündüz Elektronik Ltd.Şti, Merkez, Meydancık Sk. No:11/D, 34164 Güngören/İstanbul",41.023537,28.8721975,0535 341 97 54,,4.4,8,Hizmetler,0.9,0.78
ChIJL-RU5Tq7yhQR7EHspS2Dn48,Güngören Elektrikçi,elektronik tamir,ince motor manipulasyon,Merter,"Güven, Erguvan Sk. No:31, 34160 Güngören/İstanbul",41.012006299999996,28.873466500000003,0535 276 41 13,,4.9,71,Hizmetler,0.9,0.78
ChIJo93fUyK7yhQRDCokSXcgLhg,Hilal Oto Servis,oto tamir servisi,kisitli alanda alet kullanimi,Merter,"Mehmet Nesih Özmen Mehmet Akif Caddesi 22/1G :F, Mehmet Nesih Özmen, Mehmet Akif Cad. 22/1 D:F, 34173 Güngören/İstanbul",41.0145087,28.8803991,0535 600 85 89,,4.8,27,Araç Bakım ve Onarımı,0.9,0.78
ChIJcVXZsbm7yhQRx5HPSxa0f2c,Luis Aksesuar Cep Telefonu Aksesuar ve Teknik Servis,elektronik tamir,ince motor manipulasyon,Merter,"Güneştepe, Rezaki Sok. No:18/b, 34164 Güngören/İstanbul",41.0280012,28.865059799999997,0507 075 66 08,,5,22,Hizmetler,0.9,0.78
ChIJCUfRSDy7yhQRmX68eATR32g,Merter Elektrikçi - Lider Elektrik 7/24 Açık,elektronik tamir,ince motor manipulasyon,Merter,"Mahallesi, Abdurrahman Nafiz Gürman, Şair Ahmet Kutsi Tecer Cd. No:35, 34173, 34173 Güngören/İstanbul",41.0049595,28.8884311,0532 331 64 37,,5,2,Elektrikçi,0.9,0.78
ChIJZyqM4ui1yhQRjmgqEary8XI,Merter Motors Mekanik,oto tamir servisi,kisitli alanda alet kullanimi,Merter,"Maslak Atatürk oto Sanayi Sitesi, Maslak, 41.sokak birinci kısım no 247, 34398 Sarıyer/İstanbul",41.1169844,29.022303899999997,0542 476 50 51,,,,Araç Bakım ve Onarımı,0.9,0.78
ChIJYYR2bNi6yhQRM87gdct2qHE,Microsphone Onarım Merkezi,elektronik tamir,ince motor manipulasyon,Merter,"Merkez Mahallesi Meydancık Sokak no:3j, Merkez, 34164 Güngören/İstanbul",41.024184,28.872792,0544 154 24 24,,4.8,381,Hizmetler,0.9,0.78
ChIJaZQ7Iye7yhQRpGjW-v9US6U,Nur Elektronik,elektronik tamir,ince motor manipulasyon,Merter,"Merkez, Asalet Cd. 22/D, 34164 Güngören/İstanbul - Avrupa",41.0207702,28.876473999999998,(0212) 641 42 09,,4.9,8,Elektronik eşya mağazası,0.9,0.78
ChIJ28QjITq7yhQRcACuhYN4RVQ,Sami Oto Elektrik,elektronik tamir,ince motor manipulasyon,Merter,"haznedar mah Eski Londra Asfaltı, Haznedar, Altıntaş Sk. No:1, 34240 Güngören/İstanbul",41.008010899999995,28.8741758,(0212) 575 89 63,,4.7,58,Araç Bakım ve Onarımı,0.9,0.78
ChIJB0rc6yG7yhQR1fdX-bRDDH0,Sağlam Oto Özel Servis,oto tamir servisi,kisitli alanda alet kullanimi,Merter,"Mehmet Nesih Özmen, Fatih Cad. & Uzun Sokak, Merter No:1, 34173 Güngören/İstanbul",41.0170992,28.881860999999997,(0212) 637 49 82,,4.5,2,Araç Bakım ve Onarımı,0.9,0.78
ChIJ42GxRrG7yhQR2HE2tIbHpsw,Süpürge Doktoru,elektronik tamir,ince motor manipulasyon,Merter,"Merter Evleri, Tozkoparan, Sergi Sk. No:23/B, 34173 Güngören/İstanbul",41.015815700000005,28.9016621,0533 031 93 34,,5,215,Hizmetler,0.9,0.78
ChIJff5COv-6yhQRNJbyUOTKpUQ,Teknik Servis Bmw Mercedes Özel,oto tamir servisi,kisitli alanda alet kullanimi,Merter,"No:, Mehmet Nesih Özmen Mahallesi, Mehmet Nesih Özmen, 34200 Merter/Güngören/Güngören/İstanbul",41.0176874,28.882259999999995,(0212) 481 81 24,,4.8,46,Araç Bakım ve Onarımı,0.9,0.78
ChIJP3bULhm7yhQRvKvjGd7U9gQ,Tezcanlar Otomotiv,oto tamir servisi,kisitli alanda alet kullanimi,Merter,"Mehmet Nesih Özmen, Fatih Cd. No:19, 34173 Güngören/İstanbul",41.0131205,28.882583399999998,(0212) 637 29 95,,4.6,190,Araç Bakım ve Onarımı,0.9,0.78
ChIJLVm1wBe7yhQRB97nXsfrK9I,Yıldız Servis - Oto Hizmetleri,oto tamir servisi,kisitli alanda alet kullanimi,Merter,"Mehmet Nesih Özmen, Kasım Sok. No:17A, 34173 Güngören/İstanbul",41.009403,28.884358299999995,(0212) 505 43 56,,4.7,24,Araç Bakım ve Onarımı,0.9,0.78
ChIJy7Y3tTS7yhQRKYqoBXwst3g,idealreyon,elektronik tamir,ince motor manipulasyon,Merter,"Abdurrahman Nafiz Gürman, Gülbayır Sk. Merter, 34178 Güngören/İstanbul",41.0058739,28.885488,0538 240 75 25,,5,8,Elektronik eşya mağazası,0.9,0.78
ChIJk_BZoB-7yhQRaz4dPnhAtJE,vizyon servis,oto tamir servisi,kisitli alanda alet kullanimi,Merter,"Keresteciler Sitesi Fatih Caddesi, Mehmet Nesih Özmen, Ardıç Sk. No : 24, 34010 Merter/İstanbul",41.0177808,28.8841551,(0212) 637 20 20,,4.7,18,Araç Bakım ve Onarımı,0.9,0.78
ChIJKxJ7reHOyhQRRcJ4T3h-u18,ANIL OTO SERVİS - Anıl KOÇ,oto tamir servisi,kisitli alanda alet kullanimi,Modoko Umraniye,"Mahallesi, Aşağı Dudullu, Şahinler Cd., 34773 Ümraniye/İstanbul",41.0186925,29.165253399999997,0537 426 66 44,,4.6,85,Araç Bakım ve Onarımı,0.9,0.78
ChIJ89i1cWPPyhQRcYi61krSR3A,Akbulut Otomotiv Özel Servis,oto tamir servisi,kisitli alanda alet kullanimi,Modoko Umraniye,"Yukarı Dudullu Mahallesi Kadosan Sanayi Sitesi D:C Blok:12, Dudullu OSB, 34775 Ümraniye/İstanbul",40.995972300000005,29.186142300000004,0543 242 81 56,,4.8,20,Araç Bakım ve Onarımı,0.9,0.78
ChIJ3exN4wrPyhQRvseVdtOZOVc,Aksoy Servis,oto tamir servisi,kisitli alanda alet kullanimi,Modoko Umraniye,"Kadosan Oto Sanayi Sitesi H Blok D:4, Yukarı Dudullu, 34775 Ümraniye/İstanbul",40.9947948,29.1828234,0541 925 50 51,,4.8,29,Araç Bakım ve Onarımı,0.9,0.78
ChIJfxgYWT3PyhQRkeXzA6WK65U,Araç Tamir Bakım Servisi,oto tamir servisi,kisitli alanda alet kullanimi,Modoko Umraniye,"2, Yukarı Dudullu, Necip Fazıl Blv., 34775 Ümraniye/İstanbul",41.00787,29.162098200000003,0530 389 25 88,,3,2,Araç Bakım ve Onarımı,0.9,0.78
ChIJzdmmFQDPyhQRuWDZQOcob2s,BYM Teknik Elektronik,elektronik tamir,ince motor manipulasyon,Modoko Umraniye,"ByM Teknik, Yukarı Dudullu, Göztepe Cd. No:13/A, 34775 Ümraniye/İstanbul",41.01213,29.1537652,0543 577 15 97,,5,2,Hizmetler,0.9,0.78
ChIJZdoPKaHPyhQRovn-t2ZYwVo,CANCAR PREMIUM SERVİCE,oto tamir servisi,kisitli alanda alet kullanimi,Modoko Umraniye,"CANCAR SERVİCE Dudullu osb, Esenkent, Medine Sk. No:4 D:a, 34776 Dudullu Osb/Ümraniye/İstanbul",40.996460899999995,29.188118399999997,0507 598 10 04,,5,82,Araç Bakım ve Onarımı,0.9,0.78
ChIJTXhkGd3IyhQRjrJqvN_lPDI,Class OTO Tamir ve Bakım servisi,oto tamir servisi,kisitli alanda alet kullanimi,Modoko Umraniye,"Yamanevler, Güven Sanayi Sitesi No:278, 34768 Ümraniye/İstanbul",41.024055399999995,29.118610699999998,0545 420 62 79,,4.7,13,Araç Bakım ve Onarımı,0.9,0.78
ChIJI7k5RVTFyhQRZP_J_eX94po,Demirhan Elektronik,elektronik tamir,ince motor manipulasyon,Modoko Umraniye,"Finanskent, 3008. Cd. 29/A, 34760 Ümraniye/İstanbul",41.006472099999996,29.1003231,0535 666 98 11,,4.9,35,Hizmetler,0.9,0.78
ChIJMdFHv1DPyhQRsRtc3LxQxDk,Emka Otomotiv Ümraniye Oto Servis,oto tamir servisi,kisitli alanda alet kullanimi,Modoko Umraniye,"YAMANEVLER MAH. ÖMER FAİK ATAKAN CAD, Yamanevler, 29 Mayıs Cd. SAN. SİT C4 BLOK Kapı No:5 C4 Daire No:6, 34800 Ümraniye/İstanbul",41.0276382,29.1186403,0533 653 34 63,,5,2,Araç Bakım ve Onarımı,0.9,0.78
ChIJQ3qCvbrPyhQR4BN5utIcEDY,Fatih Elektrik Elektronik Ve Uydu Sistemleri,elektronik tamir,ince motor manipulasyon,Modoko Umraniye,"Aşağı Dudullu, Cami Cd. no22/A, 34000 Ümraniye/İstanbul",41.0182846,29.163759199999998,0553 797 66 53,,4.9,68,Elektrikçi,0.9,0.78
ChIJX7soJhHPyhQRXnzduJ9QHfw,Günes Oto Servis,oto tamir servisi,kisitli alanda alet kullanimi,Modoko Umraniye,"Esenşehir, Nato Yolu Cd No:251, 34776 Ümraniye/İstanbul",41.0042932,29.1688826,0539 700 66 98,,5,8,Araç Bakım ve Onarımı,0.9,0.78
ChIJl-S0RwDPyhQRdDbPGcwcEPU,Güçkan otomotiv oto Tamir Bakım Servisi,oto tamir servisi,kisitli alanda alet kullanimi,Modoko Umraniye,"Madenler, İlke Sk. No:6, 34776 Ümraniye/İstanbul",41.013934,29.186054,0543 212 34 53,,5,35,Araç Bakım ve Onarımı,0.9,0.78
ChIJ8e4Vi4SlyhQRscVXszbd9Os,Hatipoğlu Oto Tamir ve Bakım Servisi,oto tamir servisi,kisitli alanda alet kullanimi,Modoko Umraniye,"Yamanevler, Gümrükçüler Sanayi Sitesi A Blok No:15, 34768 Ümraniye/İstanbul",41.0227497,29.117304700000002,0538 288 78 88,,4.9,25,Araç Bakım ve Onarımı,0.9,0.78
ChIJ5zaAxYfJyhQReOQ0VRRDxjo,Hifi Teknik,elektronik tamir,ince motor manipulasyon,Modoko Umraniye,"Çakmak, Yeşilbahar Sokağı, 34774 Ümraniye/İstanbul",41.0136825,29.132035300000002,,http://www.hifiteknik.com/,5,206,Hizmetler,0.9,0.78
ChIJsUa11jPPyhQRUYCHl1vTQYk,KORKMAZ ELEKTRİK SERVİS HİZMETLERİ,elektronik tamir,ince motor manipulasyon,Modoko Umraniye,"Yukarı Dudullu, Şenel Cd. No:76, 34775 Ümraniye/İstanbul",41.0108448,29.1443538,(0216) 420 18 26,,4.1,45,Hizmetler,0.9,0.78
ChIJ4S32Pd7IyhQR_wRFucHLN8Q,LAZER OTO SERVİS,oto tamir servisi,kisitli alanda alet kullanimi,Modoko Umraniye,"sanayi sitesi, Fatih Sultan Mehmet, Fatih Sultan Mehmet Sanayi Sitesi No:14 C.1. Blok, 34500 Ümraniye/İstanbul",41.0273237,29.1195724,0553 060 00 75,,4.2,16,Araç Bakım ve Onarımı,0.9,0.78
ChIJkeAoWGvJyhQRRY0CKJPTR_8,ME-YA ELEKTRONİK TAMİR BAKIM SERVİS HİZMETLERİ,elektronik tamir,ince motor manipulasyon,Modoko Umraniye,"Çamlık, İkbal Cd No:144/B, 34774 Ümraniye/İstanbul",41.0025445,29.124068299999998,0551 876 03 69,,5,1,Hizmetler,0.9,0.78
ChIJvQ6dxwbJyhQRaUlJjPOCcMM,Mail Elektronik - Ümraniye - Televizyon Tamircisi - Televizyon Hastanesi,elektronik tamir,ince motor manipulasyon,Modoko Umraniye,"Namık Kemal, Talatpaşa Cd No:59/A, 34764 Ümraniye/İstanbul",41.016165,29.096096,0535 254 14 74,,4.7,13,Hizmetler,0.9,0.78
ChIJO1PGmOPPyhQRqKkj6eUB3L8,Meda Elektrik Elektronik Güvelik ve Uydu Sistemleri,elektronik tamir,ince motor manipulasyon,Modoko Umraniye,"Altınşehir, Kanarya Sk. No:55/A, 34764 Ümraniye/İstanbul",41.013761099999996,29.142126599999997,0534 399 00 58,,4.7,25,Elektronik eşya mağazası,0.9,0.78
ChIJ-R20et7IyhQRkkbuTVExhB8,Mert Oto Tamir ve Bakım Servisi,oto tamir servisi,kisitli alanda alet kullanimi,Modoko Umraniye,"Saray Mahallesi, Atakan Caddesi No:3 D:A 3 Blok No: 18, Yamanevler, 34768 Ümraniye/İstanbul",41.0271902,29.1189185,0542 591 83 49,,4.8,8,Araba Hizmeti,0.9,0.78
ChIJi7bmXNvIyhQRfSDnJBx6iFc,Mikrotest Elektronik,elektronik tamir,ince motor manipulasyon,Modoko Umraniye,"KARTAL PLAZA, Esenşehir, Nato Yolu Cd No:205 K:3 D:6, 34775 Ümraniye/İstanbul",41.00612900000001,29.164696,(0216) 425 48 12,,5,11,,0.9,0.78
ChIJQ7nh8qDPyhQR215hmgWtELs,ONSA OTOMOTİV Servis Hizmetleri,oto tamir servisi,kisitli alanda alet kullanimi,Modoko Umraniye,"Kadosan oto sanayi sitesi Kds.4 sok, Dudullu OSB, 34775 Ümraniye/İstanbul",40.9951702,29.186983,0532 416 31 24,,4.8,171,Araç Bakım ve Onarımı,0.9,0.78
ChIJCS2NAEHPyhQR4wvKcIuT3bo,Oto Tamir Elektrik,oto tamir servisi,kisitli alanda alet kullanimi,Modoko Umraniye,"Yukarı Dudullu Mah., C-308 Sk. İmes San. Sit. No:11, 34776 Ümraniye/İstanbul",40.9976778,29.159325799999998,0535 813 44 76,,5,21,Araç Bakım ve Onarımı,0.9,0.78
ChIJD_VEs67PyhQRmQmvXMwqyhU,Oto Tamirhanesi,oto tamir servisi,kisitli alanda alet kullanimi,Modoko Umraniye,"Yukarı Dudullu, Ümit Sk. no 3, 34775 Ümraniye/İstanbul",41.013909,29.151043800000004,0539 334 92 03,,4.6,5,Araç Bakım ve Onarımı,0.9,0.78
ChIJgSyvaR7PyhQRIIIy49IzbCU,Oto tamir dmr oto,oto tamir servisi,kisitli alanda alet kullanimi,Modoko Umraniye,"Yukarı Dudullu, Ercan Sk. 36 34775, 34000 Ümraniye/İstanbul",41.0133472,29.140143899999998,0553 079 11 05,,5,11,Araç Bakım ve Onarımı,0.9,0.78
ChIJMw2BGN3IyhQRyCy1Ez_NV6Y,Oto Şirin Tamir ve Bakım Servisi,oto tamir servisi,kisitli alanda alet kullanimi,Modoko Umraniye,"Yamanevler, Gümrükçüler Sanayi Sitesi No:1, 34768 Ümraniye/İstanbul",41.021910399999996,29.118117700000003,(0216) 632 95 78,,4.4,47,Araç Bakım ve Onarımı,0.9,0.78
ChIJDzz2jtLIyhQRybOF9PUL8eU,Sistem Elektronik,elektronik tamir,ince motor manipulasyon,Modoko Umraniye,"6/B Alemdağ Caddesi &, Tepeüstü, Çayırbaşı Sk., 34771 Ümraniye/İstanbul",41.0164481,29.136697699999996,0544 941 21 74,,4.8,62,Hizmetler,0.9,0.78
ChIJ-z-sbfnPyhQR9pKLXC4fTqk,TEKNOMAR İLETİŞİM & ELEKTRONİK TEKNİK SERVİS & TELEFON HASTANESİ,elektronik tamir,ince motor manipulasyon,Modoko Umraniye,"Huzur, Karadeniz Cd. No 56/b, 34773 Ümraniye/İstanbul",41.0280774,29.158055299999997,0537 012 63 45,,4.9,222,Hizmetler,0.9,0.78
ChIJ3Vwr9QrPyhQRQGEIvRRy9SM,TEKNİK OTO SERVİS,oto tamir servisi,kisitli alanda alet kullanimi,Modoko Umraniye,"Dudullu OSB, 34775 Ümraniye/İstanbul",40.9955771,29.1842413,0533 341 90 80,,4.9,41,Araç Bakım ve Onarımı,0.9,0.78
ChIJxZxwLNzIyhQR06EBPmttSdQ,Taşdelen Oto Tamir Servisi,oto tamir servisi,kisitli alanda alet kullanimi,Modoko Umraniye,"İnkılap Mahallesi Özentaş San. Sit. D: Blok 3, Yamanevler, 34768 Ümraniye/İstanbul",41.0248923,29.118937799999998,(0216) 634 01 55,,4.8,51,Araç Bakım ve Onarımı,0.9,0.78
ChIJi9Envi_PyhQRHUEFJomb2RI,Tekno Turkuaz Bilgisayar & Uydu & Güvenlik Kamera Sistemleri,elektronik tamir,ince motor manipulasyon,Modoko Umraniye,"Yukarı Dudullu, Acısu Cd. No:19, 34775 Ümraniye/İstanbul",41.013982,29.149372999999994,(0216) 313 46 01,,4.3,38,Hizmetler,0.9,0.78
ChIJaUpgGRm3yhQRYBWX3ilwrwU,Uzman oto tamir bakım,oto tamir servisi,kisitli alanda alet kullanimi,Modoko Umraniye,"Sanayi yolu, Yamanevler, Özentaş Sk sanayi D BLOK, 34764 Ümraniye/İstanbul",41.024485299999995,29.118807999999994,0543 933 06 18,,5,23,Araç Bakım ve Onarımı,0.9,0.78
ChIJ5R3IBwDPyhQRpQdWxJQ0wB4,Vip Oto tamir atölyesi,oto tamir servisi,kisitli alanda alet kullanimi,Modoko Umraniye,"Mehmet Akif, Tavukçuyolu Cd No: 146/C, 34774 Ümraniye/İstanbul",41.007374399999996,29.1423266,0553 045 53 78,,5,9,Araç Bakım ve Onarımı,0.9,0.78
ChIJoQp9dJjJyhQR5CYDRylRtsI,YSF OTO TAMİR BAKİM SERVİSİ,oto tamir servisi,kisitli alanda alet kullanimi,Modoko Umraniye,"Yamanevler, Ömer Faik Atakan CD Fatih Sultan Mehmet Sanayi Sitesi A-3 Blok no:5A3/16, 34523 Ümraniye/İstanbul",41.0261187,29.1181489,0533 355 69 36,,4.9,61,Araç Bakım ve Onarımı,0.9,0.78
ChIJc4CBuDrPyhQRRIZCm0QhczA,Yaşar Elektronik,elektronik tamir,ince motor manipulasyon,Modoko Umraniye,"Yukarı Dudullu, Kıbrıs Cd. No:1 D:A, 34775 Dudullu/Ümraniye/İstanbul",41.010671699999996,29.1521368,0534 581 46 48,,4.7,18,Hizmetler,0.9,0.78
ChIJpdAXeV_IyhQRzAGvZ_r8KL8,Yıldız Elektronik,elektronik tamir,ince motor manipulasyon,Modoko Umraniye,"Namık Kemal, Cengiz Topel Cd. No:32 D:B, 34762 Ümraniye/İstanbul",41.0212067,29.0917368,(0216) 443 12 23,,5,7,Hizmetler,0.9,0.78
ChIJvadl8RnJyhQRpPAMdnvTSiU,Çağrı Elektronik - Televizyon Tamiri,elektronik tamir,ince motor manipulasyon,Modoko Umraniye,"Armağanevler, 23 Nisan Cd. 11/B, 34760 Ümraniye/İstanbul",41.0204186,29.1167559,(0216) 328 16 50,,5,67,Hizmetler,0.9,0.78
ChIJSyqYV5HPyhQRgnNo2gvJd5E,Çınar Otomotiv Tamir Bakım Onarım,oto tamir servisi,kisitli alanda alet kullanimi,Modoko Umraniye,"Esenşehir, Muradiye Sk. No:42 D:B, 34776 Ümraniye/İstanbul",41.0103127,29.168675699999998,0530 766 52 60,,5,4,Araç Bakım ve Onarımı,0.9,0.78
ChIJdzka317JyhQRp_VvS0LbFyA,Öztürk Elektrik/Elektronik,elektronik tamir,ince motor manipulasyon,Modoko Umraniye,"Atatürk, Fatih Sultan Mehmet Cd. 14/C, 34764 Ümraniye/İstanbul",41.026235,29.094334000000003,0535 383 55 82,,5,2,Hizmetler,0.9,0.78
ChIJfwlFpdjOyhQR5lj6cZeGFyQ,Ünal Elektronik,elektronik tamir,ince motor manipulasyon,Modoko Umraniye,"Aşağı Dudullu, Turgutreis Cd. 4/C, 34773 Ümraniye/İstanbul",41.0202175,29.155725900000004,0535 962 34 74,,4.7,12,Hizmetler,0.9,0.78
ChIJ0WqLQgvPyhQRIvDgOLV6FHs,İkizler oto tamir bakim,oto tamir servisi,kisitli alanda alet kullanimi,Modoko Umraniye,"Aşağı Dudullu, Hacı Hasan Efendi Sk. 6B, 34764 Ümraniye/İstanbul",41.0177255,29.1656804,0538 093 00 23,,5,8,Araç Bakım ve Onarımı,0.9,0.78
ChIJ18eCAPTIyhQR4D0bxyp-ol0,İlhan Elektronik KOMBİ KART TAMİRİ KOMBİ YEDEK PARÇA Ümraniye,elektronik tamir,ince motor manipulasyon,Modoko Umraniye,"İstiklal, Kavaklıdere Cd. No:62/A, 34762 Ümraniye/İstanbul",41.0206267,29.0982925,0541 211 29 69,,4.9,271,Hizmetler,0.9,0.78
ChIJU0uFPEDPyhQRkHu5zLh1s14,ŞAN OTOMOTİV,oto tamir servisi,kisitli alanda alet kullanimi,Modoko Umraniye,"Adem yavuz mahallesi, Yukarı Dudullu, Adnan Menderes Cd. no:12/A, 34774 Ümraniye/İstanbul",41.017928,29.156369399999996,0532 100 13 23,,4.6,9,Araç Bakım ve Onarımı,0.9,0.78
ChIJW24cXWy3yhQR1nLuSXi2P00,Akın Oto,oto tamir servisi,kisitli alanda alet kullanimi,Osmanbey Sisli,"Eskişehir, Dolapdere Cd. No:95, 34375 Şişli/İstanbul",41.04579450000001,28.9835684,0533 337 12 66,,4.9,212,Araç Bakım ve Onarımı,0.9,0.78
ChIJywvRjp-3yhQRL6ph7jPzTY8,Ali Usta Oto Kaporta & Boya Göçük Onarım Servisi,oto tamir servisi,kisitli alanda alet kullanimi,Osmanbey Sisli,"Yayla, Cin Deresi Cd. No:15 A, 34377 Şişli/İstanbul",41.0464335,28.974742199999998,0531 481 80 77,,5,2,Hizmetler,0.9,0.78
ChIJibqK0m63yhQRZ46IVBxIDD0,Ayhan Oto Elektrik Tamir ve Bakım Servisi,oto tamir servisi,kisitli alanda alet kullanimi,Osmanbey Sisli,"Dolapdere Caddesi, İnönü, Sazlıdere Cd. no 11, 34373 Şişli/İstanbul",41.042446999999996,28.982148,0555 995 98 31,,5,15,Araç Bakım ve Onarımı,0.9,0.78
ChIJ9_HJJmq3yhQRzBJvZgg_zz8,BOSS MEKANİK AUDİ & VOLKSWAGEN ÖZEL SERVİSİ,oto tamir servisi,kisitli alanda alet kullanimi,Osmanbey Sisli,"Bozkurt mah. Dolapdere cad. No165A, Bozkurt, 34475 Şişli/İstanbul",41.049027599999995,28.985389299999994,0538 071 22 88,,5,137,Araç Bakım ve Onarımı,0.9,0.78
ChIJgbvQEhm3yhQRQygZSPOYGV0,Cesur Oto Tamir Bakım Servisi,oto tamir servisi,kisitli alanda alet kullanimi,Osmanbey Sisli,"H. Edip Adıvar Mahallesi, Kızılcık Sk. 7/A, 34384 Şişli/İstanbul",41.061704899999995,28.980527799999997,0531 281 65 37,,5,4,Araç Bakım ve Onarımı,0.9,0.78
ChIJ03rnYg-3yhQRhCxInw9H03c,Coşkun Teknik Servis,elektronik tamir,ince motor manipulasyon,Osmanbey Sisli,"Meşrutiyet, Melek Sokak , Nişantaşı , No:24, 34363 Şişli/İstanbul",41.0555119,28.991525499999998,(0212) 291 80 22,,5,2,Hizmetler,0.9,0.78
ChIJNVQl9xC3yhQRG_eqjZiBOx0,Demirbaş Elektrik,elektronik tamir,ince motor manipulasyon,Osmanbey Sisli,"Cumhuriyet, İzzetpaşa Sok. No:25, 34380 Şişli/İstanbul",41.05561,28.984626000000002,0543 581 36 84,,,,Hizmetler,0.9,0.78
ChIJORGnQ523yhQRPxPvYYWEX_M,Ercan Oto,oto tamir servisi,kisitli alanda alet kullanimi,Osmanbey Sisli,"İnönü, Dolapdere Cd. no:64, 34373 Şişli/İstanbul",41.044492999999996,28.982847000000003,0536 788 36 41,,3,2,Araç Bakım ve Onarımı,0.9,0.78
ChIJhVL_X1i2yhQRY8WvwWL68Uw,Eser Oto Tamir Ve Bakım Servisi,oto tamir servisi,kisitli alanda alet kullanimi,Osmanbey Sisli,"Gülbahar, Zincirlidere Cd. No:16, 34394 Şişli/İstanbul",41.0738513,29.0007874,(0212) 274 62 58,,4.7,24,Araç Bakım ve Onarımı,0.9,0.78
ChIJ2ywPnha3yhQRhjnpODEMZfc,Eşsiz İletişim - Teknik Servis - Şişli Teknik Servis telefon tamircisi,elektronik tamir,ince motor manipulasyon,Osmanbey Sisli,"Duatepe Mah. Avukat Cad. No36c Feriköy Şişli, Duatepe, 34379 Şişli/İstanbul",41.054158,28.980176999999998,0544 968 16 94,,4.8,230,Hizmetler,0.9,0.78
ChIJ_6p_Uwy3yhQRIFnkqodmgoE,Flash Elektrik Şişli,elektronik tamir,ince motor manipulasyon,Osmanbey Sisli,"Bozkurt, Ergenekon Cd. no: 41, 34375 Şişli/İstanbul",41.0520455,28.985267900000004,0532 422 04 06,,,,Hizmetler,0.9,0.78
ChIJKeB3dqe3yhQRCxQ5i5GNKlo,Genç Oto Tamir Bakım Servisi,oto tamir servisi,kisitli alanda alet kullanimi,Osmanbey Sisli,"Nişantası, Teşvikiye, Nişantaşı Ihlamur Yolu Sok. 84-A, 34365 Şişli/İstanbul",41.0507421,29.000467599999997,0532 276 66 82,,4.6,125,Araç Bakım ve Onarımı,0.9,0.78
ChIJX14h8m63yhQRjzZoDewFjaQ,Kaçmaz Otomotiv,oto tamir servisi,kisitli alanda alet kullanimi,Osmanbey Sisli,"İnönü, Sazlıdere Cd. No:61, 34373 Şişli/İstanbul",41.0422994,28.984264699999997,(0212) 247 47 16,,4.6,84,Araç Bakım ve Onarımı,0.9,0.78
ChIJGY_3CXnIyhQRu7xPt5oAI_I,Konyalı Kardeşler Tamir Bakım Servisi,oto tamir servisi,kisitli alanda alet kullanimi,Osmanbey Sisli,"Esatpaşa, Adnan Menderes Cd no 76/B, 34704 Ataşehir/İstanbul",41.005465799999996,29.083744099999997,0536 417 39 77,,4.9,77,Araç Bakım ve Onarımı,0.9,0.78
ChIJsYO7-Pi2yhQRYXUDtLJMMhg,MG Elektronik,elektronik tamir,ince motor manipulasyon,Osmanbey Sisli,"Mecidiyeköy Mahallesi, Şht. Er Cihan Namlı Cd No:35, 34387 Şişli/İstanbul",41.0704869,28.9967563,,http://mgelektronik.com.tr/,4.8,24,Hizmetler,0.9,0.78
ChIJu3Z6TdvHyhQRoKHYfNpccPA,MURAT OTO MEKANİK&ELEKTRİK BAKIM SERVİSİ,oto tamir servisi,kisitli alanda alet kullanimi,Osmanbey Sisli,"Esatpaşa, Ziya Paşa Cd. No:137/B, 34704 Ataşehir/İstanbul",41.0049801,29.085938,0536 316 50 63,,4.9,64,Araç Bakım ve Onarımı,0.9,0.78
ChIJCeb9j263yhQRwWLYu_YJOsU,Mercan Oto Servis,oto tamir servisi,kisitli alanda alet kullanimi,Osmanbey Sisli,"İnönü, Cumhuriyet Cd. 31/B, 34373 Şişli/İstanbul",41.0432535,28.984139799999998,0533 641 70 24,,4.8,33,Araç Bakım ve Onarımı,0.9,0.78
ChIJ6wJz3xO3yhQRtqOEPRMVaeg,Mission Elektronik,elektronik tamir,ince motor manipulasyon,Osmanbey Sisli,"Cumhuriyet Mahellesi Ergenekon Caddesi No :30 / A, Cumhuriyet, 34380 Şişli/İstanbul",41.052994299999995,28.983723999999995,(0212) 234 49 39,,4.8,24,Elektronik eşya mağazası,0.9,0.78
ChIJVUtWKhS3yhQRuGqymXEroUY,Murat Elektrik-Elektronik-Kumanda,elektronik tamir,ince motor manipulasyon,Osmanbey Sisli,"Murat Elektrik, Feriköy, 34377 Şişli/İstanbul",41.05222,28.98117,(0212) 232 57 46,,4.1,9,Hizmetler,0.9,0.78
ChIJjwOzvGq3yhQRTWxUj7TP8dg,Okutan Otomotiv Kaporta Ve Boya Servisi,oto tamir servisi,kisitli alanda alet kullanimi,Osmanbey Sisli,"Feriköy, Pınar Sk. no:2b, 34377 Şişli/İstanbul",41.0493822,28.9770637,0534 522 37 65,,4.5,34,Araç Bakım ve Onarımı,0.9,0.78
ChIJ2-nYlhi3yhQRrngsf9S4pZk,Onur Elektronik,elektronik tamir,ince motor manipulasyon,Osmanbey Sisli,"Halide Edip Adıvar, Kestanelik Sk. No:5, 34382 Şişli/İstanbul",41.0629391,28.9772206,(0212) 210 52 24,,5,3,Elektronik eşya mağazası,0.9,0.78
ChIJm13EE2y3yhQRtZufNzLr6Ew,Oto Azim,oto tamir servisi,kisitli alanda alet kullanimi,Osmanbey Sisli,"Eskişehir, Dolapdere Cd. No:67, 34375 Şişli/İstanbul",41.0451456,28.9829288,(0212) 230 74 62,,4,4,Araç Bakım ve Onarımı,0.9,0.78
ChIJIZnHbMq3yhQRRTYKPo-godU,Oto Tamir Servis Bakım - ACS Oto,oto tamir servisi,kisitli alanda alet kullanimi,Osmanbey Sisli,"Kuştepe, Yoncalı Sk. No:27/A, 34387 Şişli/İstanbul",41.07206980000001,28.9919281,(0212) 275 42 80,,4.9,24,Araç Bakım ve Onarımı,0.9,0.78
ChIJJfEqY-63yhQRkF3dFzLpfxI,Oto servis Çelik otomotiv,oto tamir servisi,kisitli alanda alet kullanimi,Osmanbey Sisli,"Kuştepe, Hudut Sk. 174 a, 34640 Şişli/İstanbul",41.077805,28.989162000000004,0535 441 75 86,,,,Araç Bakım ve Onarımı,0.9,0.78
ChIJx37fNrq3yhQR_1YRwRkueNc,S & M Elektronik,elektronik tamir,ince motor manipulasyon,Osmanbey Sisli,"Duatepe, Kuyulubağ Sk. No:1-3B, 34379 Şişli/İstanbul",41.053068499999995,28.9824271,0535 599 45 95,,4.8,12,Hizmetler,0.9,0.78
ChIJXwCQcDu3yhQRUcZqsaQzZ10,Siper Elektronik,elektronik tamir,ince motor manipulasyon,Osmanbey Sisli,"Halil Rıfat Paşa Mahallesi Perpa Ticaret Merkezi Kat 11 A Blok No: 1563, Halil Rıfat Paşa, 34360 Şişli/İstanbul",41.0596458,28.969772499999994,0542 120 20 34,,5,1,Hizmetler,0.9,0.78
ChIJN1UWWWq3yhQRW5X7CsQyQ_s,SÜRAT OTO SERVİSİ,oto tamir servisi,kisitli alanda alet kullanimi,Osmanbey Sisli,"Feriköy, Şeref Meriç Sk. No:20, 34377 Şişli/İstanbul",41.0475443,28.978115400000004,0542 824 37 84,,4,6,Araç Bakım ve Onarımı,0.9,0.78
ChIJt5BHAGu3yhQRYIlFAaxPZ0s,TV KLİNİGİ,elektronik tamir,ince motor manipulasyon,Osmanbey Sisli,"Paşa, Darülaceze Yolu Cd. no:91/A, 34379 Şişli/İstanbul",41.051764999999996,28.975220000000004,0536 683 75 32,,4.5,6,Hizmetler,0.9,0.78
ChIJ3xs10hK3yhQRwvKN_yz09pE,Teknik Oto Servis,oto tamir servisi,kisitli alanda alet kullanimi,Osmanbey Sisli,"130, Harbiye, Dolapdere Cd., 34380 Şişli/İstanbul",41.048264700000004,28.985436600000003,(0212) 247 87 06,,4.4,24,Araç Bakım ve Onarımı,0.9,0.78
ChIJJZg-2hy3yhQRbjXwI8y09KU,Yeşim Elektrik,elektronik tamir,ince motor manipulasyon,Osmanbey Sisli,"Merkez Mahallesi, Hürriyet Cd, Merkez, Koca Mansur Sk. No:79, 34381 Şişli/İstanbul",41.0623539,28.9869239,(0212) 232 49 00,,4,179,Hizmetler,0.9,0.78
ChIJvfNpxj-3yhQR4pFwP9otpuU,ZAFER OTO MOTOR MEKANİK BAKIM VE ONARIM SERVİSİ,oto tamir servisi,kisitli alanda alet kullanimi,Osmanbey Sisli,"Paşa, Darülaceze Yolu Cd. No:81, 34379 Şişli/İstanbul",41.052566299999995,28.974982599999997,0532 624 77 48,,4.6,9,Araç Bakım ve Onarımı,0.9,0.78
ChIJP_SzAWu3yhQRqQADN1EIGHY,Çağdaş Elektronik,elektronik tamir,ince motor manipulasyon,Osmanbey Sisli,"Feriköy, Şht. Erdem Canbaş Sk. No:9/A, 34375 Şişli/İstanbul",41.047544099999996,28.9791649,0535 257 76 75,,2.6,5,Hizmetler,0.9,0.78
ChIJGQXJ92y3yhQRCJbJEfeKZNY,Özen Oto Tamir Bakım Servis,oto tamir servisi,kisitli alanda alet kullanimi,Osmanbey Sisli,"Eskişehir, Dolapdere Cd., 34375 Şişli/İstanbul",41.0461653,28.9839467,0538 200 24 51,,4.8,29,Araç Bakım ve Onarımı,0.9,0.78
ChIJcT6uNDi3yhQRIhvaKUy4Mv4,Ünal Oto Tamir Ve Bakım Servisi,oto tamir servisi,kisitli alanda alet kullanimi,Osmanbey Sisli,"Mahmut Şevket Paşa, Düztaş Sk. No:6, 34384 Şişli/İstanbul",41.0557881,28.965671200000003,,https://emirerzincan21.wixsite.com/nalotomotiv,5,22,Araç Bakım ve Onarımı,0.9,0.78
ChIJZYwN-xO3yhQRFeQgO7f8q-w,İnter Elektronik,elektronik tamir,ince motor manipulasyon,Osmanbey Sisli,"Duatepe, Şahap Sok. No:17, 34379 Şişli/İstanbul",41.0530579,28.9824481,0535 658 61 17,,5,3,Elektronik eşya mağazası,0.9,0.78
ChIJi6z5iQO3yhQROUhGuveESeY,Şan Otomotiv Özel Servis,oto tamir servisi,kisitli alanda alet kullanimi,Osmanbey Sisli,"19 Mayıs, Dr. Hüsnü İsmet Öztürk Sk. No:9, 34360 Şişli/İstanbul",41.0612371,28.993114799999997,(0212) 211 46 70,,4.8,14,Araç Bakım ve Onarımı,0.9,0.78
ChIJ8yBSKBS3yhQRpNQZqrD-CEg,Şişli ARÇELİK BEKO YETKİLİ SERVİSİ Akdoğan Teknik Servis Hiz.Ltd Şti,elektronik tamir,ince motor manipulasyon,Osmanbey Sisli,"Feriköy, Evrenoszade Sk. No:33, 34286 Şişli/İstanbul",41.0536393,28.979629099999997,(0212) 232 71 38,,3.9,136,Hizmetler,0.9,0.78
ChIJn1cx8Cu3yhQRw4V6j029IQM,"24 Saat Açık Tamirci, Oto Tamir Bakım, Araç Bakım Merkezi",oto tamir servisi,kisitli alanda alet kullanimi,Perpa Okmeydani,"Eski Oto Sanayi Sitesi, Huzur, Kemal Atatürk Cd No 17, 34418 Kağıthane/İstanbul",41.0952051,29.004410299999996,0531 286 76 18,,4.4,118,Araç Bakım ve Onarımı,0.9,0.78
ChIJL_dR0Tu3yhQR0zRRxmUe6H4,ALTED OTO YEDEK PARÇA PAZARLAMA VE TİCARET LTD. ŞTİ,oto tamir servisi,kisitli alanda alet kullanimi,Perpa Okmeydani,"HALİT RIFAT PAŞA MAH. PERPA TİCARET MERKEZİ B BLOK KAT 13 NO:2485, OKMEYDANI, Halil Rıfat Paşa, 34384 Şişli/İstanbul",41.0578102,28.967825399999995,0549 681 80 01,,,,Nalbur,0.9,0.78
ChIJrwBNJ9ulyhQRXMzi2adAoFY,Akülü sandalye teknik servis tekerlekli sandalye servisi akü ve yedek parça,oto tamir servisi,kisitli alanda alet kullanimi,Perpa Okmeydani,"Okmeydanı Perpa ticaret merkezi a blok kat 4, Halil Rıfat Paşa, no : 353, 34381 Şişli/İstanbul",41.059689999999996,28.9690013,0551 407 18 70,,4.6,21,Araba Kiralama Şirketi,0.9,0.78
ChIJr-TfLgK3yhQRQPRfQrZQa3s,Aydın ELEKTRİK,elektronik tamir,ince motor manipulasyon,Perpa Okmeydani,"H. Rıfat Paşa, Perpa Ticaret Merkezi B Blok (Mavi Avlu ) 9 Kat NO: 1427 Okmeydanı, Halil Rıfat Paşa, 34384 Şişli/İstanbul",41.058434899999995,28.968904299999995,0532 270 19 11,,5,5,Elektrikçi,0.9,0.78
ChIJJTYO6Te3yhQRSB6RhpzWnzA,Burak Oto,oto tamir servisi,kisitli alanda alet kullanimi,Perpa Okmeydani,"Mahmut Şevket Paşa, Çamözü Sk. No:15, 34384 Şişli/İstanbul",41.0548283,28.9633033,0535 321 44 51,,4.9,36,Araç Bakım ve Onarımı,0.9,0.78
ChIJp15yZju3yhQRHgAShlzEwqE,By Teknik Elektrik Elektronik,elektronik tamir,ince motor manipulasyon,Perpa Okmeydani,"Halil Rıfat Paşa, Perpa Ticaret Merkezi No:976 A Blok, 34384 Şişli/İstanbul",41.060200599999995,28.969706399999996,(0212) 210 40 05,,,,Hizmetler,0.9,0.78
ChIJ08gtKQe3yhQRAghAotDOm8k,IQOS İluma istanbul Tamir Ve Servis,elektronik tamir,ince motor manipulasyon,Perpa Okmeydani,"Halil Rıfat Paşa Mah. Yüzer Havuz Sk No:1 Perpa Ticaret Merkezi B Blok 9.kat No:1518, Halil Rıfat Paşa, 34360 Şişli/İstanbul",41.060701699999996,28.970342199999997,0542 545 85 65,,4.9,145,Hizmetler,0.9,0.78
ChIJI4gG12S3yhQRZ1eCV5Djqv8,Mad Otopark & Oto Yıkama,oto tamir servisi,kisitli alanda alet kullanimi,Perpa Okmeydani,"Halil Rıfat Paşa, İlhanlı Sk. No:5/A, 34384 Şişli/İstanbul",41.0585051,28.968572800000004,0539 556 89 53,,4.8,59,Kapalı Otopark,0.9,0.78
ChIJZ6YChke3yhQRBKJB3X275wA,Mer & Ser Tamir Ve Bakim Servisi,oto tamir servisi,kisitli alanda alet kullanimi,Perpa Okmeydani,"Mahmut Şevket Paşa, Şimşek Sk. 40/A, 34384 Şişli/İstanbul",41.052924499999996,28.966692899999998,(0212) 253 19 91,,4.8,25,Araç Bakım ve Onarımı,0.9,0.78
ChIJ22ERJji3yhQRBSgcabNDCeg,Meral otomotiv,oto tamir servisi,kisitli alanda alet kullanimi,Perpa Okmeydani,"Mahmut Şevket Paşa, İzzetbaba Sk. No:14, 34384 Şişli/İstanbul",41.055447,28.9646006,0534 939 93 92,,5,1,Araç Bakım ve Onarımı,0.9,0.78
ChIJzzTVMfXHyhQRZxua1t_ZtbA,Mesut Oto,oto tamir servisi,kisitli alanda alet kullanimi,Perpa Okmeydani,"Fikirtepe mah, Hasanpaşa, Özbey Cd. No:45/B, 34720 Kadıköy/İstanbul",40.994289699999996,29.048171999999997,0538 611 57 27,,5,73,Araç Bakım ve Onarımı,0.9,0.78
ChIJHQe1Zju3yhQRyhIaKtfFjxw,NSKA Elektronik,elektronik tamir,ince motor manipulasyon,Perpa Okmeydani,"H. Rıfat Paşa Mahallesi Perpa Ticaret Merkezi D:A Blok 389, Halil Rıfat Paşa, 34384 Şişli/İstanbul",41.0601663,28.9699558,(0212) 939 21 04,,5,1,Tedarikçiler,0.9,0.78
ChIJ1dlXIJi3yhQRdcoPFnB5FJ8,Orion Otomotiv Araç Bakım ve Onarım,oto tamir servisi,kisitli alanda alet kullanimi,Perpa Okmeydani,"Gürsel Mahallesi Kağıthane Caddesi, Gürsel, Seğmen Sk. No: 27, 34400 Kağıthane/İstanbul",41.0762971,28.9734913,(0212) 222 11 20,,4.9,62,Araç Bakım ve Onarımı,0.9,0.78
ChIJXwyK7ze3yhQR0IgU6mVMtnY,Ortaklar Oto Tamirhanesi,oto tamir servisi,kisitli alanda alet kullanimi,Perpa Okmeydani,"Mahmut Şevket Paşa, Sivas Sokak, Okmeydanı No:15, 34384 Kağıthane/Şişli/İstanbul",41.0546496,28.9636571,0538 589 25 96,,5,1,Araç Bakım ve Onarımı,0.9,0.78
ChIJz5pG-Ey3yhQRvubtdkSVdPY,Pcom Teknoloji,elektronik tamir,ince motor manipulasyon,Perpa Okmeydani,"Perpa Ticaret Merkezi A blok Kat:13 No:1987, Halil Rıfat Paşa, 34834 Şişli/İstanbul",41.060705299999995,28.970212300000004,(0212) 912 18 14,,5,1,Hizmetler,0.9,0.78
ChIJSXMqHYC3yhQR4_5Er7aA-g4,Sony Teknik Destek,elektronik tamir,ince motor manipulasyon,Perpa Okmeydani,"Perpa Ticaret Merkezi B Blok Kat: 9 No:1337 / A1 Okmeydanı, Halil Rıfat Paşa, 34384 Şişli/İstanbul",41.0615591,28.970371600000004,(0212) 220 55 15,,4.7,3,,0.9,0.78
ChIJ_____6-1yhQR-zt3CVs0m74,Soylu Otomotiv ve Rulman,oto tamir servisi,kisitli alanda alet kullanimi,Perpa Okmeydani,"Merkez Perpa Ticaret Merkezi B Blok No:747 K:6, Okmeydanı, Şişli, İstanbul, Maslak, 34485 Sarıyer/İstanbul",41.124309,29.011076199999998,(0212) 222 41 16,,,,Tedarikçiler,0.9,0.78
ChIJXYFSN1m3yhQRrUHuIRDaAaU,Teknikel Araç Tamir Bakım Tic.Ltd.Şti.,oto tamir servisi,kisitli alanda alet kullanimi,Perpa Okmeydani,"Küçük Piyale, Toprak Tabya Sk. 18/A, 34440 Beyoğlu/İstanbul",41.036999,28.969751,(0212) 254 40 48,,4.7,37,Araç Bakım ve Onarımı,0.9,0.78
ChIJUQNa9srPyhQR4joPw41CXqA,Çetinler oto hasar onarım,oto tamir servisi,kisitli alanda alet kullanimi,Perpa Okmeydani,"İstanbul Ümraniye Dudullu OSB kadosan sanayi sitesi 8. Sokak 21/23, Dudullu OSB, 34500 Ümraniye/İstanbul",40.995501399999995,29.182844499999998,0543 847 34 52,,4.8,39,Araç Bakım ve Onarımı,0.9,0.78
ChIJazcx-X-2yhQRjcjLLwNZQoY,İnan - Öz,oto tamir servisi,kisitli alanda alet kullanimi,Perpa Okmeydani,"Seyrantepe, Oğuzeli Sk No:14, 34418 Kağıthane/İstanbul",41.0995993,29.001150900000003,0542 412 71 76,,4.6,41,Araç Bakım ve Onarımı,0.9,0.78
ChIJ2dWlMtOryhQRKfBgq26AIwc,AK OTO TAMİR BAKIM ONARIM,oto tamir servisi,kisitli alanda alet kullanimi,Persembe Pazari Karakoy,"Karlıbayır, Bayrak Cd., 34281 Arnavutköy/İstanbul",41.1824321,28.7198562,0546 662 22 27,,4.4,43,Araç Bakım ve Onarımı,0.9,0.78
ChIJN5Omb1D_n0ARlympqaOO89w,AYYILDIZ OTOMOTİV BOSCH CAR SERVİS ARNAVUTKÖY,oto tamir servisi,kisitli alanda alet kullanimi,Persembe Pazari Karakoy,"Tayakadın, 34283 Arnavutköy/İstanbul",41.201933499999996,28.726366499999997,0545 119 19 23,,4.3,13,Araç Bakım ve Onarımı,0.9,0.78
ChIJUWYye9W1yhQRjpgz7kZvDQo,Ak Oto Servis,oto tamir servisi,kisitli alanda alet kullanimi,Persembe Pazari Karakoy,"Seyrantepe, Oğuzeli Sk No:10, 34418 Kağıthane/İstanbul",41.099591499999995,29.0013467,(0212) 325 72 20,,4.9,15,Araç Bakım ve Onarımı,0.9,0.78
ChIJ7-_phOi5yhQRmYoxDKkt3uA,BAHAR TEKNİK HIRDAVAT,oto tamir servisi,kisitli alanda alet kullanimi,Persembe Pazari Karakoy,"Arap Cami, Zincirli Han Sk. No:4, 34421 Beyoğlu/İstanbul",41.0233936,28.9725357,(0212) 220 75 76,,5,5,Kurumsal Ofis,0.9,0.78
ChIJF8hFaOnJyhQRVCVuy6-DmeY,BEYLERBEYİ OTOMOTİV OTO TAMİR BAKIM ONARIM & KAPORTA & BOYA VE LASTİK SERVİSİ,oto tamir servisi,kisitli alanda alet kullanimi,Persembe Pazari Karakoy,"Burhaniye, Beybostanı Sk. No:47/A, 34676 Üsküdar/İstanbul",41.033647599999995,29.049687499999997,0536 217 13 49,,4.7,76,Araç Bakım ve Onarımı,0.9,0.78
ChIJWV4Bs-i5yhQRP1Kv8vVwHz8,Bahar Otomotiv Bahçe ve Peyzaj LTD. ŞTİ,oto tamir servisi,kisitli alanda alet kullanimi,Persembe Pazari Karakoy,"Arap Cami, Tersane Cd. No:103 KARAKÖY, 34420 Beyoğlu/İstanbul",41.0234133,28.970534599999997,(0212) 238 69 91,,4,22,Tedarikçiler,0.9,0.78
ChIJ2_-hYBq6yhQRcbfzCQWvBD4,Baran Oto Elektrik Klima Gazi - akü takviyesi,oto tamir servisi,kisitli alanda alet kullanimi,Persembe Pazari Karakoy,"Derviş Ali, Draman Cd. No:21, 34087 Fatih/İstanbul",41.0294206,28.942645300000002,0536 747 48 35,,4.8,143,Araç Bakım ve Onarımı,0.9,0.78
ChIJI6GKA-i5yhQRlQnN8Kzqnio,Coşkun Elektronik,elektronik tamir,ince motor manipulasyon,Persembe Pazari Karakoy,"Kemankeş Karamustafa Paşa, Erişteci Sk. No:5, 34425 Beyoğlu/İstanbul",41.022523899999996,28.975788899999998,(0212) 293 71 58,,,,Üretici,0.9,0.78
ChIJDWNQmOe5yhQR6oze6oRuAQ8,Dilker Ticaret,elektronik tamir,ince motor manipulasyon,Persembe Pazari Karakoy,"bereketzade Mahallesi, yüksekkaldırım caddesi yüksel iş hanı No:18 kat 2, Bereketzade, 34425 Beyoğlu/İstanbul",41.0249635,28.974860399999997,(0212) 244 04 85,,4.7,6,Hizmetler,0.9,0.78
ChIJFyaaiIq5yhQR3EM74ORiAhM,Doğan Oto Elektrik,oto tamir servisi,kisitli alanda alet kullanimi,Persembe Pazari Karakoy,"Zeyrek, Ömer Efendi Sk. 11/A, 34083 Fatih/İstanbul",41.0175954,28.953648899999997,0530 346 17 80,,4.5,13,Araç Bakım ve Onarımı,0.9,0.78
ChIJl1yMlOe5yhQREdvRxLz9bVQ,Ekol Elektronik,elektronik tamir,ince motor manipulasyon,Persembe Pazari Karakoy,"Erişteci Sok. Karaköy Pasajı No:9 D:30, Kemankeş Karamustafa Paşa, 34425 Beyoğlu/İstanbul - Avrupa",41.022510000000004,28.975753899999997,(0212) 293 18 22,,1,1,Elektronik eşya mağazası,0.9,0.78
ChIJI4DzAd3IyhQR9IHq8mmlSus,Elvan Oto Tamir ve Bakım Servisi,oto tamir servisi,kisitli alanda alet kullanimi,Persembe Pazari Karakoy,"6 Alemdağ Cd. &, Yamanevler, Gümrükçüler Sanayi Sitesi, 34768 Ümraniye/İstanbul",41.0227053,29.1186303,0534 824 61 55,,4.5,8,Araç Bakım ve Onarımı,0.9,0.78
ChIJcz8OH7q5yhQRA-4T-MtW1t4,Eren&Co Elektronik,elektronik tamir,ince motor manipulasyon,Persembe Pazari Karakoy,"tershane caddesi no:8/3 selanik pasajı, Arap Cami, no:8/3, 34768 Beyoğlu/İstanbul",41.0228311,28.9747158,0541 838 00 80,,5,3,Hizmetler,0.9,0.78
ChIJadffA-i5yhQRhKGsN508T6M,Gerçek elektronik,elektronik tamir,ince motor manipulasyon,Persembe Pazari Karakoy,"mahallesi karaköy pasaji, Kemankeş Karamustafa Paşa, Erişteci Sk. no:50, 34000 Beyoğlu/İstanbul",41.0226717,28.9759398,0537 556 29 52,,3.9,154,Elektronik eşya mağazası,0.9,0.78
ChIJ9Zl-xH62yhQReJz5ZWPTjtQ,Güven Fren ve Elektrik Servisi,oto tamir servisi,kisitli alanda alet kullanimi,Persembe Pazari Karakoy,"Yeşilce, Kağıthane Barbaros Cd. 15/A, 34418 Kağıthane/İstanbul",41.095397,29.004185200000002,0535 723 35 99,,4.4,23,Araç Bakım ve Onarımı,0.9,0.78
ChIJiSpRjma3yhQRUFkpmrIdlic,Güzel Elektronik Beyaz Eşya Kart Tamiri,elektronik tamir,ince motor manipulasyon,Persembe Pazari Karakoy,"Piyalepaşa, Erdem Sk. No:15, 34435 Beyoğlu/İstanbul",41.051266999999996,28.9602507,0532 747 28 70,,4.6,238,Hizmetler,0.9,0.78
ChIJu9Yy-yW5yhQR_-LlO3gwcNY,Karadağ Elektronik,elektronik tamir,ince motor manipulasyon,Persembe Pazari Karakoy,"Karaköy Selanik Pasajı, Müeyyetzade, Kat 4 No:37, 34420 Beyoğlu/İstanbul",41.0225666,28.9743754,0532 286 84 43,,4.2,11,Hizmetler,0.9,0.78
ChIJTblv5gm5yhQRGpn6zuylSaE,Karaköy Oto Çekici Oto Tamir İletişim,oto tamir servisi,kisitli alanda alet kullanimi,Persembe Pazari Karakoy,"Hacımimi, Necatibey Cd. No:81, 34425 Beyoğlu/İstanbul",41.0253706,28.978498,0850 242 2285,,5,5,Araç Bakım ve Onarımı,0.9,0.78
ChIJ-3HYcue5yhQR_tLwTKQn3AQ,Metin Elektronik,elektronik tamir,ince motor manipulasyon,Persembe Pazari Karakoy,"Bereketzade, Galipdede Caddesi, Tünel Galata Müzik Aletleri Çarşısı D:76 B2/6, 34420 Beyoğlu/İstanbul",41.0259281,28.9747492,(0212) 245 66 16,,3.7,6,Hizmetler,0.9,0.78
ChIJeZoNUty5yhQR0tmfSWs9P-U,Mikro Otomasyon Sistemleri Elektronik San. ve Tic. Ltd. Şti.,elektronik tamir,ince motor manipulasyon,Persembe Pazari Karakoy,"Kemankeş Mah., Mumhane Caddesi, Karaköy Fransız Geçidi İş Merkezi No:108 B Blok, 34425 Beyoğlu/İstanbul",41.0247759,28.9793496,(0212) 244 87 31,,,,Hizmetler,0.9,0.78
ChIJm9cG4UO5yhQR15_jbO7WSrM,Next Star Yetkili Servis/Akyol Elektronik,elektronik tamir,ince motor manipulasyon,Persembe Pazari Karakoy,"Bereketzade, Okçu Musa Cd. Anten Han No:16 Kat:2, 34000 Beyoğlu/İstanbul",41.0261603,28.9717798,(0212) 238 35 60,,4.7,14,Elektronik eşya mağazası,0.9,0.78
ChIJA5A8i1W3yhQRReZFliM5VRE,Role Oto Genel Servis,oto tamir servisi,kisitli alanda alet kullanimi,Persembe Pazari Karakoy,"Mahallesi, Keçeci Piri, Hasbahçe Sk. No:1, 34445 Beyoğlu/İstanbul",41.0373247,28.9573103,(0216) 238 28 68,,4.6,45,Araç Bakım ve Onarımı,0.9,0.78
ChIJv0XHvG_IyhQRSsegib-h5lU,Sarıpınar Renault-Opel Özel Servisi,oto tamir servisi,kisitli alanda alet kullanimi,Persembe Pazari Karakoy,"Cumhuriyet, Karlıdere Cd. No: 52, 34660 Üsküdar/İstanbul",41.0148344,29.079101099999995,0507 261 45 57,,3.2,112,Araç Bakım ve Onarımı,0.9,0.78
ChIJo5DnQd3IyhQRm_JGVgGWbf8,Sağlam-İş Oto Tamir & Bakım Servisi,oto tamir servisi,kisitli alanda alet kullanimi,Persembe Pazari Karakoy,"Yamanevler, Alemdağ Cd Küçük Sanayi Sitesi, 34768 Ümraniye/İstanbul",41.0222447,29.116979100000002,(0216) 634 84 13,,4.9,16,Araç Bakım ve Onarımı,0.9,0.78
ChIJM7cN4Oe5yhQRGmGsAjsO3Hw,Selanik Han,elektronik tamir,ince motor manipulasyon,Persembe Pazari Karakoy,"Arap Cami, Arap Cami Çk., 34420 Beyoğlu/İstanbul",41.023236,28.974682200000004,(0212) 293 75 74,,4.4,90,İş Merkezi,0.9,0.78
ChIJE-xul-i5yhQR3SuiZGNN_Qg,TEKNİKSAN ELEKTRİK ELEKTRONİK,elektronik tamir,ince motor manipulasyon,Persembe Pazari Karakoy,"Arap Cami, Arap Cami Çk. No:7A, 34421 Beyoğlu/İstanbul",41.025027,28.971276,0554 587 28 89,,4.5,16,Hizmetler,0.9,0.78
ChIJ_7Xk3-e5yhQR89azJEceIoM,Uğur Tamir Servisi,oto tamir servisi,kisitli alanda alet kullanimi,Persembe Pazari Karakoy,"4, Arap Cami, Perçemli Sk. No:52, 34421 Beyoğlu/İstanbul",41.0225827,28.9742916,(0212) 243 23 25,,5,1,Araç Bakım ve Onarımı,0.9,0.78
ChIJ24itrJDQyhQR55GaJi8rliE,Zafer 2 Oto Özel Servis,oto tamir servisi,kisitli alanda alet kullanimi,Persembe Pazari Karakoy,"Hamidiye, Atatürk Cd. No:3, 34925 Sultanbeyli/İstanbul",40.953386599999995,29.2959978,0533 744 96 42,,4.5,56,Araç Bakım ve Onarımı,0.9,0.78
ChIJ4wTAkirJyhQRPU-DKVb0OLY,işletme,oto tamir servisi,kisitli alanda alet kullanimi,Persembe Pazari Karakoy,"Bereketzade, Yüksek Kaldırım Cd. no:16, 34700 Beyoğlu/İstanbul",41.024952299999995,28.974849400000004,0532 653 82 09,,4.2,36,Araç Bakım ve Onarımı,0.9,0.78
ChIJmYsO4Oe5yhQRsjltJvAyi8Q,Çalışkan Elektronik,elektronik tamir,ince motor manipulasyon,Persembe Pazari Karakoy,"Kemeraltı Caddesi, Arap Cami, Selanik Pasajı No:8 Kat:4, 34421 Beyoğlu/İstanbul",41.023190199999995,28.9747478,0532 495 69 64,,4.8,10,Hizmetler,0.9,0.78
ChIJT43rJwC3yhQRzXmD6AL6ltA,Çözüm Elektronik Tamir Ve Bakım Laboratuarı Mihran Ekmekci,elektronik tamir,ince motor manipulasyon,Persembe Pazari Karakoy,"Kemankeş Karamustafa Paşa, Erişteci Sk. Karaköy pasajı no:5/54, 34425 Beyoğlu/İstanbul",41.0224422,28.976090799999998,0532 357 76 98,,4.7,3,Hizmetler,0.9,0.78
ChIJT5JI83LHyhQRUkOXQLT4CeA,ÖZGÜN OTOGAZ OTO ELEKTRİK KLIMA SERVISI,oto tamir servisi,kisitli alanda alet kullanimi,Persembe Pazari Karakoy,"Merdivenköy, Şair Arşi Cd. No:43, 34732 Kadıköy/İstanbul",40.986875500000004,29.073693499999997,0538 547 05 45,,4.9,118,Araç Bakım ve Onarımı,0.9,0.78
ChIJuxOQaoqjyhQR9QSX5u70yc0,İbişler Oto,oto tamir servisi,kisitli alanda alet kullanimi,Persembe Pazari Karakoy,"Fevzi Çakmak, Halkalı Cd Şimşek Oto Sanayi Sitesi 197-40, 34290 Küçükçekmece/İstanbul",41.006512099999995,28.7939952,0532 520 31 37,,3.7,3,Araç Bakım ve Onarımı,0.9,0.78
ChIJ47bOoD-7yhQR-eOha99DbwM,7/24 garaj Oto Tamir Bakım,oto tamir servisi,kisitli alanda alet kullanimi,Zeytinburnu,"Seyitnizam, Demirciler Sitesi 7. Cd. No: 24, 34025 Zeytinburnu/İstanbul",41.0039106,28.897989499999998,0537 308 70 99,,4.3,11,Araç Bakım ve Onarımı,0.9,0.78
ChIJGwkzX3S7yhQR5A9BM2gRLoo,ALTUNBAŞ ELEKTRONİK ÇANAK ANTEN TEKNİK TAMİR SERVİSİ,elektronik tamir,ince motor manipulasyon,Zeytinburnu,"Yeşiltepe, 53/4. Sk. 9/A, 34025 Zeytinburnu/İstanbul",40.994243,28.9022658,0535 811 00 03,,4.5,4,Hizmetler,0.9,0.78
ChIJwew2YwC7yhQR_LpZ8IjcffU,ASMER OTO SERVİS VE TAMİRİ,oto tamir servisi,kisitli alanda alet kullanimi,Zeytinburnu,"Seyitnizam, Demirciler Sitesi 5. Cd. no:60, 34015 Zeytinburnu/İstanbul",41.005606799999995,28.8992318,0530 733 00 65,,5,1,Araç Bakım ve Onarımı,0.9,0.78
ChIJ87bvvvO7yhQRPJSePcQ3QSg,ASMER ÖZEL OTO SERVİS VE TAMİRİ,oto tamir servisi,kisitli alanda alet kullanimi,Zeytinburnu,"Seyitnizam, Demirciler Sitesi 5. Cd. no:60, 34015 Zeytinburnu/İstanbul",41.005606799999995,28.8992318,0530 733 00 65,,5,5,Araç Bakım ve Onarımı,0.9,0.78
ChIJwXeq51C7yhQRdIDtjDCeo0Q,AYDIN elektronik,elektronik tamir,ince motor manipulasyon,Zeytinburnu,"Telsiz, 85/9. Sk. No:13/B, 34760 Zeytinburnu/İstanbul",40.999311,28.9103474,0535 461 84 38,,5,2,Hizmetler,0.9,0.78
ChIJO0vjMVS6yhQRJ4-Ne2TwnGE,Acar Oto Elektronik,elektronik tamir,ince motor manipulasyon,Zeytinburnu,"Maltepe, 34010 Zeytinburnu/İstanbul",41.0172452,28.9096011,0507 877 10 48,,4.3,11,Araç Bakım ve Onarımı,0.9,0.78
ChIJX1R37Q67yhQRSZy_zOvWBk4,Ak & Ça Oto Özel Servis,oto tamir servisi,kisitli alanda alet kullanimi,Zeytinburnu,"Seyitnizam, Demirciler Sitesi 7. Cd., 34015 Zeytinburnu/İstanbul",41.0036628,28.8983177,(0212) 510 21 26,,4.5,28,Araç Bakım ve Onarımı,0.9,0.78
ChIJvVZ5EQC7yhQRw0zip0FQ2P4,Albayrak Oto Tamir ve Bakım Servisi,oto tamir servisi,kisitli alanda alet kullanimi,Zeytinburnu,"Maltepe, Fazıl Paşa Cd No:10 Kat:5, 34010 Zeytinburnu/İstanbul",41.023505,28.912673399999996,0532 633 61 52,,5,15,Araç Bakım ve Onarımı,0.9,0.78
ChIJLVQ71lW6yhQRYXVTTTtZi8M,Alim Oto Servis,oto tamir servisi,kisitli alanda alet kullanimi,Zeytinburnu,"Maltepe, Akınsal Sanayi Sitesi, 34010 Zeytinburnu/İstanbul",41.017905299999995,28.9085399,0535 499 73 42,,4.7,19,Araç Bakım ve Onarımı,0.9,0.78
ChIJ1RXRvXG7yhQRmCCRJd8uBy0,BARUN ELEKTRONİK,elektronik tamir,ince motor manipulasyon,Zeytinburnu,"VELİEFENDİ MH, 74. Sk. NO:70/E, 34025 Zeytinburnu/İstanbul",40.9941617,28.898677399999997,0543 880 01 58,,,,Hizmetler,0.9,0.78
ChIJLy3qMQm7yhQRq6ieGYnmDXI,CANIM ELEKTİRİK & ELEKTRONİK,elektronik tamir,ince motor manipulasyon,Zeytinburnu,"Çırpıcı, 1. Taşocağı Sk. No:49/B, 34006 Zeytinburnu/İstanbul",41.001040700000004,28.895664099999998,0538 792 61 67,,5,3,Hizmetler,0.9,0.78
ChIJ7ZwBV3e7yhQRS58iNDXPb5k,Cihandan Elektronik,elektronik tamir,ince motor manipulasyon,Zeytinburnu,"Sümer, 27/1. Sk. NO: 3/A, 34025 Zeytinburnu/İstanbul",40.987761600000006,28.8966195,(0212) 510 58 59,,4.4,92,Elektronik eşya mağazası,0.9,0.78
ChIJa7ni61e6yhQRymS_UKZ--rA,Dinç Oto Tamir Servisi - Yedek Parça,oto tamir servisi,kisitli alanda alet kullanimi,Zeytinburnu,"Maltepe, Yıldız Sk. No:14, 34010 Zeytinburnu/İstanbul",41.0219498,28.907517699999996,(0212) 481 82 39,,4.7,12,Araç Bakım ve Onarımı,0.9,0.78
ChIJN40Xk167yhQREVrHJkWROLQ,Dokuz Otomotiv,oto tamir servisi,kisitli alanda alet kullanimi,Zeytinburnu,"Seyit Nizam Cad, Seyitnizam, Demirciler Sitesi 9. Cd. No:67, 34015 Zeytinburnu/İstanbul",41.004832,28.896486999999997,0538 882 84 08,,4.5,38,Araç Bakım ve Onarımı,0.9,0.78
ChIJ29t3_7q7yhQRnsHY4um0BV4,Ekiz Oto. Oto Motor Kaporta Boya Elektrik Ve Partikul Tamir,oto tamir servisi,kisitli alanda alet kullanimi,Zeytinburnu,"Seyitnizam, Demirciler Sitesi 9. Cd. No:28, 34015 Zeytinburnu/İstanbul",41.003501799999995,28.8966849,0537 870 15 23,,4.6,82,Araç Bakım ve Onarımı,0.9,0.78
ChIJ89rvhFa6yhQRodd8ZiP4ZSo,Elit Oto Oto Tamir Bakım Ve Egzoz Servisi,oto tamir servisi,kisitli alanda alet kullanimi,Zeytinburnu,"Maltepe, Çırpıcı Yolu Sokak No:50, 34010 Zeytinburnu/İstanbul",41.018601499999995,28.9089055,0532 544 09 08,,5,2,Araç Bakım ve Onarımı,0.9,0.78
ChIJuWoeU0e7yhQRs2ZoZxj_PS4,Eraslan oto servis,oto tamir servisi,kisitli alanda alet kullanimi,Zeytinburnu,"Maltepe mah. Y. Kule çırpıcı yolu sk. Topkapı tic. Mer.1 no:3/5 107, Maltepe, B Blok Sk., 34600 Zeytinburnu/İstanbul",41.0172379,28.909231300000002,0531 979 60 75,,4.7,26,Araç Bakım ve Onarımı,0.9,0.78
ChIJERNK7g67yhQR3AC4-aW5W7Y,Fatih Usta Otomotik Şanzıman Servisi,oto tamir servisi,kisitli alanda alet kullanimi,Zeytinburnu,"Seyitnizam, Demirciler Sitesi 6. Cd. No21, 34010 Zeytinburnu/İstanbul",41.003943,28.898366,0533 771 24 14,,4.5,44,Araç Bakım ve Onarımı,0.9,0.78
ChIJlaO6dTG7yhQR_x4qBjbdyhw,HASKAR OTO BAKIM GENEL SERVIS,oto tamir servisi,kisitli alanda alet kullanimi,Zeytinburnu,"Seyitnizam, Mevlana Cd. No:19d, 34015 Zeytinburnu/İstanbul",41.007014399999996,28.9034959,0507 303 76 08,,4.7,15,Araç Bakım ve Onarımı,0.9,0.78
ChIJd3vKDXK7yhQR2Wgrv9kz5Xo,Kaplan Oto Tamir,oto tamir servisi,kisitli alanda alet kullanimi,Zeytinburnu,"Veliefendi, Prof. Dr. Turan Güneş Cd. No:166, 34025 Zeytinburnu/İstanbul",40.994869,28.895307900000002,0534 367 33 94,,3.7,24,Araç Bakım ve Onarımı,0.9,0.78
ChIJj0Q1fG27yhQRLKXEE2EdeFc,Karadeniz Oto,oto tamir servisi,kisitli alanda alet kullanimi,Zeytinburnu,"8, &, Profesör Doktor Turan Güneş Caddesi, Veliefendi, Prof. Dr. Aziz Ergin Cd, 34025 Zeytinburnu/İstanbul",40.9968888,28.894442700000003,0533 664 25 11,,4.6,21,Araç Bakım ve Onarımı,0.9,0.78
ChIJX1DwVP-6yhQRfWcFSNw-MvM,Kocaçınar Otomotiv,oto tamir servisi,kisitli alanda alet kullanimi,Zeytinburnu,"Maltepe, Yılanlı Ayazma Cad. No:31 D:2-Blok, 34010 Zeytinburnu/İstanbul",41.0181493,28.905899,(0212) 481 84 22,,4.6,52,Araç Bakım ve Onarımı,0.9,0.78
ChIJnRzAuM-7yhQRMUF9E39X_2A,Mek Tek Otomotiv Servis,oto tamir servisi,kisitli alanda alet kullanimi,Zeytinburnu,"Nuripaşa, 13. Sk. 30a Apt No 30A, 34025 Zeytinburnu/İstanbul",40.9844961,28.899759399999994,0538 433 79 24,,5,24,Araç Bakım ve Onarımı,0.9,0.78
ChIJS1Mczgi7yhQROMoVeNvTOHI,Murat Oto Tamir Bakım Servisi,oto tamir servisi,kisitli alanda alet kullanimi,Zeytinburnu,"Seyitnizam, Demirciler Sitesi 2. Cd. No:21, 34015 Zeytinburnu/İstanbul",41.004498999999996,28.900886,0534 631 51 34,,4.5,25,Araç Bakım ve Onarımı,0.9,0.78
ChIJaRIDRVi6yhQRdHPdMEQ1WhY,Oguz Oto Elektronik,elektronik tamir,ince motor manipulasyon,Zeytinburnu,"renault oguz Maltepe, Maltepe, Başoğlu Oto Sanayi Sitesi, 34010 Zeytinburnu/İstanbul",41.0244007,28.908451600000003,0543 404 12 04,,4.6,110,Araç Bakım ve Onarımı,0.9,0.78
ChIJyya908e7yhQRAe44r7tRIr4,Oto Berkan,oto tamir servisi,kisitli alanda alet kullanimi,Zeytinburnu,"Maltepe Mahallesi. Yılanlı Ayazma Sokak Teknik Oto Sanayi Sitesi. 3. Blok No.51/52, Maltepe, 34025 Zeytinburnu/İstanbul",41.018504199999995,28.905932299999996,(0212) 481 92 69,,4.8,33,Araç Bakım ve Onarımı,0.9,0.78
ChIJq4KY_ea7yhQRNW6aUIHD6Kw,Oto Selahattin Tamir ve Bakım Servisi,oto tamir servisi,kisitli alanda alet kullanimi,Zeytinburnu,"Maltepe, Teknik Oto Sanayi D:8 Blok 8-196, 34010 Zeytinburnu/İstanbul",41.0186357,28.9073621,0532 632 93 58,,3.7,24,Araç Bakım ve Onarımı,0.9,0.78
ChIJI0Sag3C7yhQRMU47pghfLew,PRİMES SERVİS,oto tamir servisi,kisitli alanda alet kullanimi,Zeytinburnu,"Seyitnizam, Demirciler Sitesi 6. Cd. No:79, 34100 Zeytinburnu/İstanbul",41.006223999999996,28.898387,0554 125 63 77,,5,34,Araç Bakım ve Onarımı,0.9,0.78
ChIJA7OFRAi7yhQR9CpNKKxQ1Eg,Paşahan Elektronik,elektronik tamir,ince motor manipulasyon,Zeytinburnu,"Seyit Nizam Mahallesi, Seyitnizam Cd., 34015 Zeytinburnu/İstanbul",41.0035976,28.903104100000004,(0212) 664 80 40,,5,6,Hizmetler,0.9,0.78
ChIJQ74xrjiIKAcRQgdj-rlq9rE,Recep Elektronik,elektronik tamir,ince motor manipulasyon,Zeytinburnu,"Maltepe, Akınsal Sanayi Sitesi C Blok No:2, 34010 Zeytinburnu/İstanbul",41.018152,28.9086732,0532 379 12 34,,4.3,18,Araç Bakım ve Onarımı,0.9,0.78
ChIJSQPFJFO7yhQR1hpKI5y2sjo,SERBEST ELEKTRİK ELEKTRONİK UYDU SİSTEMLERİ,elektronik tamir,ince motor manipulasyon,Zeytinburnu,"Veliefendi, Prof. Dr. Aziz Ergin Cd 18 b, 34212 Zeytinburnu/İstanbul",40.997378999999995,28.893743999999998,0505 994 98 89,,5,1,Elektrikçi,0.9,0.78
ChIJVRjOT_-6yhQRN0aop-UjTzY,Savaş Oto Tamir ve Bakım Servisi,oto tamir servisi,kisitli alanda alet kullanimi,Zeytinburnu,"Topkapı, Teknik Oto San. Sit., Yılanlı Ayazma Yolu No:7 D:2, Blok 24, 34010 Zeytinburnu/İstanbul",41.0181999,28.9058638,(0212) 481 84 50,,4.6,21,Araç Bakım ve Onarımı,0.9,0.78
ChIJPewv52K7yhQRHxl2aghS72c,Serbest Uydu Tamir Oguz Usta,elektronik tamir,ince motor manipulasyon,Zeytinburnu,"Sümer, Prof. Dr. Turan Güneş Cd. No:4, 34025 Zeytinburnu/İstanbul",40.9829643,28.8933908,0505 708 76 74,,5,1,Hizmetler,0.9,0.78
ChIJ8XI3XJC6yhQRfycjggRR_wc,Sevinç Elektrik,elektronik tamir,ince motor manipulasyon,Zeytinburnu,"Yenidoğan, 48. Sk. no:103/A, 34000 Zeytinburnu/İstanbul",40.9903062,28.905375300000003,(0212) 582 33 25,,3.4,134,Hizmetler,0.9,0.78
ChIJJWPIFLq7yhQRda7L95MaN_Q,Usta eller araç bakım ve onarım merkezi,oto tamir servisi,kisitli alanda alet kullanimi,Zeytinburnu,"Seyitnizam, Demirciler Sitesi 10. Cad. no: 36, 34015 Zeytinburnu/İstanbul",41.0035564,28.896046100000003,0541 560 74 57,,5,7,Araç Bakım ve Onarımı,0.9,0.78
ChIJ9T5uZ567yhQRSI3SXgqyd0I,Uzman Elektronik,elektronik tamir,ince motor manipulasyon,Zeytinburnu,"Gökalp, Şht. Komiser Günaydın Sok. 50/A, 34020 Zeytinburnu/İstanbul",40.9913118,28.9086771,(0212) 582 36 37,,4.1,7,Hizmetler,0.9,0.78
ChIJMwAA81q6yhQRkl1y-XkBJV8,Yön Elektronik,elektronik tamir,ince motor manipulasyon,Zeytinburnu,"Topkapı, Davutpaşa Cd. Tim 1 İş Merkezi D:178-153, 34010 Zeytinburnu/İstanbul",41.0221483,28.915560900000003,(0212) 243 13 24,,,,Hizmetler,0.9,0.78
ChIJC3pcXwq7yhQR7IS6O5vcNxE,Yıldırım Elektronik,elektronik tamir,ince motor manipulasyon,Zeytinburnu,"Beştelsiz, 308. Sk. No:4 D:A, 34020 Zeytinburnu/İstanbul",40.9983578,28.904587799999998,(0212) 510 82 30,,5,1,Elektronik eşya mağazası,0.9,0.78
ChIJWwqjv7e7yhQR3GBXG2PGvaM,Yıldırım Elektronik,elektronik tamir,ince motor manipulasyon,Zeytinburnu,"Seyitnizam, Şht. Er Ramazan Kirman Sok. No:79/A, 34015 Zeytinburnu/İstanbul",41.006846700000004,28.9020937,0536 888 05 68,,,,Hizmetler,0.9,0.78
ChIJp2KvinG7yhQRN41xIsWWu0Y,Yıldız Elektronik,elektronik tamir,ince motor manipulasyon,Zeytinburnu,"Veliefendi, 74 Sokak Matbaacılar Konut Sit. Yanı 124/A, 34025 Zeytinburnu/İstanbul",40.9936905,28.8961468,(0212) 664 24 66,,3,2,Hizmetler,0.9,0.78
ChIJgaqZkj27yhQRm_4qhtulWfo,Zeytin Elektronik,elektronik tamir,ince motor manipulasyon,Zeytinburnu,"İstanbul, Çırpıcı, 75/2. Sk. no:149 D:B, 34000 Zeytinburnu/İstanbul",41.0015534,28.901247299999998,0552 673 94 04,,5,2,Hizmetler,0.9,0.78
ChIJ0_2PYgu7yhQRDyiqOkzfoAU,Zeytinburnu Televizyon Tamir Servisi Enes Elektronik Televizyon Hastanesi,elektronik tamir,ince motor manipulasyon,Zeytinburnu,"Gökalp, 47/3. Sk. :1 A, 34020 Zeytinburnu/İstanbul",40.9935584,28.905537000000002,(0212) 416 74 24,,5,33,Hizmetler,0.9,0.78
ChIJqWW3Ncq7yhQRHtoThE1r_yc,Çakıroğlu Otomotiv Bünyamin Çakır,oto tamir servisi,kisitli alanda alet kullanimi,Zeytinburnu,"Seyitnizam, Demirciler Sitesi 4. Cd. No:28, 34015 Zeytinburnu/İstanbul",41.0047244,28.8998477,0532 709 47 02,,4.9,14,Araç Bakım ve Onarımı,0.9,0.78
ChIJK9jXj3a7yhQRc3-U_tNjFd8,Özgelişim Ticaret Televizyon-Uydu-Bilgisayar,elektronik tamir,ince motor manipulasyon,Zeytinburnu,"Yeşiltepe, 52. Sk. No:8 D:A, 34025 Zeytinburnu/İstanbul",40.99129250000001,28.902956399999997,(0212) 665 24 79,,5,4,Hizmetler,0.9,0.78
ChIJ-_A9bg67yhQR5jDQPG79t_Q,Öztaş Otomotiv Özel Servis ve yedek parça,oto tamir servisi,kisitli alanda alet kullanimi,Zeytinburnu,"Seyitnizam, Demirciler Sitesi 9. Cd. No:34, 34015 Zeytinburnu/İstanbul",41.0037223,28.8967933,0541 953 84 03,,3,7,Pazar,0.9,0.78
ChIJtVYcAuq7yhQR5eZrAs6PTlg,ÜÇGEN OTOMOTİV,oto tamir servisi,kisitli alanda alet kullanimi,Zeytinburnu,"Seyitnizam, Demirciler Sitesi 8. Cd. No:6, 34015 Zeytinburnu/İstanbul",41.0032406,28.897318900000002,0535 797 51 38,,5,275,Araç Bakım ve Onarımı,0.9,0.78
ChIJLWSwM3a7yhQRl9mfH5QzuE0,İleri teknoloji,elektronik tamir,ince motor manipulasyon,Zeytinburnu,"Yenidoğan, 48. Sk. no D:128, 34400 Zeytinburnu/İstanbul",40.989053,28.905327999999994,0553 469 73 99,,4.4,7,Hizmetler,0.9,0.78
ChIJM9l8BiS7yhQRSh7YTjxntgA,İlyas Oto Servis,oto tamir servisi,kisitli alanda alet kullanimi,Zeytinburnu,"Cevizlibağ Akınsel Sitesi, Maltepe, A Blok No:12, 34015 Zeytinburnu/İstanbul",41.0178927,28.907863999999996,0531 430 50 33,,4.5,8,Araç Bakım ve Onarımı,0.9,0.78
ChIJnQkmf6K7yhQR2Sxo90mb1qU,İnci Otomotiv - Oto Mekanik ve Oto Tamiri,oto tamir servisi,kisitli alanda alet kullanimi,Zeytinburnu,"Fırat Oto Sanayi Sitesi, Maltepe, Yedikule Çırpıcı Yolu No:32, 34010 Zeytinburnu/İstanbul",41.0180619,28.909670000000002,0530 328 99 02,,4.6,16,Araç Bakım ve Onarımı,0.9,0.78
ChIJw6tOM2O6yhQRvpRt8R6EAiI,Ada Teknik,beyaz esya servisi,sokme-takma dizisi,Bayrampasa,"İsmet Paşa, İsmet Paşa Cd. No:22, 34040 Bayrampaşa/İstanbul",41.0408281,28.9102163,(0212) 613 17 58,,5,1,Hizmetler,0.88,0.766
ChIJyUj-wI6jyhQR7j7-GS8YjQY,Akbirlik Soğutma Beyaz Eşya Yedek Parça Şatışı,beyaz esya servisi,sokme-takma dizisi,Bayrampasa,"Terazidere, Egemen Sokağı No:6, 34080 Bayrampaşa/İstanbul",41.033313899999996,28.902079699999994,(0212) 501 28 31,,4.3,136,Hizmetler,0.88,0.766
ChIJ31aK722wyhQRIj9ovjqc0AY,BEDİR TEKNİK,beyaz esya servisi,sokme-takma dizisi,Bayrampasa,"Yıldırım, Kadife Sk. No:7/A, 34045 Bayrampaşa/İstanbul",41.0659801,28.888052599999998,0535 433 71 26,,3.7,17,Hizmetler,0.88,0.766
ChIJf76dTIGxyhQRQcIdX6BynB8,Bayrampaşa Altus Servis,beyaz esya servisi,sokme-takma dizisi,Bayrampasa,"Yıldırım, Ceberhan Sk. No:53c, 34000 Bayrampaşa/İstanbul",41.0631554,28.898923800000002,0850 340 7455,,,,Ev Eşyaları Mağazası,0.88,0.766
ChIJSQURfWyxyhQRixRws-R48iQ,Bayrampaşa Klima - Kombi Servis Merkezi,beyaz esya servisi,sokme-takma dizisi,Bayrampasa,"Kartaltepe, Mehmet Akif Cd. No:41, 34040 Bayrampaşa/İstanbul",41.0566658,28.8999119,0850 340 3506,,3.7,6,Ev Eşyaları Mağazası,0.88,0.766
ChIJzVYaBIGxyhQRnOE4hHCDRME,DOĞRU TEKNİK SERVİS BEYAZ ESYA KLİMA,beyaz esya servisi,sokme-takma dizisi,Bayrampasa,"Kartaltepe, Fatih Cd. 16 B, 34035 Bayrampaşa/İstanbul",41.0546443,28.9048074,0530 135 29 90,,4.4,7,Hizmetler,0.88,0.766
ChIJLc56_IuxyhQRjvw-OQP5-gw,Demir Bayrampaşa Beyaz Eşya ve Kombi Servisi,beyaz esya servisi,sokme-takma dizisi,Bayrampasa,"Yıldırım, Mormenekşe sok. 15 D C, 34045 Bayrampaşa/İstanbul",41.0609683,28.8914615,0539 952 70 53,,5,1,Hizmetler,0.88,0.766
ChIJP1tv0mK6yhQRhNhxegMvJ7Y,Emin Teknik,beyaz esya servisi,sokme-takma dizisi,Bayrampasa,"İsmetpaşa Mahallesi, İstasyon Sokak No: 2/A, İsmet Paşa, 34040 Bayrampaşa/İstanbul",41.041171999999996,28.907928599999995,(0212) 674 10 19,,3.7,110,Hizmetler,0.88,0.766
ChIJj3TGYmC7yhQRyHw-1MKkwlM,Enez Teknik servis Klima kombi beyaz eşya servisi,beyaz esya servisi,sokme-takma dizisi,Bayrampasa,"Altıntepsi, Atatürk Cd. 68 c, 34035 Bayrampaşa/İstanbul",41.0388628,28.900899000000003,(0212) 501 61 63,,4.8,10,Hizmetler,0.88,0.766
ChIJbzTXUqyxyhQRgo7jUj4883w,Erkin teknik kombi Beyaz eşya servisi,beyaz esya servisi,sokme-takma dizisi,Bayrampasa,"Kartaltepe, Şht. Ömer Halisdemir Bulvari no:117A, 34040 Bayrampaşa/İstanbul",41.0531315,28.901975500000002,0531 720 01 23,,5,1,Hizmetler,0.88,0.766
ChIJCepTr4WxyhQR8WOga0Z42b8,Fatih Beyaz Eşya Servisi,beyaz esya servisi,sokme-takma dizisi,Bayrampasa,"Kartaltepe, Fatih Cd. No:148 D:B, 34040 Bayrampaşa/İstanbul",41.0583105,28.897520399999998,,https://www.sariyerservisi.com/arcelik-servis?utm_source=google&utm_medium=wix_google_business_profile&utm_campaign=14185915478522439955,,,Hizmetler,0.88,0.766
ChIJhyQe4wW7yhQRhx75QffMC2g,GÜLER TEKNİK BEYAZ EŞYA BAKIM VE ONARIM SERVİS HİZMETLERİ bayrampaşa servis,beyaz esya servisi,sokme-takma dizisi,Bayrampasa,"Altıntepsi, Poyraz Sk. NO:47/A, 34035 Bayrampaşa/İstanbul",41.0402136,28.8994458,(0212) 501 22 25,,3.4,16,Hizmetler,0.88,0.766
ChIJ1228_V67yhQRfkB_1SYRGYk,Klima Servis & Kombi Servis Bayrampaşa,beyaz esya servisi,sokme-takma dizisi,Bayrampasa,"Altıntepsi, Gazi Osman Paşa Cd. No:105, 34035 Bayrampaşa/İstanbul",41.0362996,28.9003302,0850 340 7882,,,,Dernek veya Kuruluş,0.88,0.766
ChIJK4wv6r-7yhQRp5pvPS2H71E,Kombi Klima Beyaz Eşya Servis Merkezi,beyaz esya servisi,sokme-takma dizisi,Bayrampasa,"Kocatepe, 9. Sk. No:42/A, 34045 Bayrampaşa/İstanbul",41.051822699999995,28.897353799999994,0507 763 06 00,,4.9,34,Hizmetler,0.88,0.766
ChIJnR8RTQGxyhQRSND54VehDuk,Kombi beyaz eşya servisi Asaf teknik,beyaz esya servisi,sokme-takma dizisi,Bayrampasa,"Kartaltepe, Şht. Ömer Halisdemir Bulvari no:63/D, 34040 Bayrampaşa/İstanbul",41.054930999999996,28.903716000000003,0535 075 52 55,,5,5,Hizmetler,0.88,0.766
ChIJe0zGbom6yhQRVvfisLV5GOc,NUR SERVİS MAKİNA TİC. LTD. ŞTİ.,beyaz esya servisi,sokme-takma dizisi,Bayrampasa,"Altıntepsi, Selvi Sk. No:42/B, 34034 Bayrampaşa/İstanbul",41.039159,28.904483999999997,0532 335 50 67,,2.8,5,Hizmetler,0.88,0.766
ChIJBZOlXoqxyhQRMDmYO6rEZis,Servis Usta Rehberi,beyaz esya servisi,sokme-takma dizisi,Bayrampasa,"Kocatepe, Cicozderesi Sk. No:32, 34045 Bayrampaşa/İstanbul",41.0538891,28.8974285,,https://servisustarehberi.com.tr/,,,Hizmetler,0.88,0.766
ChIJozykKH6wyhQRWe0MHG6rGIo,Yalçın Teknik,beyaz esya servisi,sokme-takma dizisi,Bayrampasa,"Kartaltepe, Cicoz Yolu Cd. 56-58 b, 34040 Bayrampaşa/İstanbul",41.054074,28.905871899999998,0537 207 37 04,,4.5,2,Hizmetler,0.88,0.766
ChIJp540oRmxyhQRFLabuttUeHg,ati teknik beyaz eşya kombi klima simfer yetkili servis,beyaz esya servisi,sokme-takma dizisi,Bayrampasa,"Kartaltepe, Yunus Sk. no8, 34145 Bayrampaşa/İstanbul",41.0599881,28.898931,0507 369 50 56,,3.3,8,Hizmetler,0.88,0.766
ChIJ9QxJrgKxyhQRon4rUGWPMhc,iklim teknik beyazesya servisi,beyaz esya servisi,sokme-takma dizisi,Bayrampasa,"Kartaltepe, 34150 Bayrampaşa/İstanbul",41.0542331,28.903035100000004,0537 495 59 76,,3,2,Hizmetler,0.88,0.766
ChIJY9MU4HTJyhQR0DL-dedfLIA,Atlas Teknik Servis Klima ve Beyaz Eşya Servisi,beyaz esya servisi,sokme-takma dizisi,Ikitelli OSB,"Armağanevler Mah. Akdeniz Cad, Armağanevler, İlk Hedef Sokağı No:17, 34760 Ümraniye/İstanbul",41.008322799999995,29.106874500000004,0554 909 02 78,,5,86,Hizmetler,0.88,0.766
ChIJ__akjOXIyhQRB-MDKxrPnwE,BEYAZ EŞYA YEDEK PARÇA YKM ISITMA SOĞUTMA,beyaz esya servisi,sokme-takma dizisi,Ikitelli OSB,"canparkın az gerisinde samsung yetkili servis arkası, Atakent, Güleryüz Sk. 54B, 34760 Ümraniye/İstanbul",41.0236952,29.108476699999997,(0216) 481 27 24,,4.5,122,Ev Eşyaları Mağazası,0.88,0.766
ChIJAxhQINfPyhQRB9nIaMmgvLY,Beyaz Eşya Kombi Teknik Servis,beyaz esya servisi,sokme-takma dizisi,Ikitelli OSB,"Mehmet Akif mahallesi Recep ayan Cad, Mehmet Akif, Ladin Sk. No. 6, 34000 Çekmeköy/İstanbul",41.0167234,29.190140599999996,0535 350 45 98,,4.8,45,Hizmetler,0.88,0.766
ChIJ37luIADJyhQRACv1uNkF2Hc,Beyaz Eşya Servisi Üsküdar,beyaz esya servisi,sokme-takma dizisi,Ikitelli OSB,"Bulgurlu, Günaydın Sk. No:21, 34696 Üsküdar/İstanbul",41.021175,29.0784232,(0216) 612 34 99,,,,Hizmetler,0.88,0.766
ChIJ2xHG7_CvyhQR9zkJfme0jJM,CanCK Beyaz Eşya Servis,beyaz esya servisi,sokme-takma dizisi,Ikitelli OSB,"İkitelli OSB, Gümüş Sk. No:31, 34903 Başakşehir/İstanbul",41.082567499999996,28.8071929,0536 543 37 68,,1,1,Hizmetler,0.88,0.766
ChIJJ2RRlSjJyhQRzR3vi9dvnGc,DUMAN BEYAZ EŞYA TEKNİK SERVİS,beyaz esya servisi,sokme-takma dizisi,Ikitelli OSB,"İstiklal, Şair Nedim Sk no:39/a, 34760 Ümraniye/İstanbul",41.022627,29.1015788,0534 201 59 07,,4.9,320,Hizmetler,0.88,0.766
ChIJB1mSR8bJyhQRszaC4lMCVQ4,Epa Klima Teknik Servis,beyaz esya servisi,sokme-takma dizisi,Ikitelli OSB,"Bulgurlu, Bağlar İçi Sk. No:3/D, 34696 Üsküdar/İstanbul",41.0140847,29.082503599999995,0530 124 34 53,,4.8,40,Hizmetler,0.88,0.766
ChIJF9cFO1ulyhQR3LQO9z5rcqQ,Eymen beyaz eşya teknik servis,beyaz esya servisi,sokme-takma dizisi,Ikitelli OSB,"İkitelli OSB, Kayaşehir meydanı, 34200 Başakşehir/İstanbul",41.0808713,28.8003672,0531 696 90 13,,3.8,11,Ev Eşyaları Mağazası,0.88,0.766
ChIJfSDy5KKlyhQRnAxb9Oso1xY,Genel Teknik Beyaz Eşya Kombi Servisi,beyaz esya servisi,sokme-takma dizisi,Ikitelli OSB,"Mehmet Akif, Kılıç Ali Sk. No:7, 34307, 34307 Küçükçekmece/İstanbul",41.05874790000001,28.803484,(0212) 472 26 25,,4.8,17,Hizmetler,0.88,0.766
ChIJL4zTkLmlyhQRc2t4DrKcU7Y,GÜVEN TEKNİK SERVİS BEYAZ EŞYA KOMBİ SERVİSİ,beyaz esya servisi,sokme-takma dizisi,Ikitelli OSB,"Atatürk Mahallesi Şube 1: ATATÜRK MAHALLESI 323 SOKAK 7/B İKİTELLİ.KÜÇÜKCEKMECE.İSTANBUL Şube 2: Atatürk mah 331 Sokak, Atatürk, 1. İkitelli Cad. No6/A, 34490 Küçükçekmece/İstanbul",41.055468999999995,28.794507,(0212) 693 09 87,,4.8,185,Hizmetler,0.88,0.766
ChIJI6qXZ8WvyhQRBi4723zHu2U,HCA BEYAZ EŞYA YEDEK PARÇA İTH. İHR. SAN. TİC. LTD. ŞTİ.,beyaz esya servisi,sokme-takma dizisi,Ikitelli OSB,"İkitelli osb. Mah. Saraçlar sanayi sitesi, İkitelli OSB, 3. Blok No:18, 34490 Başakşehir/İstanbul",41.0863072,28.786430199999998,0545 294 55 95,,,,Üretici,0.88,0.766
ChIJZxEqNoylyhQR-bbXPQGRZ5U,HRN beyaz eşya servisi,beyaz esya servisi,sokme-takma dizisi,Ikitelli OSB,"Mehmet akif mah asık veysel cad, Mehmet Akif, Şair Ahmet Sk. no17/A, 34000 Küçükçekmece/İstanbul",41.0575648,28.8049851,0507 062 00 54,,5,8,Hizmetler,0.88,0.766
ChIJqWQVLoXJyhQR0IhJJfd31Tw,MARMARA TEKNİK BEYAZ EŞYA SERVİSİ,beyaz esya servisi,sokme-takma dizisi,Ikitelli OSB,"İstiklal, Marmara Cd. 25 C, 34762 Ümraniye/İstanbul",41.0217478,29.0965121,0532 745 94 00,,4.9,61,Hizmetler,0.88,0.766
ChIJuzlhj2uvyhQRmdtHP60_aEc,Mavi Teknik,beyaz esya servisi,sokme-takma dizisi,Ikitelli OSB,"Ziya Gökalp Mah. İ.O.S.B İSTEKS Sanayi Sitesi, İkitelli OSB, C3 Blok No:3, 34490 Başakşehir/İstanbul",41.0980534,28.7951777,0850 840 3343,,3,2,Hizmetler,0.88,0.766
ChIJs2wBcQnHyhQR2tlJjmLDLhs,Nedim Beyaz Eşya Teknik Servisi,beyaz esya servisi,sokme-takma dizisi,Ikitelli OSB,"Örnek, Neyzen Salim Bey Sk. no:11 D:A, 34750 Ataşehir/İstanbul",40.9946556,29.076871900000004,0546 479 12 08,,4.8,17,Hizmetler,0.88,0.766
ChIJdVDBkjrJyhQR4nnvMsm_1Nk,RM TEKNİK KOMBİ BEYAZ ESYA SERVISI,beyaz esya servisi,sokme-takma dizisi,Ikitelli OSB,"Cumhuriyet, Esatpaşa Cd. No:38/A, 34699 Üsküdar/İstanbul",41.0113962,29.0830178,0530 585 74 66,,5,13,Hizmetler,0.88,0.766
ChIJuW7292mlyhQRVxOWAs0LrWs,Sarcan Beyaz Eşya Teknik Servis Yedek Parça,beyaz esya servisi,sokme-takma dizisi,Ikitelli OSB,"Ziya Gökalp, Seyit Onbaşı Cd. no81/A, 34000 Başakşehir/İstanbul",41.0744383,28.792104799999997,0552 399 07 76,,4.3,11,Hizmetler,0.88,0.766
ChIJUVFR7S_PyhQR8WoPeOxMRP8,Selim Teknik,beyaz esya servisi,sokme-takma dizisi,Ikitelli OSB,"Mehmet Akif Mah. Köknar Cad, Mehmet Akif, Coşkun Sk. 20/D, 34782 Çekmeköy/İstanbul",41.0170718,29.1895044,0554 112 76 66,,4.4,117,Hizmetler,0.88,0.766
ChIJwdyhVoilyhQRzwIYoVHZgnM,YILDIZ TEKNİK KLİMA TELEVİZYON KOMBİ SERVİSİ,beyaz esya servisi,sokme-takma dizisi,Ikitelli OSB,"Mehmet Akif, Kılıç Ali Sk. NO29, 34303 Küçükçekmece/İstanbul",41.058706099999995,28.8019812,0541 400 34 67,,5,20,Hizmetler,0.88,0.766
ChIJxf7w78zJyhQRR0AbGHcu83I,Yıldız Teknik Beyaz Eşya Kombi Servisi,beyaz esya servisi,sokme-takma dizisi,Ikitelli OSB,"Güzeltepe, Güzeltepe Cd., 34860 Üsküdar/İstanbul",41.047354899999995,29.0613098,(0216) 316 16 64,,4.5,21,Hizmetler,0.88,0.766
ChIJpw9nTtDHyhQRvucDfA1KZh0,Ömür Teknik Servis,beyaz esya servisi,sokme-takma dizisi,Ikitelli OSB,"Örnek, Gezgin Sokağı No:2, 34704 Ataşehir/İstanbul",40.9949459,29.0833634,0551 219 78 44,,5,17,Hizmetler,0.88,0.766
ChIJGTQL-WTHyhQR4KjdLSwtFNc,Özçelik Beyaz eşya servisi,beyaz esya servisi,sokme-takma dizisi,Ikitelli OSB,"Atatürk caddesi, Sahrayı Cedit, Çelik Sk. no:7 D:1b, 34734 Kadıköy/İstanbul",40.9844948,29.0862662,0535 291 56 92,,4.9,29,Hizmetler,0.88,0.766
ChIJaYlzUUnJyhQROfQKJec6jlU,Ümraniye Beyaz Eşya Servisi,beyaz esya servisi,sokme-takma dizisi,Ikitelli OSB,"İstiklal, Reşit Paşa Cd. Levent apt no:80 BODRUM KAT, 34762 Ümraniye/İstanbul",41.013959299999996,29.1032363,0546 515 39 41,,5,15,Hizmetler,0.88,0.766
ChIJy8cUdnDIyhQRwG4KZhP6mw8,Üsküdar İlke Kombi ve Beyaz Eşya Servisi,beyaz esya servisi,sokme-takma dizisi,Ikitelli OSB,"Bulgurlu Mh. Söğütlüçayır Cd Ayçiçek Sk, ayçiçek sok, Bulgurlu, Söğütlü Çayır Cd. No: 2 no:2, 34696 Üsküdar/İstanbul",41.0163918,29.082999899999997,0532 787 43 32,,4.7,31,Hizmetler,0.88,0.766
ChIJ09l9uFfPyhQR-FJkKFDsIYY,Camadan Beyaz Eşya Ve Kombi Teknik Servisi,beyaz esya servisi,sokme-takma dizisi,Modoko Umraniye,"Dudullu OSB, Acısu Cd. no:29, 34500 Ümraniye/İstanbul",41.0127735,29.149246599999994,(0216) 533 54 44,,5,5,Hizmetler,0.88,0.766
ChIJA8TjOjXJyhQRA40ZsTAwmQc,Can Spot ve Beyaz Eşya Servisi,beyaz esya servisi,sokme-takma dizisi,Modoko Umraniye,"Tepeüstü, Eski Kadıköy Yolu Cd. 34B, 34771 Ümraniye/İstanbul",41.0167959,29.131054499999998,0540 006 33 36,,5,6,Ev Eşyaları Mağazası,0.88,0.766
ChIJKaEtUbbPyhQRksksE229XM8,EB Teknik beyaz eşya tamiri,beyaz esya servisi,sokme-takma dizisi,Modoko Umraniye,"Yukarı Dudullu, Yeşilova Sk. 1b, 34000 Ümraniye/İstanbul",41.0152108,29.151701900000003,0546 293 64 09,,5,28,Hizmetler,0.88,0.766
ChIJOWrdDizJyhQRssXhIhCRQK4,EFE Teknik,beyaz esya servisi,sokme-takma dizisi,Modoko Umraniye,"Çamlık mahallesi, İkbal caddesi, Çamlık, Alişan Sk., 34774 Ümraniye/İstanbul",41.0098188,29.1285447,(0216) 606 28 63,,3.5,10,Hizmetler,0.88,0.766
ChIJ0dj9Dd3PyhQReobjjwFaFok,"Eroğlu Teknik 2. El Beyaz Eşya Alım Satım , Tamir ve Yedek Parça",beyaz esya servisi,sokme-takma dizisi,Modoko Umraniye,"Alemdağ caddesi, Aşağı Dudullu, Recep Sk. No:5, 34000 Ümraniye/İstanbul",41.0171667,29.16515,0537 864 38 18,,3.9,7,Ev Eşyaları Mağazası,0.88,0.766
ChIJOTIZazLJyhQRHtKYhK9Lmes,Hira Nur Teknik Klima ve Beyaz Eşya,beyaz esya servisi,sokme-takma dizisi,Modoko Umraniye,"Namık Kemal, Çuhadar Sk. no2, 34764 Ümraniye/İstanbul",41.0202975,29.0948066,0539 215 51 73,,5,1,Hizmetler,0.88,0.766
ChIJ-29GujXPyhQRBKLdFh_dop8,KOMBİ BEYAZ EŞYA SERVİSİ,beyaz esya servisi,sokme-takma dizisi,Modoko Umraniye,"Altınşehir, Kumru Cd n52/A, 34757 Ümraniye/İstanbul",41.0129315,29.141615099999996,0534 607 77 79,,5,28,Genel İnşaat İşleri Firması,0.88,0.766
ChIJ8YickifJyhQRY-mxEX7-SpM,Karakaya beyaz eşya servisi,beyaz esya servisi,sokme-takma dizisi,Modoko Umraniye,"Namık Kemal mahallesi cengiz topel caddesi, Namık Kemal, Sabah Sk. No:4 D:A, 34000 Ümraniye/İstanbul",41.0228021,29.0921797,0553 726 62 52,,5,1,Hizmetler,0.88,0.766
ChIJUymghDrPyhQRuwuxlLsbN94,Mekanik Servis Ümraniye,beyaz esya servisi,sokme-takma dizisi,Modoko Umraniye,"Aşağı dudullu mahallesi Alemdağ Cad, Yukarı Dudullu, Recep Sk. No: 4 D:C, 34773 Ümraniye/İstanbul",41.01582,29.163411,0537 581 69 51,,5,4,Hizmetler,0.88,0.766
ChIJvzWmSQDPyhQR61akDKpY2wY,Proteknik Klima Beyaz Eşya Servisi,beyaz esya servisi,sokme-takma dizisi,Modoko Umraniye,"19 Mayıs Cd, Necip Fazıl, Mümtaz Sk. 2a, 34000 Ümraniye/İstanbul",41.02005810000001,29.176232799999998,,https://proteknikbeyazesya.com/,5,6,Ev Eşyaları Mağazası,0.88,0.766
ChIJw9eX-RvPyhQRV7paIpfV_7M,Sezer Teknik | Kombi -Klima-Beyaz Eşya Süpürge tamir bakım servis yedek parça,beyaz esya servisi,sokme-takma dizisi,Modoko Umraniye,"Esenşehir, Sembol Sk. No:4, 34776 Ümraniye/İstanbul",41.0112392,29.168736699999997,0531 939 58 37,,4.7,59,Hizmetler,0.88,0.766
ChIJfUxLxc7PyhQRQfAiyraNujI,Teknik kombi beyaz esya tamir bakım servisi,beyaz esya servisi,sokme-takma dizisi,Modoko Umraniye,"Altınşehir, Beka Sk. n35/A, 34470 Ümraniye/İstanbul",41.010781,29.139518499999998,0533 612 46 97,,5,1,Hizmetler,0.88,0.766
ChIJq-1xLszIyhQRA9bK4ctkQh8,Ümraniye Beyaz Eşya Tamir Servisi (Albayrak Teknik Servis),beyaz esya servisi,sokme-takma dizisi,Modoko Umraniye,"Tepeüstü, Tavukçuyolu Cd No:111, 34771 Ümraniye/İstanbul",41.0139253,29.133649199999997,(0216) 314 08 92,,2.6,5,Hizmetler,0.88,0.766
ChIJkepaz_XJyhQRDI1xXheVG6g,Ümraniye ozduru teknik,beyaz esya servisi,sokme-takma dizisi,Modoko Umraniye,"Çakmak, Özduru Sk. No:44, 34760 Ümraniye/İstanbul",41.011414599999995,29.131204900000004,0532 653 73 97,,4.9,105,Hizmetler,0.88,0.766
ChIJ-YfnSPLIyhQRvWyIpqMugY8,İlke Teknik beyaz eşya tamirhanesi,beyaz esya servisi,sokme-takma dizisi,Modoko Umraniye,"İstiklal, Efe Sk. D:34762, 34762 Ümraniye/İstanbul",41.0217805,29.102729,(0216) 344 26 02,,5,1,Hizmetler,0.88,0.766
ChIJBR0ERTDPyhQRRsJQKr9Qcbc,Şaşmaz Teknik SERVİS,beyaz esya servisi,sokme-takma dizisi,Modoko Umraniye,"Yukarı Dudullu, Halay Sk. 3/A, 34755 Ümraniye/İstanbul",41.010853600000004,29.148502099999998,(0216) 540 37 03,,4.5,14,Hizmetler,0.88,0.766
ChIJU5lFHC-3yhQRaT9uyI8G8rQ,Osmanbey Tesisat,beyaz esya servisi,sokme-takma dizisi,Osmanbey Sisli,"Yayla, Erdem Sk. No:16/1, 34377 Şişli/İstanbul",41.050613299999995,28.977476700000004,0535 089 31 76,,5,1,Tesisatçı,0.88,0.766
ChIJXavhvhW3yhQRLlDT-qSgBx0,Sarıgül Teknik Servis,beyaz esya servisi,sokme-takma dizisi,Osmanbey Sisli,"Feriköy, Karabiber Sk. No:1, 34377 Şişli/İstanbul",41.053774499999996,28.9773227,0532 576 63 13,,4.8,6,Hizmetler,0.88,0.766
ChIJZ4mTKvq2yhQRAVZEHIiSSCE,Topuz Servis,beyaz esya servisi,sokme-takma dizisi,Osmanbey Sisli,"Mecidiyeköy Mahallesi, Hafız Ata Sk. No:12, 34387 Şişli/İstanbul",41.0713759,28.993539600000002,(0212) 216 53 02,,5,2,Hizmetler,0.88,0.766
ChIJ9y6XgbO3yhQRHdDxqKM2eNs,Çayıroğlu Teknik Servis – Şişli Beyaz Eşya Tamircisi,beyaz esya servisi,sokme-takma dizisi,Osmanbey Sisli,"Mecidiyeköy Mahallesi, Şht. Er Cihan Namlı Cd 86C, 34475 Şişli/İstanbul",41.0727585,28.9949306,0543 298 07 51,,5,51,Hizmetler,0.88,0.766
ChIJlaQMOUa3yhQRneVqYoYChBk,Özel Beyaz Eşya Tamir Servisi,beyaz esya servisi,sokme-takma dizisi,Osmanbey Sisli,"Mahmut Şevket Paşa, Mektep Sk. 19/A, 34384 Şişli/İstanbul",41.0503979,28.967427700000002,(0212) 250 44 54,,,,Hizmetler,0.88,0.766
ChIJoSAiXj3RyhQRaBib7_vjRsI,Şişli Arçelik Servisi,beyaz esya servisi,sokme-takma dizisi,Osmanbey Sisli,"Merkez, İskenderoğlu Sk., 34381 Şişli/İstanbul",41.0624592,28.985049500000002,0850 532 9838,,,,Ev Eşyaları Mağazası,0.88,0.766
ChIJz2L-zD-3yhQRNfLjsbeJ0O8,Şişli Kombi Klima Beyaz Eşya Teknik Servisi,beyaz esya servisi,sokme-takma dizisi,Osmanbey Sisli,"Paşa, Batı Cd. No:16, 34379 Şişli/İstanbul",41.0530261,28.9752314,0538 917 96 22,,4.8,158,Hizmetler,0.88,0.766
ChIJ9WXKXbe3yhQR0GAdHKzWbPI,"Akn Kombi Klima Servisi, Perpa Klima Servisi, Şişli Klima Servisi, Bebek Klima Servisi",beyaz esya servisi,sokme-takma dizisi,Perpa Okmeydani,"Perpa Ticaret Merkezi Kat: 13 A Blok Okmeydanı, Halil Rıfat Paşa, 34384 Şişli/İstanbul",41.0607663,28.969341199999995,0533 719 25 54,,4.7,6,Hizmetler,0.88,0.766
ChIJj7SFaiW3yhQRMYSNqMTD8IY,Akın Beyaz Eşya Servisi,beyaz esya servisi,sokme-takma dizisi,Perpa Okmeydani,"Talatpaşa, Aslangazi Cd. No:15C, 34400 Okmeydanı - Kağıthane/Kağıthane/İstanbul",41.0640789,28.9665777,0534 363 67 18,,4.7,70,Hizmetler,0.88,0.766
ChIJga_YJO62yhQRb3If6ZaJj14,Ar Soğutma,beyaz esya servisi,sokme-takma dizisi,Perpa Okmeydani,"Çağlayan, Halk Sk No:5, 34403 Kağıthane/İstanbul",41.0783977,28.987132,(0212) 269 57 34,,4.9,42,Hizmetler,0.88,0.766
ChIJF_pM5pW3yhQRmUsdCN50ywI,Beyaz eşya tamir ve teknik servis,beyaz esya servisi,sokme-takma dizisi,Perpa Okmeydani,"Kasımpaşa Ķüçük Piyale Mah, Kasımpaşa, Zincirlikuyu Çk. No:98/A, 34440 Beyoğlu/İstanbul",41.0444169,28.9641538,0541 625 53 58,,5,18,Hizmetler,0.88,0.766
ChIJxYD2SwC3yhQRjDbJrP2lvDo,Beyaz eşya ve elektrikli ev aletleri tamir,beyaz esya servisi,sokme-takma dizisi,Perpa Okmeydani,"çakıl, Gümüşsuyu, 34437 Beyoğlu/İstanbul",41.037350499999995,28.988521799999997,0501 504 27 04,,,,Hizmetler,0.88,0.766
ChIJuZKZ72-3yhQR78rYpXLt_9w,DOĞAN TEKNİK SERVİS,beyaz esya servisi,sokme-takma dizisi,Perpa Okmeydani,"Şirintepe, Kağıthane Barbaros Cd. No:195, 34415 Kağıthane/İstanbul",41.0922458,28.9893505,(0212) 254 95 97,,3.8,234,Elektronik eşya mağazası,0.88,0.766
ChIJyVaSrVXOyhQRB0d-mpC8Gw0,Kombi klima Beyaz Eşya Teknik servisi,beyaz esya servisi,sokme-takma dizisi,Perpa Okmeydani,"Madenler mahallesi, Çekmeköy, Madenler, Berrak Sk. No:12, 34776 Ümraniye/İstanbul",41.013463099999996,29.188184200000002,0535 976 21 75,,5,4,Genel İnşaat İşleri Firması,0.88,0.766
ChIJi3_XN2G2yhQRt0UpW8H-01Q,Levent Teknik Servis | Yılmaz Teknik | Beyaz Eşya Teknik Servis,beyaz esya servisi,sokme-takma dizisi,Perpa Okmeydani,"Çeliktepe Mahallesi, İsmet İnönü Cad, Levent, Şairane Sk. No:9/A . 4, 34413 Kağıthane/İstanbul",41.083261799999995,29.0046103,0535 637 76 81,,5,4,Hizmetler,0.88,0.766
ChIJQwBwpTy3yhQRSGb8K6DcmVo,Satus Group,beyaz esya servisi,sokme-takma dizisi,Perpa Okmeydani,"H. Rıfat Paşa Mahallesi Perpa Ticaret Merkez B Blok Kat:11 No:1747, Keçeci Piri, 34210 Okmeydanı - Şişli/Şişli/İstanbul",41.0384697,28.951881099999998,(0212) 221 81 83,,5,2,Elektronik eşya mağazası,0.88,0.766
ChIJr9Z8Ni63yhQRo4j82UB-YPk,TAŞ BEYAZ EŞYA TEKNİK SERVİS,beyaz esya servisi,sokme-takma dizisi,Perpa Okmeydani,"Seyrantepe, ÇİLEK SOKAK NO 17/A, 34000 Kağıthane/İstanbul",41.0961625,28.995320300000003,0538 700 58 36,,5,154,Hizmetler,0.88,0.766
ChIJQWpQhya6yhQRaA6yLe9oVpA,Ayaz Teknik Klima Kombi Beyaz Eşya Tamir Bakım Servisi,beyaz esya servisi,sokme-takma dizisi,Persembe Pazari Karakoy,"İskenderpaşa, Havlucu Sk. No:30/A, 34096 Fatih/İstanbul",41.0144607,28.9474563,0535 521 40 73,,4.4,25,Hizmetler,0.88,0.766
ChIJPXEDxbvTyhQRidWOTFxb0YQ,Beyaz Eşya Servis,beyaz esya servisi,sokme-takma dizisi,Persembe Pazari Karakoy,"Çatalmeşe, Sultansuyu Cd. No:115 D:1, 34794 Çekmeköy/İstanbul",41.055879,29.241816999999998,0555 960 37 57,,3.3,16,Hizmetler,0.88,0.766
ChIJvQqwye3RyhQRsnI8dTg-gps,Beyaz Eşya Servisi,beyaz esya servisi,sokme-takma dizisi,Persembe Pazari Karakoy,"Yunus Emre, Mahallesi, Yenidoğan, Veysel Karani Cd. no:70/ c, 34791 Sancaktepe/İstanbul",41.0192104,29.250826000000004,0537 692 27 47,,4.5,26,Hizmetler,0.88,0.766
ChIJyf-WAgC5yhQRZv9Cdo0chCQ,Beyaz eşya servisi,beyaz esya servisi,sokme-takma dizisi,Persembe Pazari Karakoy,"Alemdar, 34110 Fatih/İstanbul",41.0082376,28.9783589,0552 460 63 35,,,,Hizmetler,0.88,0.766
ChIJQfH36Bi5yhQR9rqSfosmhfM,Beyoğlu -Siemens Servisi,beyaz esya servisi,sokme-takma dizisi,Persembe Pazari Karakoy,"Merkez, Gönül Sk. 23c, 34000 Beyoğlu/İstanbul",41.0305002,28.974466500000002,0850 340 7032,,,,Ev Eşyaları Mağazası,0.88,0.766
ChIJa7Flmiy5yhQRPucj1YQ00pE,Beyoğlu Regal Servis,beyaz esya servisi,sokme-takma dizisi,Persembe Pazari Karakoy,"Arap Cami, Hoca Hanım Sk. No:11c, 34000 Beyoğlu/İstanbul",41.024645799999995,28.9707221,0850 340 7042,,,,Ev Eşyaları Mağazası,0.88,0.766
ChIJx3PE5Sy3yhQR2A6VtCzNecU,Beyoğlu kombi&klima ve beyaz eşya servisi,beyaz esya servisi,sokme-takma dizisi,Persembe Pazari Karakoy,"Piyalepaşa, Üst Baruthane Cd. 46a, 34440 Beyoğlu/İstanbul",41.0449929,28.9606696,0553 715 05 53,,5,2,Genel İnşaat İşleri Firması,0.88,0.766
ChIJ-3oZdu7GyhQRgUVDDO8G5m4,Elektrikli ev aletleri ve Beyaz Eşya Tamir Servis,beyaz esya servisi,sokme-takma dizisi,Persembe Pazari Karakoy,"Küçükyalı merkez mh, Cami Sk. No:10 D:F, 34840 Maltepe/İstanbul",40.9474199,29.1099537,0532 274 07 25,,3.3,10,Hizmetler,0.88,0.766
ChIJi-dwoDO3yhQR2rs6DrsiCrw,Erdem küçük elektrikli ev aletleri tamiri süpürge tamir,beyaz esya servisi,sokme-takma dizisi,Persembe Pazari Karakoy,"Hacıahmet, Teşrifatçı Sk. No:9, 34360 Beyoğlu/İstanbul",41.0408963,28.976617999999995,0538 443 88 64,,5,209,Hizmetler,0.88,0.766
ChIJP3WvKte7yhQRUu-USHv2KmY,Fatih Merkez Klima Kombi Beyaz Eşya Tamir ve Bakim Servisi,beyaz esya servisi,sokme-takma dizisi,Persembe Pazari Karakoy,"Ali Kuşçu, 34083 Fatih/İstanbul",41.022955499999995,28.944844399999997,0551 435 61 23,,4.8,145,Hizmetler,0.88,0.766
ChIJ470E7ee7yhQRC_d7PHX3WkM,Kombi Beyaz Eşya Servisi,beyaz esya servisi,sokme-takma dizisi,Persembe Pazari Karakoy,"Cerrahpaşa, Tütüncüzade Sk. No:1, 34098 Fatih/İstanbul",41.004906999999996,28.934317000000004,0532 467 83 27,,4.9,108,Hizmetler,0.88,0.766
ChIJxy3tHzzRyhQRFlDkWtXzPv8,Kurtköy Beyaz Eşya Teknik Servis,beyaz esya servisi,sokme-takma dizisi,Persembe Pazari Karakoy,"Abdurrahmangazi, Ferah Cd. No: 60/B, 34920 Sultanbeyli/İstanbul",40.963306700000004,29.2600554,0534 822 57 96,,4.9,104,Hizmetler,0.88,0.766
ChIJiaS4YlC3yhQRPkBUtyCq070,Prof Klima Ve Beyaz Eşya Teknik Servisi,beyaz esya servisi,sokme-takma dizisi,Persembe Pazari Karakoy,"Kaptanpaşa, Sinan Paşa Yumak Sk. No:15 D:B, 34440 Beyoğlu/İstanbul",41.042486499999995,28.963716700000003,0542 352 82 12,,3.7,12,Hizmetler,0.88,0.766
ChIJpzf7nxXRyhQRe0pHZJSjnNQ,Samandıra Beyaz eşya Tamir servisi,beyaz esya servisi,sokme-takma dizisi,Persembe Pazari Karakoy,"Osmangazi, Hilal Cd. No:71, 34887 Sancaktepe/İstanbul",40.9895772,29.2449382,0540 601 51 51,,5,4,Hizmetler,0.88,0.766
ChIJjcPkuaixyhQRnQp2Tn-3ALY,Tekno Teknik Beyaz Eşya Servisi,beyaz esya servisi,sokme-takma dizisi,Persembe Pazari Karakoy,"Merkez, Eyüpyolu Caddesi no:32 D:34A, 34245 Gaziosmanpaşa/İstanbul",41.0561587,28.9155809,0543 857 43 53,,5,44,Hizmetler,0.88,0.766
ChIJwedeD_S3yhQRBoCSbg81_kE,Şahin Beyaz Eşya Servis,beyaz esya servisi,sokme-takma dizisi,Persembe Pazari Karakoy,"Piyalepaşa, Erdem Sk. No:4 D:a, 34421 Beyoğlu/İstanbul",41.051602599999995,28.959710100000002,0535 914 21 12,,5,109,Hizmetler,0.88,0.766
ChIJc1maTQy7yhQRnjqAeRW6XMA,Adler pfaff servisi,beyaz esya servisi,sokme-takma dizisi,Zeytinburnu,"Çırpıcı, Modabağ Sk. No:44, 34025 Zeytinburnu/İstanbul",41.0020193,28.8997042,(0212) 547 61 86,,5,1,Hizmetler,0.88,0.766
ChIJURtMCgC7yhQR3RZdM0XwRLI,BALCIOĞLU TEKNİK SERVİS,beyaz esya servisi,sokme-takma dizisi,Zeytinburnu,"Sümer, 24. Sk. No:27, 34025 Zeytinburnu/İstanbul",40.991101,28.896596599999995,0545 337 32 60,,5,47,Hizmetler,0.88,0.766
ChIJ1XBEWkC7yhQRMLvAGpKskhA,Bayram & Şeker Teknik Servis,beyaz esya servisi,sokme-takma dizisi,Zeytinburnu,"Çırpıcı, Modabağ 1 Sk. No:61A, 34025 Zeytinburnu/İstanbul",41.001895499999996,28.899564199999997,0536 448 11 93,,5,25,Hizmetler,0.88,0.766
ChIJgbdWR6a7yhQR2AgrmA7u2To,Beyaz Eşya Servis Akın Teknik,beyaz esya servisi,sokme-takma dizisi,Zeytinburnu,"Kocamustafapaşa Mah. Orgeneral, Koca Mustafapaşa, Org. Abdurrahman Nafiz Gürman Cd. No:40 D:B, 34098 Fatih/İstanbul",41.0022899,28.936357400000002,0538 529 39 39,,4.7,14,Hizmetler,0.88,0.766
ChIJ2amPsO-lyhQRWITgURNKzrs,Beyaz Eşya Teknik Servisi,beyaz esya servisi,sokme-takma dizisi,Zeytinburnu,"Siyavuşpaşa, Çamlık Cd. No:41, 34182 Bahçelievler/İstanbul",41.002631099999995,28.857177099999998,0531 700 72 65,,5,1,Hizmetler,0.88,0.766
ChIJFUldiWm7yhQRACJdILdqe2Q,Kombi Beyaz Eşya Yedek Parça - Zeytinburnu Beyaz Eşya & Kombi Servisi,beyaz esya servisi,sokme-takma dizisi,Zeytinburnu,"Nuripaşa, 14. Sk. no:74A, 34025 Zeytinburnu/İstanbul",40.985757899999996,28.899850299999994,0532 338 10 18,,5,12,Mağaza,0.88,0.766
ChIJ84gNcau7yhQREha0stVOYWQ,"Real Plus Servis İklimlendirme Beyaz Eşya Ve Elk San. Şti,",beyaz esya servisi,sokme-takma dizisi,Zeytinburnu,"Merkezefendi, G/44. Sk. No:21 a, 34015 Zeytinburnu/İstanbul",41.0109034,28.911153099999996,(0212) 546 73 25,,5,1,Hizmetler,0.88,0.766
ChIJ1-w-Q3q7yhQRSfuN40WStog,SARIYAR SOĞUTMA KLİMA BEYAZEŞYA SERVİS HİZMETLERİ,beyaz esya servisi,sokme-takma dizisi,Zeytinburnu,"Nuripaşa Mah.Merv cad, Nuripaşa, 67. Sk. No:4/A, 34025 Zeytinburnu/İstanbul",40.988425199999995,28.903545,(0212) 665 65 40,,5,6,Hizmetler,0.88,0.766
ChIJO1hqVzW7yhQRP7DxsREzySo,Siemens Yetkili Servis Bayi,beyaz esya servisi,sokme-takma dizisi,Zeytinburnu,"Yeşiltepe, 57/4. Sk. No:24, 34025 Zeytinburnu/İstanbul",40.992370699999995,28.899734499999997,0850 242 2489,,4.2,6,Hizmetler,0.88,0.766
ChIJP-sfP3a7yhQRztTflD9p08M,ZEYTİNBURNU PROFİLO BAYİ,beyaz esya servisi,sokme-takma dizisi,Zeytinburnu,"Yenidoğan, Şht. Komiser Günaydın Sok. 138/a, 34020 Zeytinburnu/İstanbul",40.9898817,28.904920599999997,0532 352 39 47,,5,14,Ev Eşyaları Mağazası,0.88,0.766
ChIJFS7oAoi7yhQRQz8NMtvt6MM,Zeytinburnu Arcelik Beko Yetkili Servis,beyaz esya servisi,sokme-takma dizisi,Zeytinburnu,"Nuripaşa, 13. Sk. no:13 D:17A, 34025 Zeytinburnu/İstanbul",40.985293000000006,28.901408999999994,(0212) 546 10 10,,3.8,10,Hizmetler,0.88,0.766
ChIJ5cpG5VSnyhQR9NKx5SZyToU,Zeytinburnu Bosch Servis,beyaz esya servisi,sokme-takma dizisi,Zeytinburnu,"Sümer, Zübeyde Hanım Cd., 34025 Zeytinburnu/İstanbul",40.9828079,28.895305099999998,0850 335 0430,,,,Ev Eşyaları Mağazası,0.88,0.766
ChIJJaTzl3W7yhQRMLiCT3lmR_U,Zeytinburnu Makine Klima Servis,beyaz esya servisi,sokme-takma dizisi,Zeytinburnu,"Nuripaşa, 62/1. Sk. No:5, 34025 Zeytinburnu/İstanbul",40.98620100000001,28.900363499999997,0850 340 7882,,,,Dernek veya Kuruluş,0.88,0.766
ChIJESLmUGa6yhQRpg9hZjNiExo,Adnan Lastik,ayakkabi imalathanesi,deforme malzeme + yapistirma,Bayrampasa,"Şener han - Dükkan:114, Orta, Dumlupınar Cd., 34040 Bayrampaşa/İstanbul",41.0330866,28.9152012,0538 890 09 87,,,,Üretici,0.85,0.745
ChIJAUbp6D27yhQRHieJQgrWsGE,Aker Ayakkabı İmalat Atolyesi,ayakkabi imalathanesi,deforme malzeme + yapistirma,Bayrampasa,"tepe sanayii mahallesi, Sancak, Sancak Sk. No:29 kat 2, 34000 Güngören/İstanbul",41.020103,28.8862816,0530 922 65 45,,4.9,31,Ayakkabı mağazası,0.85,0.745
ChIJJ-I195G6yhQR1R9VwM9NupU,Aksoy Kuyumculuk,kuyumcu atolyesi,ince motor manipulasyon,Bayrampasa,"Altıntepsi, 15 Temmuz Demokrasi Çarşişi D:69, 34035 Bayrampaşa/İstanbul",41.0409706,28.893807700000004,(0212) 658 33 74,,3.5,11,Kuyumcu,0.85,0.745
ChIJ707PkJm7yhQR-xrlf9MGx0A,Bayrampaşa Kuyumcu Tamircisi,kuyumcu atolyesi,ince motor manipulasyon,Bayrampasa,"Yenidoğan, Demirkapı Cd. Öz Altın İş Merkezi No:08 Dükkan No :Z4, 34035 Bayrampaşa/İstanbul",41.035784299999996,28.910641599999998,(0212) 567 92 16,,5,1,Kuyumcu,0.85,0.745
ChIJM9UtfgCxyhQRGPUbHp8qZt4,Beka Taban,ayakkabi imalathanesi,deforme malzeme + yapistirma,Bayrampasa,"Muratpaşa, Uluyol Cd. İşkent San. Sit, 34040 Bayrampaşa/İstanbul",41.050257900000005,28.9100242,(0212) 564 78 65,,,,Üretici,0.85,0.745
ChIJmTA89-2xyhQRfF_z1KmnbRE,Bone Face Ayk,ayakkabi imalathanesi,deforme malzeme + yapistirma,Bayrampasa,"Kartaltepe, Kaya Sk. NO:9, 34040 Bayrampaşa/İstanbul",41.059359099999995,28.899222700000003,0542 824 17 77,,5,2,Üretici,0.85,0.745
ChIJBRzj4YCwyhQR7yTE2S1dsHE,DOĞUŞ Ayakkabı Makinaları San. Tic. Ltd.,ayakkabi imalathanesi,deforme malzeme + yapistirma,Bayrampasa,"Eski Edirne Asfaltı Baltaş Kilimci Sanayi Sitesi, Muratpaşa, No:126-127, 34040 Bayrampaşa/İstanbul",41.0536831,28.909181699999998,(0212) 545 61 42,,5,3,,0.85,0.745
ChIJN1hHw4y7yhQRbF1jI1bFEu0,ELİTOK AYAKKABI,ayakkabi imalathanesi,deforme malzeme + yapistirma,Bayrampasa,"Sanayi, Saadet Sk. No:34 D:3, 34160 Güngören/İstanbul",41.0202216,28.8866607,0532 762 63 95,,5,5,Üretici,0.85,0.745
ChIJm879fW-wyhQRzwhVrUXuXyA,EMRE AYAKKABI,ayakkabi imalathanesi,deforme malzeme + yapistirma,Bayrampasa,"Yıldırım, Ali Fuat Başgil Cd. No:51, 34045 Bayrampaşa/İstanbul",41.0658385,28.894254899999996,(0212) 477 22 82,,4.7,29,Ayakkabı mağazası,0.85,0.745
ChIJF4AYDnu6yhQRw1n0m0iDjOA,Form Taban,ayakkabi imalathanesi,deforme malzeme + yapistirma,Bayrampasa,"Yenidoğan, Cicoz Yolu/polat Sok. 5/A, 34040 Bayrampaşa/İstanbul - Avrupa",41.043281799999995,28.914000400000003,(0212) 501 41 42,,4.3,9,Ayakkabı mağazası,0.85,0.745
ChIJv7ayB4O6yhQR3O7pm2-qSvk,Kervan Kuyumculuk,kuyumcu atolyesi,ince motor manipulasyon,Bayrampasa,"Yıldırım, Kocatepe Cd. No:37, 34045 Bayrampaşa/İstanbul",41.0516,28.897702399999996,(0212) 640 12 67,,4.5,15,Kuyumcu,0.85,0.745
ChIJjUd7K9K7yhQR8HaeiW-_xBs,MASTER AYAKKABI TABAN KALIBI SHOES MOULD,ayakkabi imalathanesi,deforme malzeme + yapistirma,Bayrampasa,"MALTEPE MAHALLESİ HASTANE YOLU SOKAK BALTAŞ 1 SANAYİ SİTESİ KAT 2 NO, Maltepe, D:196, 34034 Bayrampaşa/İstanbul",41.0298271,28.908448399999994,0507 070 14 58,,5,1,Ayakkabı mağazası,0.85,0.745
ChIJSz1qO52xyhQRRBexdFOp_RY,MSK AYAKKABI,ayakkabi imalathanesi,deforme malzeme + yapistirma,Bayrampasa,"Merkez, Onur Sk. No:9, 34245 Gaziosmanpaşa/İstanbul",41.052898,28.912488999999997,0549 612 34 47,,3.3,3,Üretici,0.85,0.745
ChIJE7IH6-O7yhQR86r2UbO98QQ,SARILAR AYAKKABI TABAN VE KALIP SAN. TİC. LTD. ŞTİ.,ayakkabi imalathanesi,deforme malzeme + yapistirma,Bayrampasa,"TOPÇULAR MAH.RAMİ KIŞLA CAD NO 19 EMİNTAŞ 3 SANAYİ SİTESİ, Topçular, 34055 Eyüpsultan/İstanbul",41.0390774,28.92171,(0212) 567 30 50,,4.2,5,Ayakkabı mağazası,0.85,0.745
ChIJ8St3YPa6yhQR2hBB_86J46Y,Sert Taban,ayakkabi imalathanesi,deforme malzeme + yapistirma,Bayrampasa,"Maltepe Mahallesi, Topkapı, Çiftehavuzlar Sk. No. 4, 34010 Zeytinburnu/İstanbul",41.027542,28.9056617,(0212) 493 18 35,,4.8,9,Üretici,0.85,0.745
ChIJJQqo0ce6yhQRjVseKWnhQLM,SİYAH iNCi,ayakkabi imalathanesi,deforme malzeme + yapistirma,Bayrampasa,"Fatih, Çinçindere Cd. no:134/B, 34230 Esenler/İstanbul",41.040134599999995,28.871881899999998,0555 179 21 95,,4.9,11,Ayakkabı mağazası,0.85,0.745
ChIJ1aRef2-wyhQRd-OcyHpB3vc,Veysel Kuyumculuk,kuyumcu atolyesi,ince motor manipulasyon,Bayrampasa,"Yıldırım, Ali Fuat Başgil Cd. 45/C, 34045 Bayrampaşa/İstanbul",41.0659741,28.8944467,(0212) 649 59 23,,4.8,10,Kuyumcu,0.85,0.745
ChIJG7xVx0C7yhQR8cBJ7ZiDdpM,YNS (Yunus) Kuyumculuk,kuyumcu atolyesi,ince motor manipulasyon,Bayrampasa,"Yenidoğan, Demirkapı Cd. No:8a, 34040 Bayrampaşa/İstanbul",41.0357135,28.910522099999998,0553 163 99 92,,4.9,110,Kuyumcu,0.85,0.745
ChIJR97OsXi7yhQRaFlG7f2CJM4,Zümrüt Ayakkabı Kalıp Model,ayakkabi imalathanesi,deforme malzeme + yapistirma,Bayrampasa,"Maltepe, Davutpaşa Çiftehavuzlar Cd No: 7 İç Kapı No: 3, 34010 Zeytinburnu/İstanbul",41.0292258,28.903847100000004,0537 316 39 48,,5,3,Üretici,0.85,0.745
ChIJefxagm-wyhQREB5p0-moaPM,Çarıkhane,ayakkabi imalathanesi,deforme malzeme + yapistirma,Bayrampasa,"Yıldırım, Ali Fuat Başgil Cd. 46/B, 34065 Bayrampaşa/İstanbul",41.065998199999996,28.894121000000002,(0212) 537 60 50,,4.4,16,Ayakkabı mağazası,0.85,0.745
ChIJ-wG8zn2wyhQRRAE249-EqW4,Özkanlar Ayakkabı,ayakkabi imalathanesi,deforme malzeme + yapistirma,Bayrampasa,"Kartaltepe, Bilgehan Cd. No:8, 34040 Bayrampaşa/İstanbul",41.0573166,28.9037995,(0212) 616 54 75,,4.8,8,Ayakkabı mağazası,0.85,0.745
ChIJP9U7SGK6yhQRrdNJrmiEyJ8,Üsküp Kuyumcusu,kuyumcu atolyesi,ince motor manipulasyon,Bayrampasa,"Yenidoğan, Demirkapı Cd. No:50 D:E, 34030 Bayrampaşa/İstanbul",41.0379218,28.908540100000003,(0212) 565 13 99,,5,2,Kuyumcu,0.85,0.745
ChIJsUGNHIm6yhQRt9nH8Ot7ybg,İnanç Çivi Ve Ayakkabı Malzemeleri,ayakkabi imalathanesi,deforme malzeme + yapistirma,Bayrampasa,"Muratpaşa Mah. Ata Cad, Muratpaşa, Kartopu Sk. No:6/A, 34040 Bayrampaşa/İstanbul",41.0483281,28.9097568,(0212) 564 30 37,,5,1,Ayakkabı mağazası,0.85,0.745
ChIJv6G0RgnHyhQRhFzds4nYnHI,Atik Kuyumcu Atölyesi,kuyumcu atolyesi,ince motor manipulasyon,Ikitelli OSB,"7/B Meltem Apt, Şaşkınbakkal Suadiye Mahallesi Kadıköy İstanbul Turkey 34740, Suadiye, Berna Sk., 34740 Kadıköy/İstanbul",40.9637112,29.0762437,(0216) 360 52 85,,5,1,Kuyumcu,0.85,0.745
ChIJ3cxgPI6lyhQR1k293fNaS9g,Atılım Ayakkabı,ayakkabi imalathanesi,deforme malzeme + yapistirma,Ikitelli OSB,"İkitelli OSB, Aymakoop Sanayi Sitesi YTM Kat: 2 No: 57, 34490 Başakşehir/İstanbul",41.0803882,28.7909722,(0212) 671 18 51,,4.6,17,Üretici,0.85,0.745
ChIJde1NWHqlyhQRKGMK6bTgAPI,Aydersan Deri Ve Tekstil Medikal,ayakkabi imalathanesi,deforme malzeme + yapistirma,Ikitelli OSB,"Ziya Gökalp Mahallesi, Aykosan Sanayi Sitesi altılı a blok giriş kat no:50, İkitelli OSB, 34490 Başakşehir/İstanbul",41.072363599999996,28.7989597,(0212) 549 56 26,,4.9,36,Sağlık,0.85,0.745
ChIJf7TZPgDJyhQRUWo_jr4Of1M,BARIŞ KUYUMCULUK,kuyumcu atolyesi,ince motor manipulasyon,Ikitelli OSB,"Namık Kemal, Sütçü İmam Cd. No:36/A, 34762 Ümraniye/İstanbul",41.0238835,29.087092399999996,(0216) 412 21 12,,5,66,Kuyumcu,0.85,0.745
ChIJwfefevOlyhQR0BLVEMeNsnE,Birsoy Ayakkabı Makineleri Ve Yan Sanayi Tic. A.Ş.,ayakkabi imalathanesi,deforme malzeme + yapistirma,Ikitelli OSB,"Başakşehir, I.O.S.B Aymakoop Sanayi Sitesi A-3 Blok No:14-15, 34490 Başakşehir/İstanbul",41.078391499999995,28.787478800000002,(0212) 549 99 16,,5,2,Üretici,0.85,0.745
ChIJDQf7CGXIyhQRoeyJwleRNVo,Cumhuriyet Kuyumcusu,kuyumcu atolyesi,ince motor manipulasyon,Ikitelli OSB,"7, Bulgurlu, Bağlar İçi Sk., 34696 Üsküdar/İstanbul",41.01412,29.082932999999997,(0216) 412 63 35,,4.6,109,Kuyumcu,0.85,0.745
ChIJR__ckVjIyhQRAzyjBoPQAww,Doğu Kuyumculuk,kuyumcu atolyesi,ince motor manipulasyon,Ikitelli OSB,"Atatürk, Alemdağ Cd 73 B, 34764 Ümraniye/İstanbul",41.025441699999995,29.092618299999998,0507 333 74 03,,4,72,Kuyumcu,0.85,0.745
ChIJZ0tfJIvJyhQR396r8fr9p8U,Efendi Gold,kuyumcu atolyesi,ince motor manipulasyon,Ikitelli OSB,"Atatürk, Sütçü İmam Cd. No:83C, 34764 Ümraniye/İstanbul",41.0238928,29.0923484,0531 252 40 12,,5,16,Kuyumcu,0.85,0.745
ChIJl19GIofIyhQR-liMayxvZ5g,Emek Kuyumculuk,kuyumcu atolyesi,ince motor manipulasyon,Ikitelli OSB,"Aşıkveysel, 3001. Cd. No:82/A, 34707 Ataşehir/İstanbul",41.0047782,29.094285199999995,(0216) 317 91 77,,4.5,230,Kuyumcu,0.85,0.745
ChIJo6-WZ1qlyhQRBe8aCH3JySE,JESTELLE SHOES - Jestelle Ayakkabı İmalatı,ayakkabi imalathanesi,deforme malzeme + yapistirma,Ikitelli OSB,"İSTANBUL / İKİTELLİ, İkitelli OSB, Aykosan Sanayi Sitesi 6'LI B BLOK NO:133, 34306 İkitelli/İstanbul",41.071897400000005,28.7989325,0541 862 05 38,,4.5,2,Ayakkabı mağazası,0.85,0.745
ChIJwSthYd25yhQRv92I97yLGJY,Kadıköy kuyumcu,kuyumcu atolyesi,ince motor manipulasyon,Ikitelli OSB,"Rasimpaşa, Söğütlüçeşme Cad. no: 127/2, 34295 Kadıköy/İstanbul",40.991996,29.033044999999998,0534 640 20 93,,5,2,Kuyumcu,0.85,0.745
ChIJGWU6S46lyhQRMQTFdfUns7M,Kalyon Ayakkabı Malzemeleri,ayakkabi imalathanesi,deforme malzeme + yapistirma,Ikitelli OSB,"İkitelli OSB, Aykosan Sanayi Sitesi D:6'li A Blok No:83, 34306 Başakşehir/İstanbul",41.0726976,28.798449299999994,(0212) 549 70 72,,5,6,Üretici,0.85,0.745
ChIJuTxjDPyiyhQROtif81y-WtQ,Kuyumcu Dekorasyon,kuyumcu atolyesi,ince motor manipulasyon,Ikitelli OSB,"Atatürk Bulv. Giyim Sanatkarları Kooperatifi, Deposite Ofis A1 Blok No:318, İkitelli Osb, Başakşehir, 34490 Başakşehir/İstanbul",41.0683413,28.8093625,(0212) 573 99 49,,3,2,,0.85,0.745
ChIJmRWY_z6vyhQRcMXSa9xdNQQ,Kılıçlar Ramat&Kuyumculuk,kuyumcu atolyesi,ince motor manipulasyon,Ikitelli OSB,"3.BlokNO:9 İ.O.S.B, İkitelli OSB, Çevre Sanayi Sitesi, 34490 Başakşehir/İstanbul",41.0948651,28.795246600000002,0530 350 50 52,,5,3,Kuyumcu,0.85,0.745
ChIJKZIl83-vyhQRzqeG9K-Pv5k,Letoon Mağazacılık Tic. Ltd. Şti.,ayakkabi imalathanesi,deforme malzeme + yapistirma,Ikitelli OSB,"İkitelli O.S.B. Aymakoop Ticaret Merkezi Kat:1 No: 1, İkitelli OSB, 34490 Başakşehir/İstanbul",41.079442799999995,28.790148499999997,(0212) 549 01 16,,3,19,Üretici,0.85,0.745
ChIJMfbKZhqlyhQRihji0kltC30,Musa Ayakkabı Malzemeleri İmalat Ve Toptan Ticaret,ayakkabi imalathanesi,deforme malzeme + yapistirma,Ikitelli OSB,"İkitelli OSB, Aykosan Sanayi Sitesi No:90 D:6 lı E Blok, 34364 İkitelli Organize Sanayi Sitesi/Başakşehir/İstanbul",41.0720075,28.7991785,(0212) 549 59 04,,5,1,Ayakkabı mağazası,0.85,0.745
ChIJVX2l3D-lyhQR5dmwGSqrJIU,MİNA Ortopedik Ayakkabı İmalat San. ve Dış Tic. Ltd. Şti.,ayakkabi imalathanesi,deforme malzeme + yapistirma,Ikitelli OSB,"Başakşehir, İkitelli OSB Aymakoop Sanayi Sitesi C4 Blok Kat:4 No:185, 34490 Başakşehir/İstanbul",41.0809985,28.790115500000002,(0212) 383 63 38,,,,Üretici,0.85,0.745
ChIJXUrY_MSlyhQRD-vrJnehYc0,OGS AYAKKABI ÇANTA SAN. TİC. LTD. ŞTİ - James Franco - deribu,ayakkabi imalathanesi,deforme malzeme + yapistirma,Ikitelli OSB,"Mehmet Akif, Bahariye Cd. NO:125, 34307 Küçükçekmece/İstanbul",41.0607518,28.807505799999998,(0212) 458 75 26,,4.8,4,Ayakkabı mağazası,0.85,0.745
ChIJ17iP9PvHyhQRp6BvB8HGnT8,Takı Atölyesi,kuyumcu atolyesi,ince motor manipulasyon,Ikitelli OSB,"Kazasker Sokak, Erenköy, Kaptan Arif Sok. No:61 D:9, 34738 Kadıköy/İstanbul",40.970098199999995,29.0836273,0530 597 03 90,,5,4,Kuyumcu,0.85,0.745
ChIJxZDPUR7PyhQRpZMyd8Ug6zw,Yağız Gümüş Altın Kuyumcu Atölyesi,kuyumcu atolyesi,ince motor manipulasyon,Ikitelli OSB,"Çamlık, Şahinbey Cd. No:4 D:H, 34782 Çekmeköy/İstanbul",41.0167291,29.191160399999994,(0216) 641 99 22,,3.2,17,Üretici,0.85,0.745
ChIJfxpU4JTHyhQRQUKMYKbKxFE,Yıldırım Kuyumculuk,kuyumcu atolyesi,ince motor manipulasyon,Ikitelli OSB,"Dumlupınar, Mandıra Cd. No:182 D:1a, 34720 Kadıköy/İstanbul",40.9905632,29.059867199999996,(0216) 565 38 30,,4.8,98,Kuyumcu,0.85,0.745
ChIJfzh0YY6lyhQRf0DyTmJfDPg,Çalışkan Ayakkabı Sanayi ve Ticaret Limited Şirketi,ayakkabi imalathanesi,deforme malzeme + yapistirma,Ikitelli OSB,"İkitelli OSB, Aykosan Sanayi Sitesi, 11. Ada 10-11/2, 34490 Başakşehir/İstanbul",41.0739702,28.796750799999998,(0212) 671 91 82,,4.7,7,Üretici,0.85,0.745
ChIJge0XTrilyhQRAJzjDVMoXf0,ÖZDALLAR AYAKKABI VE YAN SANAYİ ÜRÜNLERİ SAN. VE TİC. LTD. ŞTİ. (,ayakkabi imalathanesi,deforme malzeme + yapistirma,Ikitelli OSB,"Aykosan Sanayi, 1. İkitelli Cad. No:204, 34307 Küçükçekmece/İstanbul",41.0559205,28.792629100000003,(0212) 671 24 45,,3,6,Üretici,0.85,0.745
ChIJWVDw7e6lyhQR5k-j5jvRgI4,Öner Ayakkabı Fabrikası,ayakkabi imalathanesi,deforme malzeme + yapistirma,Ikitelli OSB,"İkitelli osb mah.aykosan, 2kısım, İkitelli OSB, sokak no 1/1 D:3d blok, 34480 Başakşehir/İstanbul",41.0729221,28.796893500000003,0531 355 88 51,,5,1,Üretici,0.85,0.745
ChIJ-Z8S5LmlyhQRdPfOln-5A8w,Öyküm Gümüş,kuyumcu atolyesi,ince motor manipulasyon,Ikitelli OSB,"Atatürk, Durak Sokak & İkitelli Cad 6/B, 34307 İkitelli/Küçükçekmece/İstanbul",41.0541948,28.7946029,0542 713 24 96,,4,6,Kuyumcu,0.85,0.745
ChIJZ4Rd9y-vyhQRtY9pPsWpuKQ,Özerli ayakkabı ve Suni dericilik laminasyon,ayakkabi imalathanesi,deforme malzeme + yapistirma,Ikitelli OSB,"İkitelli OSB, İSTEKS Sanayi Sitesi, 34000 İkitelli organize sanayi Bölgesi/Başakşehir/İstanbul",41.0961414,28.7959751,,https://faq.whatsapp.com/712818078160617/?helpref=uf_share,4.9,17,Toptancı,0.85,0.745
ChIJnwM7knC4yhQRNaZB9BOZcuQ,Ümit Gümüş Mücevherat,kuyumcu atolyesi,ince motor manipulasyon,Ikitelli OSB,"Osmanağa, Söğütlüçeşme Cad. küçükçarşı iş merkezi no 9/28, 34744 Kadıköy/İstanbul",40.9913489,29.0254991,0533 475 67 04,,5,165,Kuyumcu,0.85,0.745
ChIJ6Z6DlIm3yhQRHtj-jdU1Ug4,Alucra Şafak,kuyumcu atolyesi,ince motor manipulasyon,Merter,"Aziz Mahmut Hüdayi, Hakimiyeti Milliye Cd., 34672 Üsküdar/İstanbul",41.022456,29.015787000000003,,http://www.firmasec.com/firma/mcykrc-alucra-safak-kuyumcu/,4.1,17,Kuyumcu,0.85,0.745
ChIJ5cBl9Ca7yhQRg0elMkFS7Ow,Barışlar Kuyumculuk,kuyumcu atolyesi,ince motor manipulasyon,Merter,"45, Sanayi, Gazi Osman Paşa Cd., 34165 Güngören/İstanbul",41.0197101,28.874585399999997,(0212) 504 40 00,,5,5,Kuyumcu,0.85,0.745
ChIJb1K6yCK7yhQRfOH-w7q1vRI,Deva Ayakkabı,ayakkabi imalathanesi,deforme malzeme + yapistirma,Merter,"Mehmet Nesih Özmen, Ceviz Sokağı No:4, 34173 Güngören/İstanbul",41.012218100000005,28.8812173,,http://www.devaayakkabi.com.tr/,5,12,Ayakkabı mağazası,0.85,0.745
ChIJw3rvkS67yhQR78JFhahEVfk,Emin Kuyumculuk,kuyumcu atolyesi,ince motor manipulasyon,Merter,"Mareşal Çakmak, İnönü Cd. No:160, 34160 Güngören/İstanbul",41.018651399999996,28.8665338,(0212) 553 67 88,,4.2,30,Kuyumcu,0.85,0.745
ChIJY6x_0fCkyhQR8NOYRvDQbD8,Emre Kundura,ayakkabi imalathanesi,deforme malzeme + yapistirma,Merter,"Güven, Fatih Cad./kara Dal Sok. Karakullukçu İş Hanı No:23, 34160 Güngören/İstanbul - Avrupa",41.0152806,28.8774069,(0212) 637 09 44,,,,Ayakkabı mağazası,0.85,0.745
ChIJuVnYJh-7yhQRd0pZkYkyhLA,Hüseyinler Ayakkabi San.Ve Tic.Ltd.Şti.,ayakkabi imalathanesi,deforme malzeme + yapistirma,Merter,"Fatih Caddesi, Mehmet Nesih Özmen, Savur Sokağı No:20 D:1, 34173 Güngören/İstanbul",41.0157296,28.8855818,(0212) 637 62 61,,5,2,Üretici,0.85,0.745
ChIJaawcRgDHyhQRivIoG0JMC4Q,Merter Altın Erenköy,kuyumcu atolyesi,ince motor manipulasyon,Merter,"19 Mayıs, Şemsettin Günaltay Cd., 34738 Kadıköy/İstanbul",40.977182899999995,29.0788107,(0216) 755 37 55,,4.1,9,Kuyumcu,0.85,0.745
ChIJf_sMOti6yhQRrPe4oZLt87Q,Müslüm Kuyumculuk,kuyumcu atolyesi,ince motor manipulasyon,Merter,"Merkez, Cumhuriyet Meydanı Cd. no2/1, 34164 Güngören/İstanbul",41.0251732,28.873975899999998,(0212) 462 30 66,,3.9,52,Kuyumcu,0.85,0.745
ChIJa-s7-h-7yhQR8qSPmn37ZyM,Simge Ayakkabı Taban İmalatı ve Deri ürünleri,ayakkabi imalathanesi,deforme malzeme + yapistirma,Merter,"Kat:2, Sancaktepe Sanayi Mahallesi, Çavuşoğlu Sk. No:2, 34165 Güngören/İstanbul",41.019876,28.8834086,(0212) 637 11 71,,3.7,3,Ayakkabı mağazası,0.85,0.745
ChIJBacuKeC6yhQRSu-ROEz09S0,Telli Grup,ayakkabi imalathanesi,deforme malzeme + yapistirma,Merter,"Sanayi, Sancak Sk. 24/B, 34165 Güngören/İstanbul",41.0200956,28.885374399999996,(0212) 637 72 80,,5,2,Üretici,0.85,0.745
ChIJZSek3we4yhQRb1fo2F__p1E,Çilek Kuyumculuk,kuyumcu atolyesi,ince motor manipulasyon,Merter,"Acıbadem, Acıbadem Cd. 101/c, 34718 Kadıköy/İstanbul",41.004154899999996,29.0443207,(0216) 428 78 79,,4.1,70,Kuyumcu,0.85,0.745
ChIJpduQmtq5yhQRQEGXqyDsUGk,ÜMİT KUYUMCU TAMİRCİSİ,kuyumcu atolyesi,ince motor manipulasyon,Merter,"ALTIYOL PASAJI, Osmanağa, Söğütlüçeşme Cad. altıyol pasajı D:77/17, 34734 Kadıköy/İstanbul",40.9908991,29.029731299999998,0532 435 87 09,,4.9,61,Kuyumcu,0.85,0.745
ChIJA1skVrjJyhQRumoEsQRCA1Q,ALTINŞAH Pırlanta ve Kuyumculuk,kuyumcu atolyesi,ince motor manipulasyon,Modoko Umraniye,"Yamanevler, Küçüksu Cd. No:4/A, 34768 Ümraniye/İstanbul",41.0252535,29.1007031,(0216) 461 00 25,,4.7,27,Kuyumcu,0.85,0.745
ChIJr0hFutfJyhQRZTiBBT_64gQ,ANADOLU KUYUMCULUK FAHRET ÇUBUKÇUOĞLU,kuyumcu atolyesi,ince motor manipulasyon,Modoko Umraniye,"Atatürk, Alemdağ Cd 75 D, 34764 Ümraniye/İstanbul",41.0254611,29.092789199999995,0545 461 85 85,,5,2,Kuyumcu,0.85,0.745
ChIJrbl-3RjPyhQRjnBCPFsDwMI,Akkaya Kuyumculuk,kuyumcu atolyesi,ince motor manipulasyon,Modoko Umraniye,"Yukarı Dudullu Mah., Necip Fazıl Bulv. No:7, 34773 Ümraniye/İstanbul",41.0155108,29.1640338,(0216) 313 47 56,,3.6,140,Kuyumcu,0.85,0.745
ChIJY1kDK_bIyhQRmVSQyAdz_dE,Ali Kuyumcu,kuyumcu atolyesi,ince motor manipulasyon,Modoko Umraniye,"Atatürk, Alemdağ Cd No:100 D:C, 34764 Ümraniye/İstanbul",41.025228,29.0928024,(0216) 335 49 56,,4.6,70,Kuyumcu,0.85,0.745
ChIJrV4DK_bIyhQRajhdKvgXv-k,Altınay Kuyumculuk,kuyumcu atolyesi,ince motor manipulasyon,Modoko Umraniye,"Atatürk, Alemdağ Cd 102/B, 34764 Ümraniye/İstanbul",41.025234999999995,29.0928781,(0216) 335 18 72,,2.7,16,Kuyumcu,0.85,0.745
ChIJ32vnmNrHyhQR8GRqiA_nZg4,Anadolu Kuyumcusu,kuyumcu atolyesi,ince motor manipulasyon,Modoko Umraniye,"Örnek, Şht. Cahar Dudayev Cd. No:54, 34704 Ataşehir/İstanbul",40.995379199999995,29.080475,(0216) 317 25 15,,4.7,577,Kuyumcu,0.85,0.745
ChIJc4077TzPyhQRSz2DZ7gO88M,Ardini Design,ayakkabi imalathanesi,deforme malzeme + yapistirma,Modoko Umraniye,"Yukarıdudullu Modoko, Yukarı Dudullu, 3. Cd. 7. Sok D:29, 34775 Ümraniye/İstanbul",41.0079317,29.157718199999998,(0216) 365 90 90,,4.8,55,Mobilya mağazası,0.85,0.745
ChIJxeLgE4vIyhQRxBvf8Q_q5WM,Barış Kuyumcusu,kuyumcu atolyesi,ince motor manipulasyon,Modoko Umraniye,"Atakent, Talat Paşa Cad. No:63, 34762 Ümraniye/İstanbul - Asya",41.0159859,29.096652000000002,(0216) 461 27 11,,3.8,13,Kuyumcu,0.85,0.745
ChIJP9ATM1_PyhQRHt149IYJkxQ,Bin 1 Model,ayakkabi imalathanesi,deforme malzeme + yapistirma,Modoko Umraniye,"Ihlamurkuyu Mahallesi Yeni İstanbul Çarşısı A Blok K 4, Ihlamurkuyu, 34764 Ümraniye/İstanbul",41.0191099,29.133170399999994,0545 205 46 14,,,,Toptancı,0.85,0.745
ChIJSVb-RPTJyhQRd1bKPbeULjM,Burç Kuyumculuk,kuyumcu atolyesi,ince motor manipulasyon,Modoko Umraniye,"Yamanevler Mah., Küçüksu Cad. Nevzat Bey İş Hanı 2/C, Yamanevler, 34768 Ümraniye/İstanbul",41.0251704,29.1005643,(0216) 443 53 80,,4.3,67,Kuyumcu,0.85,0.745
ChIJ6T7PdTvPyhQRBx3D5wI46rc,Dekoroda Mobilya & Aksesuar,ayakkabi imalathanesi,deforme malzeme + yapistirma,Modoko Umraniye,"Nato, Yukarı Dudullu, Zümrüt Sk. No:15, 34775 Ümraniye/İstanbul",41.008003099999996,29.1509014,0537 357 32 32,,4.6,7,Üretici,0.85,0.745
ChIJi_0ZPVnIyhQRxynTihsrsL8,Gümüş Ayakkabı Malzemeleri,ayakkabi imalathanesi,deforme malzeme + yapistirma,Modoko Umraniye,"Atatürk, Bahar Sk. No:6 D:A, 34764 Ümraniye/İstanbul",41.0253136,29.0887896,(0216) 461 65 43,,4.5,48,Ayakkabı mağazası,0.85,0.745
ChIJVVVFZ2rIyhQRcn4V6A5VLi8,Haşmet Kuyumculuk,kuyumcu atolyesi,ince motor manipulasyon,Modoko Umraniye,"Atatürk, Alemdağ Cd No:71, 34764 Ümraniye/İstanbul",41.0254297,29.0922631,(0216) 329 14 71,,3.8,21,Kuyumcu,0.85,0.745
ChIJrV4DK_bIyhQRAVlpoPsB7tY,KOÇAK GOLD Ümraniye Çarşı,kuyumcu atolyesi,ince motor manipulasyon,Modoko Umraniye,"Atatürk, Alemdağ Cd no:100, 34764 Ümraniye/İstanbul",41.025228,29.0928024,(0216) 461 85 00,,4.4,185,Kuyumcu,0.85,0.745
ChIJc5b-YgDPyhQRCqCdc8uRafE,Kano ekspres lostura ayakkabı tamir atölyesi,ayakkabi imalathanesi,deforme malzeme + yapistirma,Modoko Umraniye,"Altınşehir, Acısu Cd. no:36, 34775 Ümraniye/İstanbul",41.01207,29.148637899999997,0530 448 68 53,,3,2,Hizmetler,0.85,0.745
ChIJH8E88tvIyhQR10WajJOmfFA,Koçak Gold,kuyumcu atolyesi,ince motor manipulasyon,Modoko Umraniye,"Fatih Sultan Mehmet Mahallesi Balkan Cad Buyaka Avm 56 B 56 B, Fatih Sultan Mehmet, 34771 Ümraniye/İstanbul",41.0265304,29.1268569,(0216) 290 77 94,,4.5,81,Kuyumcu,0.85,0.745
ChIJMSaNlvDIyhQRR6CEKbp-bzM,Kukuloğlu Kuyumcu,kuyumcu atolyesi,ince motor manipulasyon,Modoko Umraniye,"Atatürk, Alemdağ Cd Nevzat Bey İş Hanı 141/D, 34768 Ümraniye/İstanbul - Asya",41.0250577,29.1007014,(0216) 328 09 92,,4.7,154,Kuyumcu,0.85,0.745
ChIJfXRoXdvIyhQR7UPM8klE2ME,Mefa Ayakkabı,ayakkabi imalathanesi,deforme malzeme + yapistirma,Modoko Umraniye,"Çakmak, Alemdağ Cd No:211, 34771 Ümraniye/İstanbul",41.020931399999995,29.123261000000003,(0216) 499 60 60,,4.7,14,Ayakkabı mağazası,0.85,0.745
ChIJiV8HK_bIyhQRhL2IQesCP0s,Nursever,kuyumcu atolyesi,ince motor manipulasyon,Modoko Umraniye,"Ihlamurkuyu, Alemdağ Cd 73/C, 34764 Ümraniye/İstanbul - Asya",41.0250975,29.089280999999996,(0216) 329 94 59,,4.9,14,Kuyumcu,0.85,0.745
ChIJsSvfasnHyhQRX3xaYuUI9rY,Otomobil mobilya Şerit Kemer ayakkabi Taban bir çok yer de kullanilir şerit aksesurlari bantli ve bantsiz,ayakkabi imalathanesi,deforme malzeme + yapistirma,Modoko Umraniye,"Yeni Sahra, Akıncılar Sk. No:5, 34746 Ataşehir/İstanbul",40.989339,29.090942000000002,0553 328 99 64,,5,1,Üretici,0.85,0.745
ChIJA_FBZPbIyhQR4F6jAsSenI4,Saydam Kuyumculuk,kuyumcu atolyesi,ince motor manipulasyon,Modoko Umraniye,"Namık Kemal, Sütçü İmam Cd. 122 A, 34762 Ümraniye/İstanbul",41.023328899999996,29.094986,0532 604 33 66,,4.5,17,Kuyumcu,0.85,0.745
ChIJjc0WWevEyhQRUaKYACXPnHM,Site Kuyumcusu,kuyumcu atolyesi,ince motor manipulasyon,Modoko Umraniye,"Çakmak, Mithatpaşa Cd. No:142, 34760 Ümraniye/İstanbul",41.0210447,29.117211400000002,(0216) 328 87 92,,3.4,129,Kuyumcu,0.85,0.745
ChIJC6OPZ1zIyhQRUWjiYx8UnmE,Talat Kuyumculuk,kuyumcu atolyesi,ince motor manipulasyon,Modoko Umraniye,"Atatürk, Alemdağ Cd No:6 D:A, 34764 Ümraniye/İstanbul",41.0243457,29.0844888,(0216) 443 09 53,,4.9,47,Üretici,0.85,0.745
ChIJ-UAp_NfHyhQRgL28DEaEL_A,UZMAN LOSTRA ATAŞEHİR,ayakkabi imalathanesi,deforme malzeme + yapistirma,Modoko Umraniye,"Esatpaşa, Adnan Menderes Cd No:44 D:48F, 34704 Ataşehir/İstanbul",41.002835399999995,29.081217300000002,0535 737 07 36,,4.2,100,Hizmetler,0.85,0.745
ChIJB5OGBPrIyhQRVwMp77Mocc4,Vip Deri Ürünleri,ayakkabi imalathanesi,deforme malzeme + yapistirma,Modoko Umraniye,"İstiklal, Şadırvan Sk. No:23 D:B, 34760 Ümraniye/İstanbul",41.0242643,29.102525200000002,(0216) 344 34 58,,4.9,22,Ayakkabı mağazası,0.85,0.745
ChIJw3ktA_bIyhQRyrj--DetCzM,Çarşı Kuyumcusu,kuyumcu atolyesi,ince motor manipulasyon,Modoko Umraniye,"Atatürk, Sütçü İmam Cd. No:79, 34764 Ümraniye/İstanbul",41.0238513,29.092482,(0216) 443 23 87,,3.9,7,Kuyumcu,0.85,0.745
ChIJfS4sRZXJyhQRatjVPLPSJfI,Çilek Altın Market Kuyumculuk,kuyumcu atolyesi,ince motor manipulasyon,Modoko Umraniye,"Namık Kemal, Sütçü İmam Cd. No:84/B, 34762 Ümraniye/İstanbul",41.0236958,29.0915619,0530 772 08 58,,4.8,22,Kuyumcu,0.85,0.745
ChIJ-X-tzPXJyhQRTk_nuMOcSXc,Ümraniye Lostra,ayakkabi imalathanesi,deforme malzeme + yapistirma,Modoko Umraniye,"İstiklal, Alemdağ Cd No:202 D:32, 34762 Ümraniye/İstanbul",41.0247004,29.1009402,0533 947 07 34,,3.7,84,Hizmetler,0.85,0.745
ChIJZ_md_jDPyhQRg3tzGXwHvfk,ŞURA KUYUMCULUK (ÜMRANİYE),kuyumcu atolyesi,ince motor manipulasyon,Modoko Umraniye,"Altınşehir Mahallesi, Yukarı Dudullu, Acısu Cd. 63/B, 34775 Dudullu/Ümraniye/İstanbul",41.0099194,29.148012,(0216) 572 84 16,,4.7,75,Kuyumcu,0.85,0.745
ChIJOZzN6g63yhQRwU-d_D61lng,Ados Kuyumculuk & Takı Tamiri,kuyumcu atolyesi,ince motor manipulasyon,Osmanbey Sisli,"Teşvikiye, Vali Konağı Cd. Halilbey Pasajı D:46/18, 34365 Şişli/İstanbul",41.05203050000001,28.9920274,(0212) 231 31 22,,3.8,6,Kuyumcu,0.85,0.745
ChIJQdR5S2-4yhQRtPBIlYYrObs,Altındal Kuyumcu Atölyesi,kuyumcu atolyesi,ince motor manipulasyon,Osmanbey Sisli,"Osmanağa, Söğütlüçeşme Cad. Cem Han D:55/3, 34714 Kadıköy/İstanbul",40.990731100000005,29.028704899999997,(0216) 347 28 69,,5,4,Kuyumcu,0.85,0.745
ChIJgenYtWi4yhQRkQFLyfNKwWc,Arkadaş Kuyumcu Atölyesi,kuyumcu atolyesi,ince motor manipulasyon,Osmanbey Sisli,"26 Oflular Pasajı, &, Nal Sokak, Osmanağa, Söğütlüçeşme Cad., 34714 Kadıköy/İstanbul",40.9910343,29.028178900000004,(0216) 550 36 39,,5,1,Mağaza,0.85,0.745
ChIJgeu89z-3yhQRT9Y5zwe0YLQ,Aykut Kuyumculuk,kuyumcu atolyesi,ince motor manipulasyon,Osmanbey Sisli,"Yayla, Yay Meydanı Cd. No:11, 34377 Şişli/İstanbul",41.0509188,28.9753169,0555 986 90 26,,4.7,33,Kuyumcu,0.85,0.745
ChIJoajp3Gq3yhQRdX25PsQ0qXA,Bygülçinşenaccessories,kuyumcu atolyesi,ince motor manipulasyon,Osmanbey Sisli,"Cumhuriyet, Sadık Şendil Sk. 35/A, 34380 Şişli/İstanbul",41.055771899999996,28.9828655,0530 879 22 30,,5,11,Kuyumcu,0.85,0.745
ChIJg4X_YBq3yhQRrUaaTkSJNcY,Cem Kuyumculuk,kuyumcu atolyesi,ince motor manipulasyon,Osmanbey Sisli,"Cumhuriyet, Halaskargazi Cd. No:87 / C, 34380 Şişli/İstanbul",41.0524986,28.987153400000004,(0212) 231 04 38,,3.5,22,Kuyumcu,0.85,0.745
ChIJMeu01A23yhQRRLt44q0iI4I,Cengiz Gümüş,ayakkabi imalathanesi,deforme malzeme + yapistirma,Osmanbey Sisli,"Halaskargazi, Vali Konağı Cd. No:73, 34367 Şişli/İstanbul",41.051278599999996,28.9901976,(0212) 240 59 98,,4.3,23,Ayakkabı mağazası,0.85,0.745
ChIJ_ede6g63yhQRg4not1F6Dxo,Deriden Nişantaşı,ayakkabi imalathanesi,deforme malzeme + yapistirma,Osmanbey Sisli,"Teşvikiye, Vali Konağı Cd. No:48, 34365 Şişli/İstanbul",41.052141299999995,28.992120000000003,(0212) 232 00 64,,3.8,36,Ayakkabı mağazası,0.85,0.745
ChIJo8sOl0rFyhQRtAbGiV8kt4Q,Desil Diamond,kuyumcu atolyesi,ince motor manipulasyon,Osmanbey Sisli,"Halaskargazi, Rumeli Cd. No:45 Da:17, Halaskargazi, Zemin kat, 34371 Şişli/İstanbul",41.0528544,28.989493000000003,0536 331 74 61,,5,82,Üretici,0.85,0.745
ChIJ2UR8ehC3yhQR_2eCm6lqBss,Fox,ayakkabi imalathanesi,deforme malzeme + yapistirma,Osmanbey Sisli,"Merkez, Abide-i Hürriyet Cd No:104/B No:104/B, 34381 Şişli/İstanbul",41.0595236,28.9867709,(0212) 230 93 94,,4.2,13,Ayakkabı mağazası,0.85,0.745
ChIJD8NesSvIyhQRRNJgub2CYBc,GENCO,ayakkabi imalathanesi,deforme malzeme + yapistirma,Osmanbey Sisli,"Halaskargazi, Şafak Sk. No:39, 34676 Şişli/İstanbul",41.052344,28.989510700000004,0532 267 65 48,,5,7,Ayakkabı mağazası,0.85,0.745
ChIJUaNBj_7DyhQRScFBQQgg_i4,Gold step ayakkabı imalat toptan,ayakkabi imalathanesi,deforme malzeme + yapistirma,Osmanbey Sisli,"Şehsuvar Bey, Kadırga Hamamı Sk. 51/a, 34126 Fatih/İstanbul",41.005603,28.966918999999997,0534 988 89 88,,5,2,Ayakkabı mağazası,0.85,0.745
ChIJj02Xvg63yhQR3WjOkK37fyY,Gökay Kuyumculuk,kuyumcu atolyesi,ince motor manipulasyon,Osmanbey Sisli,"Teşvikiye, Teşvikiye Cd. Hak Pasajı D:22/51, 34365 Şişli/İstanbul",41.0515754,28.992362999999997,0539 777 54 54,,5,3,Kuyumcu,0.85,0.745
ChIJz808qBa3yhQRpQQPWxqOIwc,Hak 3 Ayakkabı,ayakkabi imalathanesi,deforme malzeme + yapistirma,Osmanbey Sisli,"Duatepe, Avukat Cd. 11/A, 34379 Şişli/İstanbul",41.0538197,28.9813479,0546 623 23 53,,5,1,Ayakkabı mağazası,0.85,0.745
ChIJVUqdTv62yhQRZHag4gCWAIs,Haşim Şam Ayakkabı Tamir Atölyesi,ayakkabi imalathanesi,deforme malzeme + yapistirma,Osmanbey Sisli,"Fulya, Ortaklar Cd. No:7, 34394 Şişli/İstanbul",41.065056999999996,28.996222,0545 532 86 85,,2.6,10,Hizmetler,0.85,0.745
ChIJqVM1TKa5yhQRA2G9TH8RmUw,IMO. SHOES /AYAKKABI,ayakkabi imalathanesi,deforme malzeme + yapistirma,Osmanbey Sisli,"Emin Sinan, Kara Baba Türbesi Sok. No:21/B, 34093 Fatih/İstanbul",41.0071657,28.968943699999997,0534 884 18 91,,2.5,2,Üretici,0.85,0.745
ChIJQw1kne25yhQRFTgDJYsS2O0,Imalat Portakal Kundura,ayakkabi imalathanesi,deforme malzeme + yapistirma,Osmanbey Sisli,"Sarıdemir, Kıble Çeşme Cd. No:9, 34134 Fatih/İstanbul",41.0187983,28.965329399999998,0544 413 18 06,,4.6,5,Ayakkabı mağazası,0.85,0.745
ChIJDeKYHKG3yhQR9fr6E7-8wuE,Kazım Yalvaç Valiz Tamir Atölyesi,ayakkabi imalathanesi,deforme malzeme + yapistirma,Osmanbey Sisli,"Türkali, Ihlamurdere Cd. 72/b, 34357 Beşiktaş/İstanbul",41.0463393,29.0025412,(0212) 259 52 81,,4,52,Hizmetler,0.85,0.745
ChIJxSDiKvK3yhQRE1vtjHnKwPs,Kuyumcu tamir atölyesi,kuyumcu atolyesi,ince motor manipulasyon,Osmanbey Sisli,"Katip Mustafa Çelebi, İstiklal Cd. No:69, 34433 Beyoğlu/İstanbul",41.0352658,28.981973,0531 890 72 34,,5,6,Kuyumcu,0.85,0.745
ChIJ47nEGwC3yhQRjHixP7zmVEA,Kuyumcu tamircisi,kuyumcu atolyesi,ince motor manipulasyon,Osmanbey Sisli,"19 Mayıs, Büyükdere Cd. 57/27, 34360 Şişli/İstanbul",41.0670748,28.997681399999998,0537 643 19 76,,,,Kuyumcu,0.85,0.745
ChIJJ2Byigq5yhQRBTDB5psftQ4,Mücevherat Atölye,kuyumcu atolyesi,ince motor manipulasyon,Osmanbey Sisli,"Türkocağı cad istanbul iş hanı kat 2 no 38, Hobyar, Cağaloğlu Yokuşu Sok., 34115 Fatih/İstanbul",41.0125448,28.9750885,0537 503 41 75,,5,12,Kuyumcu,0.85,0.745
ChIJXwNITcC3yhQRyedBlFBA_3M,Renzo Lucci,ayakkabi imalathanesi,deforme malzeme + yapistirma,Osmanbey Sisli,"Meşrutiyet, Osmanbey, Meşrutiyet, Dere Sk. no:12/A, 34363 Şişli/İstanbul",41.055993199999996,28.98845,0532 494 13 71,,5,12,Ayakkabı mağazası,0.85,0.745
ChIJgyYK-uO3yhQRPL0HKlALsNY,SU PIRLANTA KUYUMCULUK,kuyumcu atolyesi,ince motor manipulasyon,Osmanbey Sisli,"Halaskargazi, Süleyman Nazif Sk. No: 69B, 34365 Şişli/İstanbul",41.0530877,28.9888644,0507 389 92 46,,5,155,Kuyumcu,0.85,0.745
ChIJ7xybO_-2yhQRnTH0_V4evU4,Sedef Kuyumculuk,kuyumcu atolyesi,ince motor manipulasyon,Osmanbey Sisli,"Mecidiyeköy Mahallesi, Selahattin Pınar Cd. No:2 D:B, 34381 Şişli/İstanbul - Avrupa",41.066974099999996,28.9975851,(0212) 272 36 44,,4.3,8,Kuyumcu,0.85,0.745
ChIJR0W6dae3yhQRsw2LmNcCv8o,Tanca Ergin,ayakkabi imalathanesi,deforme malzeme + yapistirma,Osmanbey Sisli,"Hürriyet, Ihlamur Sk. No:3/A, 34403 Şişli/İstanbul",41.0502454,28.993431500000003,(0212) 246 12 95,,1,1,Kadın giyim mağazası,0.85,0.745
ChIJWYsXnBK3yhQR9T89cYJ7vkQ,Tosun,kuyumcu atolyesi,ince motor manipulasyon,Osmanbey Sisli,"Yeni Pasajı No:55/C, Ergenekon, Halaskargazi Cd., 34373 Şişli/İstanbul",41.0505223,28.9873613,(0212) 240 34 73,,4.3,9,Kuyumcu,0.85,0.745
ChIJFQ293RG3yhQRPHELA83kTVk,Yener,ayakkabi imalathanesi,deforme malzeme + yapistirma,Osmanbey Sisli,"Halaskargazi, Halaskargazi Cd. 190/A, 34360 Şişli/İstanbul",41.0589466,28.9873856,(0212) 232 95 24,,4.6,14,Ayakkabı mağazası,0.85,0.745
ChIJw5uaARK3yhQRvWtEcWp88bE,Yeni Moda Ayakkabı & Terlik & Çanta,ayakkabi imalathanesi,deforme malzeme + yapistirma,Osmanbey Sisli,"Meşrutiyet, Halaskargazi Cd. No:124 D:A, 34363 Şişli/İstanbul",41.055776,28.987208999999996,(0212) 246 34 01,,4.6,32,Ayakkabı mağazası,0.85,0.745
ChIJRWPYtWi4yhQRKxQ9bkM0KRo,Yunus Kuyumcu Atölyesi,kuyumcu atolyesi,ince motor manipulasyon,Osmanbey Sisli,"Zemin, Osmanağa, Nal Sokak & Söğütlü Çeşme Caddesi 24 - 25, 34714 Kadıköy/İstanbul",40.99103050000001,29.028174799999995,(0216) 414 96 60,,5,1,Kuyumcu,0.85,0.745
ChIJTwa1ohO3yhQRbyeTdifANBg,Zeki Mücevherat,kuyumcu atolyesi,ince motor manipulasyon,Osmanbey Sisli,"Duatepe, Kurtuluş Cd. Feriköy Pasajı 6/A, 34379 Şişli/İstanbul",41.052384599999996,28.9840424,(0212) 247 16 11,,5,8,Kuyumcu,0.85,0.745
ChIJjU5515y3yhQRPQ0cHSB2sjg,hsy mücevher nişantaşı,kuyumcu atolyesi,ince motor manipulasyon,Osmanbey Sisli,"Halaskargazi, Rumeli Cd. no:78/B, 34363 Şişli/İstanbul",41.0536803,28.987697800000003,0532 545 08 60,,4.6,11,Kuyumcu,0.85,0.745
ChIJrflfQju3yhQRkSF13FUEo_8,Galoş Burada,ayakkabi imalathanesi,deforme malzeme + yapistirma,Perpa Okmeydani,"Perpa Ticaret Merkezi A Blok Kat.6 No.595 Okmeydanı, Halil Rıfat Paşa, 34323 Şişli/İstanbul",41.0604412,28.9694964,,http://www.galosburada.com.tr/,5,6,Alışveriş merkezi,0.85,0.745
ChIJo5VCRju3yhQRKofgCCZTahM,Çelebioğlu Kuyumculuk,kuyumcu atolyesi,ince motor manipulasyon,Perpa Okmeydani,"Halil Rıfat Paşa Mah. Perpa Ticaret Merkezi B Blok K:8 D:911/a, Perpa Ticaret Merkezi İçinde, Halil Rıfat Paşa, Okmeydanı Cd., 34535 Şişli/İstanbul",41.060942499999996,28.969288000000002,(0212) 210 24 28,,5,13,Kuyumcu,0.85,0.745
ChIJD0_pN5G5yhQRW8fFp_HLEp0,İpekli Kuyumculuk Atölyesi,kuyumcu atolyesi,ince motor manipulasyon,Perpa Okmeydani,"Molla Fenari, 34120 Fatih/İstanbul",41.0094527,28.9696732,(0212) 541 84 12,,,,Kuyumcu,0.85,0.745
ChIJMQWTug65yhQRTBZ1nPJ9Jl0,A-STİL KUYUMCULUK,kuyumcu atolyesi,ince motor manipulasyon,Persembe Pazari Karakoy,"Binbirdirek Mah. Işık sok. Ali faik Han no 6 kat 2 No 202, Binbirdirek, 34000 Fatih/İstanbul",41.0079176,28.974296699999996,0545 619 03 31,,5,3,Kuyumcu,0.85,0.745
ChIJTYSnPpG5yhQRK1fAYKuOA5Q,ALPER BİLGİN ~KIYMETLİ TAŞ SATIŞI VE İŞLEME ATÖLYESİ,kuyumcu atolyesi,ince motor manipulasyon,Persembe Pazari Karakoy,"MERMER HAN, Molla Fenari, Bileyciler Sk. NO:19 D:2.KAT No:42, 34120 Fatih/İstanbul",41.0092158,28.969092600000003,0532 266 00 36,,5,2,Kuyumcu,0.85,0.745
ChIJMaZ3a2O5yhQRdtQ_RcorbeI,Akınalbella İSTANBUL Toptan Fabrika Satış Mağazası,ayakkabi imalathanesi,deforme malzeme + yapistirma,Persembe Pazari Karakoy,"Emin Sinan Mahallesi Karababa Türbe Sok, Emin Sinan, Gedikpaşa Cd. No:7, 34126 Fatih/İstanbul",41.008166599999996,28.969287100000003,0549 822 32 36,,4.3,21,Ayakkabı mağazası,0.85,0.745
ChIJO7KgLZK5yhQRqt1E6ljJdoo,Atak biye imalat,ayakkabi imalathanesi,deforme malzeme + yapistirma,Persembe Pazari Karakoy,"Mimar Hayrettin Mahallesi gedikpaşa caddesi asmalı han sokak, Beyazıt, Gedikpaşa Çk. No:6 D:a, 34126 Fatih/İstanbul",41.0058199,28.966465300000003,0532 341 80 69,,5,1,Ayakkabı mağazası,0.85,0.745
ChIJSy3d_JO5yhQRoVeBsN6EJ5I,Diamine Pırlanta ve Mücevher Atölyesi,kuyumcu atolyesi,ince motor manipulasyon,Persembe Pazari Karakoy,"Molla Fenari Mahallesi, Kılıççılar Sokak, Molla Fenari, Çuhacı Hanı Sokağı Kat: 2, No: 21, 34126 Fatih/İstanbul",41.0107704,28.9701127,,http://diamine.com.tr/,5,15,Toptancı,0.85,0.745
ChIJM_x3JZG5yhQRU_VdAKXlGfE,Dizayn Takı & Tasarım Atölyesi,kuyumcu atolyesi,ince motor manipulasyon,Persembe Pazari Karakoy,"6, Molla Fenari, Kürkçüler Pazarı Sk. No:6, 34120 Fatih/İstanbul",41.0088127,28.969555499999995,(0212) 523 78 12,,5,1,Kuyumcu,0.85,0.745
ChIJt47HMeK5yhQRjLY0wWU-7EE,Ersoy Toptan Ayakkabı Shoes,ayakkabi imalathanesi,deforme malzeme + yapistirma,Persembe Pazari Karakoy,"Çarşılıhan zemin, Emin Sinan, Emin Sinan Hamamı Sk. kat no:05, 34130 Fatih/İstanbul",41.0070239,28.968882899999997,0530 304 86 12,,5,4,Ayakkabı mağazası,0.85,0.745
ChIJH5m3spO5yhQRMohMdJzft70,"Evet Alyans, Alyans Atölyesi, Kalite ve Güvenin Adresi",kuyumcu atolyesi,ince motor manipulasyon,Persembe Pazari Karakoy,"Uzun Çarşı Caddesi, Mercan, Mahmut Han No: 5/501, 34116 Fatih/İstanbul",41.0130036,28.9675755,(0212) 514 83 89,,4,8,Kuyumcu,0.85,0.745
ChIJu2JbGei5yhQRb6EN7FZ3X80,Fatih Kuyumcu,kuyumcu atolyesi,ince motor manipulasyon,Persembe Pazari Karakoy,"Kemankeş Karamustafa Paşa, Kemankeş Cd. 13/B, 34425 Beyoğlu/İstanbul",41.0220614,28.975748199999998,(0212) 245 38 36,,4.2,83,Kuyumcu,0.85,0.745
ChIJvQmop4i5yhQRiLNeQytpA-Y,Flower Shoes Laleli,ayakkabi imalathanesi,deforme malzeme + yapistirma,Persembe Pazari Karakoy,"Mimar Kemalettin, Ordu Cd. 61/C, 34126 Fatih/İstanbul",41.0093958,28.9577809,(0212) 517 13 50,,4.6,28,Ayakkabı mağazası,0.85,0.745
ChIJ3_O-Rf25yhQRUd6pJK5gbAI,Golfmen ayakkabı,ayakkabi imalathanesi,deforme malzeme + yapistirma,Persembe Pazari Karakoy,"Mimar Hayrettin, Kara Baba Türbesi Sok. Gürün Han 16-20, 34093 Fatih/İstanbul",41.007608399999995,28.968926799999995,0532 626 57 27,,,,Üretici,0.85,0.745
ChIJXQMnwCS5yhQR_yApKR4jNvw,JASMINE SHOES İSTANBUL,ayakkabi imalathanesi,deforme malzeme + yapistirma,Persembe Pazari Karakoy,"Emin Sinan Mahallesi, Beyazıt, Pertev Paşa Sk. No:8, 34050 Fatih/İstanbul",41.0079101,28.969634600000003,0555 526 87 80,,5,3,Üretici,0.85,0.745
ChIJKR-IaB65yhQRYoZgPaIP2Zk,Kalemkar Berç Melikyan Atölyesi,kuyumcu atolyesi,ince motor manipulasyon,Persembe Pazari Karakoy,"Nuruosmaniye caddesi Atasaray işhanı No 23 kat, Molla Fenari, Cağaloğlu Yokuşu Sok. No:3 D:302, 34120 Fatih/İstanbul",41.01021,28.9736633,0535 765 28 62,,5,4,Kuyumcu,0.85,0.745
ChIJRYeFqIi5yhQRYDgmKUUZPQQ,Magza,ayakkabi imalathanesi,deforme malzeme + yapistirma,Persembe Pazari Karakoy,"Mimar Kemalettin, Ordu Cd. No:57, 34126 Fatih/İstanbul",41.0094299,28.958078500000003,(0212) 514 89 04,,3.9,26,Ayakkabı mağazası,0.85,0.745
ChIJBcGPeeu5yhQR0CgNIUVgJZo,Menekşe Bestgold Kuyumculuk Ltd. Şti.,kuyumcu atolyesi,ince motor manipulasyon,Persembe Pazari Karakoy,"Rüstem Paşa, Mısırçarşısı İçi, Eminönü No:12, 34116 Fatih/İstanbul",41.0170082,28.970938999999998,(0212) 513 60 24,,4.3,50,Kuyumcu,0.85,0.745
ChIJt5apP925yhQRGMMPaPefwjY,Mocan Han,ayakkabi imalathanesi,deforme malzeme + yapistirma,Persembe Pazari Karakoy,"Kemankeş Karamustafa Paşa, Maliye Cd. No:15, 34425 Beyoğlu/İstanbul",41.023368,28.977761899999997,(0212) 252 30 00,,4.3,6,,0.85,0.745
ChIJvStj05O5yhQRv8mZcWYvCTo,Oriental Kuyumculuk Jewellery,kuyumcu atolyesi,ince motor manipulasyon,Persembe Pazari Karakoy,"Yağlıkçılar Cad. No:65-67 (Örücüler Kapısı 14) Beyazıt - Kapalıçarşı, İstanbul, Beyazıt, 34126 Fatih/İstanbul",41.0114747,28.967589099999998,,http://instagram.com/orientaljewels,4.6,50,Kuyumcu,0.85,0.745
ChIJZYlhZ3O5yhQRX51BlIkdcCI,Pırlanta Atölyesi Jasmine,kuyumcu atolyesi,ince motor manipulasyon,Persembe Pazari Karakoy,"Alemdar, Bab-ı Ali Cd. Tasvire İş Hanı NO:38 İç Kapı No:47, 34120 Fatih/İstanbul",41.0107431,28.9745648,0538 946 64 32,,5,47,Kuyumcu,0.85,0.745
ChIJm1QrW-S5yhQRYqbyU3OKa38,Pırlanta atölyesi aşkın,kuyumcu atolyesi,ince motor manipulasyon,Persembe Pazari Karakoy,"Molla Fenari, Tasvir Sk. murat han no:4 kat:2 dükkan no:47, 34093 Fatih/İstanbul",41.0110394,28.9736566,0535 739 20 25,,5,99,Kuyumcu,0.85,0.745
ChIJKW4JC5C5yhQRSeCbLy5hLAw,Serza shoes,ayakkabi imalathanesi,deforme malzeme + yapistirma,Persembe Pazari Karakoy,"Mimar Hayrettin, Gedikpaşa Fırını Sok. No:2 D:1, 34126 Fatih/İstanbul",41.0072865,28.965796400000002,(0212) 458 59 08,,5,2,Ayakkabı mağazası,0.85,0.745
ChIJrxtdUd25yhQRO_Opu-4kwP4,Traditional Gift Shop,kuyumcu atolyesi,ince motor manipulasyon,Persembe Pazari Karakoy,"Kemankeş Karamustafa Paşa Mahallesi , Karaköy Mahallesi, Gümrük Sk. Adahan Iş Merkezi 9/B, 34425 Beyoğlu/İstanbul",41.0229876,28.976597299999995,(0212) 243 29 28,,4,1,Hediyelik eşya dükkanı,0.85,0.745
ChIJg4nCypC5yhQRxLWTrGT1Mfs,Tuana Döküm Kuyumcu Atölyesi,kuyumcu atolyesi,ince motor manipulasyon,Persembe Pazari Karakoy,"Emin Sinan, Evkaf Sk. No:16 D:501, 34126 Fatih/İstanbul",41.0071302,28.9702435,(0212) 458 03 01,,,,Üretici,0.85,0.745
ChIJ2fm3SZG5yhQRrKW5S4k2X2o,Zanaat Mıhlama Atölyesi,kuyumcu atolyesi,ince motor manipulasyon,Persembe Pazari Karakoy,"Molla Fenari, Tavuk Pazarı Sk. No:33 D:29, 34120 Fatih/İstanbul",41.009536,28.969829100000002,(0212) 522 43 61,,,,Kuyumcu,0.85,0.745
ChIJeVk-PqC5yhQRvOhuc-GgZSg,Zerre Kuyumculuk,kuyumcu atolyesi,ince motor manipulasyon,Persembe Pazari Karakoy,"Molla Fenari, Tavuk Pazarı Sk., 34126 Fatih/İstanbul",41.0095156,28.9698478,0544 937 73 34,,5,6,Üretici,0.85,0.745
ChIJmxWbqJ25yhQRR5xBL14acd0,bobert ayakkabı shoes,ayakkabi imalathanesi,deforme malzeme + yapistirma,Persembe Pazari Karakoy,"Mimar Hayrettin Mah. Tatlıkuyu sokağı, Mimar Hayrettin, Gedikpaşa Cd. 4/B, 34126 Fatih/İstanbul",41.0073399,28.9657766,0530 113 60 02,,5,3,Ayakkabı mağazası,0.85,0.745
ChIJCUyRG8a5yhQRCDrNvAErOo4,Çarşı Ayar evi,kuyumcu atolyesi,ince motor manipulasyon,Persembe Pazari Karakoy,"Taya hatun mahallesi Tığcılar Sokak Kızlarağası Han, Beyazıt, D:2.kat No:4, 34000 Fatih/İstanbul",41.0114866,28.968546399999997,(0212) 522 03 61,,4.8,20,Kuyumcu,0.85,0.745
ChIJTRNnz6W7yhQRYrbYBkT7oCI,ARTI DERİ AYAKKABI MALZEMELERİ PAZ SAN ve TİC AŞ,ayakkabi imalathanesi,deforme malzeme + yapistirma,Zeytinburnu,"Telsiz, 85/4C Sok. No:2, 34020 Zeytinburnu/İstanbul",41.0012408,28.913169099999998,,http://artideri.com/,,,Üretici,0.85,0.745
ChIJa1-zYUG7yhQR0REdBwGWvxo,ASEL KUYUMCULUK,kuyumcu atolyesi,ince motor manipulasyon,Zeytinburnu,"Telsiz, Belediye Cd. no:46/A, 34025 Zeytinburnu/İstanbul",40.996921,28.909920999999994,0538 410 69 99,,5,5,Kuyumcu,0.85,0.745
ChIJW2FBDIKkyhQRKVvPTH1Tbds,Albil Kuyumculuk,kuyumcu atolyesi,ince motor manipulasyon,Zeytinburnu,"Çobançeşme, Basın Ekspres Yolu 29 Ekim Cad. Atölye Blokları 5.Kat 4.Sokak No:4, Yenibosna Merkez, 34197 Bahçelievler/İstanbul",41.002650599999996,28.8179754,(0212) 603 08 60,,4.8,13,Kuyumcu,0.85,0.745
ChIJCajkgqu7yhQRyaBI01WNsEA,Ayakkabı & Terlik Dünyası polaris,ayakkabi imalathanesi,deforme malzeme + yapistirma,Zeytinburnu,"Nuripaşa, 58. Bulvar Cd. No:144 D:A, 34025 Zeytinburnu/Istanbul - Europe",40.986016,28.904182,(0212) 415 04 91,,4,5,Ayakkabı mağazası,0.85,0.745
ChIJu5yZfHm7yhQRVeNRXqwUubo,Bahadır Güven Kuyumculuk,kuyumcu atolyesi,ince motor manipulasyon,Zeytinburnu,"Gökalp, 58. Bulvar Cd. No:13/1 A, 34015 Zeytinburnu/İstanbul",40.9931646,28.904028699999998,(0212) 582 88 76,,4.5,13,Kuyumcu,0.85,0.745
ChIJVwRE75C5yhQRQOoZC55CO-U,Başpınar Ayakkabı Yan San. ve Tic. A.Ş.,ayakkabi imalathanesi,deforme malzeme + yapistirma,Zeytinburnu,"Mimar Hayrettin Yeniçeriler Cad. & Abidin Daver Sokak, Gedikpaşa, Mimar Hayrettin, No:14, 34126 Fatih/İstanbul",41.0081986,28.9685105,(0212) 516 46 33,,4.3,4,Toptancı,0.85,0.745
ChIJ9d3h0_q7yhQR9ewd94pVUV8,Comfy,ayakkabi imalathanesi,deforme malzeme + yapistirma,Zeytinburnu,"Maltepe, Hastane Yolu Sk. No:1, 34010 Zeytinburnu/İstanbul",41.028898100000006,28.9080944,0532 668 66 34,,5,11,Üretici,0.85,0.745
ChIJ77BsrXe7yhQRjdDxt-PbXBc,Despina Vandi,ayakkabi imalathanesi,deforme malzeme + yapistirma,Zeytinburnu,"Yenidoğan, 58. Bulvar Cd. No:89, 34020 Zeytinburnu/İstanbul",40.989132,28.9040067,(0212) 546 16 16,,4,10,Ayakkabı mağazası,0.85,0.745
ChIJKR_qogu7yhQRyjqQk7mfseY,Duygu Kuyumcusu,kuyumcu atolyesi,ince motor manipulasyon,Zeytinburnu,"Telsiz, 114. Sk. No:54, 34020 Zeytinburnu/Istanbul - Europe",40.999806899999996,28.9019212,(0212) 546 94 13,,5,3,Kuyumcu,0.85,0.745
ChIJ0S1AoMm7yhQRfOty2YlYzSQ,EREN ALTIN,kuyumcu atolyesi,ince motor manipulasyon,Zeytinburnu,"Gökalp, 58. Bulvar Cd., 34025 Zeytinburnu/İstanbul",40.9885884,28.903718400000002,(0212) 546 44 55,,3.7,3,Üretici,0.85,0.745
ChIJuxtCVgi7yhQR_QUPXuBuOVk,El Haldı Kuyumculuk,kuyumcu atolyesi,ince motor manipulasyon,Zeytinburnu,"Beştelsiz, Seyitnizam Cd. A/122 A/122, 34020 Zeytinburnu/İstanbul",41.003656899999996,28.903572699999994,0553 858 46 49,,3,2,Kuyumcu,0.85,0.745
ChIJv3vKoqW8yhQRm91FjJltqBY,Elmas Kuyumcu Atölyesi,kuyumcu atolyesi,ince motor manipulasyon,Zeytinburnu,"Zeytinlik, Halkçı Sk. Moda Pasajı D:28, 34140 Bakırköy/İstanbul",40.979740299999996,28.8728806,(0212) 454 87 84,,,,Mağaza,0.85,0.745
ChIJaVDMaku7yhQR0g6WgntJtzc,Emir Lostra spor ayakkabi atölyesi,ayakkabi imalathanesi,deforme malzeme + yapistirma,Zeytinburnu,"Koca Mustafapaşa, Silivrikapı Cd. No:8A, 34098 Fatih/İstanbul",41.0073243,28.930468,0535 622 69 17,,4.9,44,Hizmetler,0.85,0.745
ChIJAy2R6KG7yhQRRmfqr5xuyO0,Enes Ayakkabı,ayakkabi imalathanesi,deforme malzeme + yapistirma,Zeytinburnu,"Sümer, Belediye Cd. No:4, 34025 Zeytinburnu/İstanbul",40.9949367,28.9110175,(0212) 416 10 44,,2.9,11,Ayakkabı mağazası,0.85,0.745
ChIJ29ej6ru7yhQRYwG-Tcz8mjw,Ersin Kuyumculuk,kuyumcu atolyesi,ince motor manipulasyon,Zeytinburnu,"Yenidoğan mahallesi 58.Bulvar Caddesi, Depo durağı, Yenidoğan, 58. Bulvarı No:111 No:111, 34020 Zeytinburnu/İstanbul",40.9883257,28.904129200000003,(0212) 664 50 21,,3,2,Kuyumcu,0.85,0.745
ChIJcyZI1qG7yhQRAul9sxyhEZM,Gemili Lostra Salonu,ayakkabi imalathanesi,deforme malzeme + yapistirma,Zeytinburnu,"Beştelsiz mh profesör muammer aksoy cad no 30 olivium avm alt çarşı içi, gemili lostra salonu, Beştelsiz, 34020 Zeytinburnu/İstanbul",40.99465000000001,28.910822000000003,(0212) 416 25 57,,1.5,15,Hizmetler,0.85,0.745
ChIJQZ4FCqW8yhQRhvXHRx4KC_Y,Gül Kuyumcu Tamircisi,kuyumcu atolyesi,ince motor manipulasyon,Zeytinburnu,"Zeytin Mah. Halkçı Sok. Moda Pasajı D:2, Zeytinlik, Bakırköy, İstanbul, Zeytinlik, 34140 Bakırköy/İstanbul",40.979085999999995,28.8731464,(0212) 571 88 23,,3.7,3,Kuyumcu,0.85,0.745
ChIJuXsCphC7yhQR_MuUD1OLmD0,HAKIMI Kuyumculuk,kuyumcu atolyesi,ince motor manipulasyon,Zeytinburnu,"Yeşiltepe, 58. Bulvar Cd. No:72 D:B, 34025 Zeytinburnu/İstanbul",40.9906973,28.903595999999997,0551 400 00 55,,,,Kuyumcu,0.85,0.745
ChIJvcg_s6a7yhQRZgIlVS-TUUI,Hilal Kuyumculuk,kuyumcu atolyesi,ince motor manipulasyon,Zeytinburnu,"Telsiz, 85. Sk. No:34, 34020 Zeytinburnu/İstanbul",40.9988666,28.911135599999998,(0212) 582 86 10,,4.1,14,Kuyumcu,0.85,0.745
ChIJxQcCgXO7yhQRSIoN0mX5Wjw,Moda Kuyumculuk,kuyumcu atolyesi,ince motor manipulasyon,Zeytinburnu,"Çırpıcı, Veliefendi, Ahmet Yesevi Sk. No:6, 34025 Zeytinburnu/İstanbul",40.994683099999996,28.900548999999998,(0212) 582 40 77,,5,3,Kuyumcu,0.85,0.745
ChIJG-jE_oe7yhQRVcjFeZYKrPE,Motivo Toptan Fabrika Satış Mağazası,ayakkabi imalathanesi,deforme malzeme + yapistirma,Zeytinburnu,"Gökalp, 73/7. Sk. no:1/2, 34020 Zeytinburnu/İstanbul",40.993922999999995,28.910351599999995,0539 833 99 99,,,,Üretici,0.85,0.745
ChIJnWB0WXa7yhQRX4kVn46lwdA,Nostalji Gümüş Ve Hediyelik Eşya,kuyumcu atolyesi,ince motor manipulasyon,Zeytinburnu,"Yeşiltepe, 58. Bulvar Cd. No:80/A, 34025 Zeytinburnu/İstanbul",40.9900251,28.9035269,0535 270 27 27,,4.8,47,Kuyumcu,0.85,0.745
ChIJYQtM0HW7yhQR5-bDWjHs4h8,Pabuç Butik 1,ayakkabi imalathanesi,deforme malzeme + yapistirma,Zeytinburnu,"Gökalp, 58. Bulvar Cd. 35/C, 34020 Zeytinburnu/İstanbul",40.9920756,28.9040396,0531 576 58 66,,2.6,5,Ayakkabı mağazası,0.85,0.745
ChIJkfOXD3q7yhQRPD7HgMhQVcM,Soysal Ayakkabı,ayakkabi imalathanesi,deforme malzeme + yapistirma,Zeytinburnu,"KAYA APT, Nuripaşa, Merv Cd. No:63 D:3, 34010 Zeytinburnu/İstanbul",40.9876224,28.899566399999994,(0212) 510 31 99,,4.9,7,Ayakkabı mağazası,0.85,0.745
ChIJvUFyramryhQRNj9uHJ9NQS0,TEMUR AYAKKABI İMALATI----SHOE MANUFACTURE,ayakkabi imalathanesi,deforme malzeme + yapistirma,Zeytinburnu,"Nenehatun, mah. Fatih cad No: 220, 34277 Arnavutköy/İstanbul",41.194733899999996,28.730443899999997,0542 502 43 04,,4.9,14,Üretici,0.85,0.745
ChIJ2a37paa7yhQRpZJ7eWKEgIA,Tanriverdi Kuyumculuk,kuyumcu atolyesi,ince motor manipulasyon,Zeytinburnu,"Nuripaşa, 58. Bulvar Cd. No:87/A, 34020 Zeytinburnu/İstanbul",40.9892324,28.903908100000002,(0212) 582 65 37,,4.2,20,Üretici,0.85,0.745
ChIJT-Bzfzm7yhQRmYE1ofuwBCk,Tanrıverdi Kuyumculuk,kuyumcu atolyesi,ince motor manipulasyon,Zeytinburnu,"Nuripaşa, 58. Bulvar Cd. No:110, 34205 Zeytinburnu/İstanbul",40.98854060000001,28.903752599999997,(0212) 510 86 89,,3.9,22,Üretici,0.85,0.745
ChIJvRTqrau7yhQRZfpXAfFMf5k,Yağmur Kuyumculuk,kuyumcu atolyesi,ince motor manipulasyon,Zeytinburnu,"Gökalp, 58. Bulvar Cd. No:44, 34020 Zeytinburnu/İstanbul",40.992019,28.903677,(0212) 510 33 77,,4.3,6,Kuyumcu,0.85,0.745
ChIJR7JV46O7yhQRHsdDXYEbMQA,Zeytinburnu Kuyumculuk,kuyumcu atolyesi,ince motor manipulasyon,Zeytinburnu,"Yenidoğan, 58. Bulvar Cd. No:87/A, 34025 Zeytinburnu/İstanbul",40.9892358,28.903915299999998,0532 614 07 95,,,,Kuyumcu,0.85,0.745
ChIJyX14q5GkyhQRL-ra-2is_Ew,Çetin Ayakkabı Taban Üretim Sanayi,ayakkabi imalathanesi,deforme malzeme + yapistirma,Zeytinburnu,"Yenibosna Merkez Mahallesi Mithatpaşa Caddesi Başağa Sokak No: 2, yenibosna bahçelievler, Yenibosna Merkez, 34197 Bahçelievler/İstanbul",41.010185,28.827067999999997,(0212) 551 20 87,,4.5,4,Üretici,0.85,0.745
ChIJIZxQGyulyhQReonkWItLfJY,ÖRS Kuyumcu Malzemeleri,kuyumcu atolyesi,ince motor manipulasyon,Zeytinburnu,"Yenibosna Merkez Mh. Ladin Sk, Yenibosna Merkez, 7. Sk. Kuyumcukent Atolye Bloğu No:22 D:1 Kat, 34180 Bahçelievler/İstanbul",41.0029464,28.817783799999997,(0212) 603 10 25,,5,16,Kuyumcu,0.85,0.745
ChIJ1aGumWe6yhQRrMnZ_eos2K8,Bayrampaşa Tekstil Merkezi,konfeksiyon atolyesi,deforme malzeme manipulasyonu,Bayrampasa,"Orta, Emin Efendi Cd. No:36, 34040 Bayrampaşa/İstanbul",41.0311178,28.915475700000002,,,4,27,Giyim mağazası,1.0,0.7
ChIJHQ9vN3m6yhQR3rjNye-psww,Burcu Tekstil,konfeksiyon atolyesi,deforme malzeme manipulasyonu,Bayrampasa,"Yenidoğan, Abdi İpekçi Cd., 34040 Bayrampaşa/İstanbul",41.0462382,28.9128041,,,4.3,4,Mağaza,1.0,0.7
ChIJ4zUz5mqxyhQR_LI0P9V1-iE,Erdoğan Torna - Tesviye Makina Tamiri - Tornacı,torna tesviye atolyesi,hassas hizalama + alet kullanimi,Bayrampasa,"Karlıtepe, Fırat Sokağı 18 -A, 34035 Bayrampaşa/İstanbul",41.0558652,28.924411999999997,,,1,1,Araç Bakım ve Onarımı,1.0,0.7
ChIJmVwQ1Vq7yhQR8YrXZfor8YE,Triko O,konfeksiyon atolyesi,deforme malzeme manipulasyonu,Bayrampasa,"İsmet Paşa, Hisar Sk. 20-27, 34040 Bayrampaşa/İstanbul",41.04271790000001,28.909620500000003,,,1.7,3,,1.0,0.7
ChIJY6zVzom6yhQRjsGPw1SdsY4,Çınarlı Tekstil,konfeksiyon atolyesi,deforme malzeme manipulasyonu,Bayrampasa,"Altıntepsi, Filiz Sk. No:18 D:B, 34035 Bayrampaşa/İstanbul",41.039532699999995,28.905237699999997,,,5,1,Mağaza,1.0,0.7
ChIJ0z_W_tylyhQR9QfohaGqht0,Çözüm Torna Atölyesi,torna tesviye atolyesi,hassas hizalama + alet kullanimi,Ikitelli OSB,"İkitelli OSB, S7 Blok No:116, 34490 Başakşehir/İstanbul",41.0817796,28.790952599999994,,,5,1,Hizmetler,1.0,0.7
ChIJkW2oRIzJyhQR9tZKB6k_LUY,Şeyma'nin Dikim Atölyesi,konfeksiyon atolyesi,deforme malzeme manipulasyonu,Ikitelli OSB,"Atatürk, Çeşme Sk. 8 F, 34764 Ümraniye/İstanbul",41.0264062,29.090917100000002,,,5,1,Giyim mağazası,1.0,0.7
ChIJWVacegewyhQRCYqRfuBFKh0,DEMİRTEKS HİLMİ-BAYAN DIŞ GİYSİ FASON DİKİM,konfeksiyon atolyesi,deforme malzeme manipulasyonu,Merter,"Turgut Reis, 400. Sk. No:5 K:2, 34235 Esenler/İstanbul",41.062288599999995,28.867814700000004,,,4.9,8,Mağaza,1.0,0.7
ChIJxaTQHiS7yhQRPmiz_tIZXl4,Güngören Tesktil Merkezi,konfeksiyon atolyesi,deforme malzeme manipulasyonu,Merter,"Merkez, Merter Sok. No:50, 34164 Güngören/İstanbul",41.017449899999995,28.8758631,,,3.6,8,Alışveriş merkezi,1.0,0.7
ChIJa1u3Bpu7yhQR31tISaKgCug,Hizmet Tekstil Fason Dikim Atölyeleri Basic ve Polo yaka Penye Dikim Atölyesi,konfeksiyon atolyesi,deforme malzeme manipulasyonu,Merter,"Fevzi Çakmak, 1118. Sk. No:37, 34000 Esenler/İstanbul",41.044188399999996,28.880188900000004,,,4.8,9,Giyim mağazası,1.0,0.7
ChIJo8mzCx-7yhQRBpQWu0_nF0Q,Merter Tekstil Piyasası,konfeksiyon atolyesi,deforme malzeme manipulasyonu,Merter,"Mehmet Nesih Özmen, Fatih Cd. No:106, 34173 Güngören/İstanbul",41.017561099999995,28.884632200000002,,,4.4,9,Kadın giyim mağazası,1.0,0.7
ChIJrdoGNx-7yhQRCXZ9Xw7ppnE,Merter Toptan Tekstil,konfeksiyon atolyesi,deforme malzeme manipulasyonu,Merter,"Mahallesi, Mehmet Nesih Özmen, Gülsever Sokağı 24-26 D:107, 34173 Merter/Güngören/Güngören/İstanbul",41.011194499999995,28.8883896,,,4.3,538,Giyim mağazası,1.0,0.7
ChIJhcPIK-fPyhQRpNjAhhC-vWs,Metal İşler Atölyesi,torna tesviye atolyesi,hassas hizalama + alet kullanimi,Merter,"Dudullu OSB, 207.sk imes sanayi sitesi no:27, 34775 Ümraniye/İstanbul",41.003156499999996,29.168369399999996,,,5,4,,1.0,0.7
ChIJxckH2WfPyhQRTmtnXaKcqBI,Tornaci,torna tesviye atolyesi,hassas hizalama + alet kullanimi,Merter,"Yeni Çamlıca, Yılmaz Sk. No:8, 34779 Ataşehir/İstanbul",40.9893508,29.1643124,,,3.6,5,Araç Bakım ve Onarımı,1.0,0.7
ChIJi-UHw7e7yhQRDnLBMGsZkm0,merter giyim çarsısı,konfeksiyon atolyesi,deforme malzeme manipulasyonu,Merter,"merter, Mehmet Nesih Özmen, Nar Sk., 34173 Güngören/İstanbul",41.0117492,28.887619599999997,,,3.9,25,Giyim mağazası,1.0,0.7
ChIJkalAQ1jIyhQRCJ36iJA-HnM,Huri Moda Tasarim Atölyesi,konfeksiyon atolyesi,deforme malzeme manipulasyonu,Modoko Umraniye,"Atatürk, Çeşme Sk. No:19, 34764 Ümraniye/İstanbul",41.0265795,29.090792399999998,,,1,1,Giyim mağazası,1.0,0.7
ChIJMw3YM9LIyhQR1R-CmXG5nAQ,sırma triko,konfeksiyon atolyesi,deforme malzeme manipulasyonu,Modoko Umraniye,"Ihlamurkuyu, Bilgin Sk. No:6, 34771 Ümraniye/İstanbul",41.01834600000001,29.1342201,,,5,8,Giyim mağazası,1.0,0.7
ChIJRZ78MwC3yhQRc9OJl1di7Lo,ABİYE DİKIM ATÖLYESİ,konfeksiyon atolyesi,deforme malzeme manipulasyonu,Osmanbey Sisli,"Hürriyet, Sibel Sk., 34403 Kağıthane/İstanbul",41.0718537,28.984099900000004,,,5,14,Üretici,1.0,0.7
ChIJU8N_gyK3yhQRV0QI_6pNK9I,Fabrika Satis Mağazasi,konfeksiyon atolyesi,deforme malzeme manipulasyonu,Osmanbey Sisli,"H. Edip Adıvar Mahallesi, Tanır Sk. No:53b, 34382 Şişli/İstanbul",41.0618043,28.9758104,,,4,1,Mağaza,1.0,0.7
ChIJ20NaiuS3yhQRE_t8mLtMbhk,KARADAĞ ATÖLYESİ,konfeksiyon atolyesi,deforme malzeme manipulasyonu,Osmanbey Sisli,"Halide Edip Adıvar, Balcı Sk. No:10, 34382 Şişli/İstanbul",41.062936,28.979301999999997,,,,,Üretici,1.0,0.7
ChIJw46WdA-3yhQR6OIhi0HCE5w,Tekstil Merkezi,konfeksiyon atolyesi,deforme malzeme manipulasyonu,Osmanbey Sisli,"Meşrutiyet, Piyango Sk., 34363 Şişli/İstanbul",41.054654600000006,28.990917900000003,,,4.5,14,,1.0,0.7
ChIJwxnQUOK2yhQR2Q4qlHA7rIA,Teknik Torna Atolyesi,torna tesviye atolyesi,hassas hizalama + alet kullanimi,Perpa Okmeydani,"İzzet Paşa, Çınar Sk., 34387 Şişli/İstanbul",41.0687071,28.984487400000003,,,5,3,Araç Bakım ve Onarımı,1.0,0.7
ChIJWzH2m2e3yhQROjKldj5r31U,Değirmenci Tekstil,konfeksiyon atolyesi,deforme malzeme manipulasyonu,Persembe Pazari Karakoy,"Bostan, Serdar Ömerpaşa Cd. No:84, 34435 Beyoğlu/İstanbul",41.039015899999995,28.977185,,,5,1,Ev Eşyaları Mağazası,1.0,0.7
ChIJpZ-qAKa5yhQR0fpykcIAn7Y,Emin konfeksiyon,konfeksiyon atolyesi,deforme malzeme manipulasyonu,Persembe Pazari Karakoy,"Yavuz Sultan Selim, Gül Cami Kuyusu Sk. no 8/b, 34000 Fatih/İstanbul",41.0266223,28.9549434,,,,,Mağaza,1.0,0.7
ChIJRXcUcgS6yhQR5Cyq54p12e4,Fatinye Atölye,konfeksiyon atolyesi,deforme malzeme manipulasyonu,Persembe Pazari Karakoy,"Ayvansaray, Leblebiciler Sk. 40 A, 34087 Fatih/İstanbul",41.0341075,28.946456500000004,,,5,11,Giyim mağazası,1.0,0.7
ChIJN-X-6N65yhQRDIErdh0r6dc,Kapadokya Deri Cappadocia Leather,konfeksiyon atolyesi,deforme malzeme manipulasyonu,Persembe Pazari Karakoy,"Firuzağa, Boğazkesen Cd. No:34, 34425 Beyoğlu/İstanbul",41.0278631,28.980333700000003,,,,,Giyim mağazası,1.0,0.7
ChIJwxfVrN25yhQReHtKDVdMgl0,Lilipud Atölye,konfeksiyon atolyesi,deforme malzeme manipulasyonu,Persembe Pazari Karakoy,"Kemankeş Karamustafa Paşa, Mumhane Cd. No:43, 34425 Beyoğlu/İstanbul",41.0247169,28.979010300000002,,,,,Giyim mağazası,1.0,0.7
ChIJj2j8EGy4yhQRYmTrvOcUslU,Salı ve Cuma Pazarı,konfeksiyon atolyesi,deforme malzeme manipulasyonu,Persembe Pazari Karakoy,"Hasanpaşa, Uzunçayır Cd., 34722 Kadıköy/İstanbul",40.99785380000001,29.050006699999997,,,4.1,4351,Pazar,1.0,0.7
ChIJp7R2zs-7yhQR1i-RYWK3FvY,Aytan Tekstil Kesim Atölyesi,konfeksiyon atolyesi,deforme malzeme manipulasyonu,Zeytinburnu,"Beştelsiz, 1. Yol Sk. No:9, 34020 Zeytinburnu/İstanbul",41.0032199,28.9029133,,,5,2,Terzi,1.0,0.7
ChIJIxxiOLC7yhQRiGL3HRnHZNM,Gül Nida Tekstil,konfeksiyon atolyesi,deforme malzeme manipulasyonu,Zeytinburnu,"Çırpıcı, Yeni Karakol Sok. 1/B, 34025 Zeytinburnu/İstanbul",40.9986525,28.8952565,,,5,2,Mağaza,1.0,0.7
ChIJP_yfmF-6yhQRdP_0dpa29iU,Isik Torna Planya Atolyesi,torna tesviye atolyesi,hassas hizalama + alet kullanimi,Zeytinburnu,"Maltepe, Davutpaşa Çiftehavuzlar Cd, 34035 Zeytinburnu/İstanbul",41.030302299999995,28.907734399999995,,,5,1,İlgi Çekici Yer,1.0,0.7
ChIJB3yn71W6yhQRcXT6cCntayk,Teknik İş Torna ve Kaynak Atölyesi,torna tesviye atolyesi,hassas hizalama + alet kullanimi,Zeytinburnu,"Maltepe, Yılanlı Ayazma Yolu No:22, 34010 Zeytinburnu/İstanbul",41.0178715,28.907106299999995,,,,,Hizmetler,1.0,0.7
ChIJ1QNuCIq6yhQRSVetGJQAHLI,Evim Stil Mobilya,mobilya atolyesi,iki elli montaj + alet kullanimi,Bayrampasa,"Orta, Kırgız Sk. 32B, 34040 Bayrampaşa/İstanbul",41.0367045,28.906164200000003,,,5,2,Mobilya mağazası,0.95,0.665
ChIJ-fft9ailyhQRrIzHnzaUwWE,Obiatelue design mobilya ve marangoz atölyesi,mobilya atolyesi,iki elli montaj + alet kullanimi,Ikitelli OSB,"Yarımburgaz, Gelincik Sk. 3A, 34307 Küçükçekmece/İstanbul",41.0428052,28.7567558,,,5,26,,0.95,0.665
ChIJh46TUFelyhQRsq_Wats3VhM,Sevgi Cila (Mobilya Cila Tamir),mobilya atolyesi,iki elli montaj + alet kullanimi,Ikitelli OSB,"M.Akif Mah. Aşık Veysel Cad, İkitelli OSB, Ayyıldız Sk. No: 24/B, 34307 Küçükçekmece/İstanbul",41.0553139,28.8055259,,,,,Hizmetler,0.95,0.665
ChIJq6rq1djIyhQRfZk1IcPdigw,Mapa Mobilya Ve Aksesuar Pazarlama Anonim Şirketi,mobilya atolyesi,iki elli montaj + alet kullanimi,Merter,"Fatih Sultan Mehmet, Balkan Cd. NO: 62, 34771 Ümraniye/İstanbul",41.0267615,29.1218282,,,1.8,22,Mobilya mağazası,0.95,0.665
ChIJ-5ddYe_OyhQRAFMrdBxC39c,Mobilya Atölyesi,mobilya atolyesi,iki elli montaj + alet kullanimi,Merter,"Necip Fazıl, 34773 Ümraniye/İstanbul, Türkiye",41.025207699999996,29.169925,,,5,1,Mobilya mağazası,0.95,0.665
ChIJvdR5sBm7yhQR9h9yHg6l46o,Mobilya atölyesi,mobilya atolyesi,iki elli montaj + alet kullanimi,Merter,"Güven, Çalışlar Sk., 34160 Güngören/İstanbul",41.0129349,28.8715805,,,5,1,,0.95,0.665
ChIJr2yE6i7FyhQRFeJTaWpg5tk,Mobilya atölyesi,mobilya atolyesi,iki elli montaj + alet kullanimi,Merter,"Kayışdağı, Neriman Sk. No:2, 34755 Ataşehir/İstanbul",40.9783946,29.1437687,,,,,Üretici,0.95,0.665
ChIJ26aUyRe7yhQRN_xF2xDt3OM,merter semt pazarı,mobilya atolyesi,iki elli montaj + alet kullanimi,Merter,"nesihi özmen mahallesi keresteciler merter, Mehmet Nesih Özmen, 34173 Güngören/İstanbul",41.0087962,28.884329100000002,,,3.9,406,Pazar,0.95,0.665
ChIJO9K8oqa3yhQRnx3nLcQ0i4o,Biçer mobilya,mobilya atolyesi,iki elli montaj + alet kullanimi,Osmanbey Sisli,"Halide Edip Adıvar, Avrupa Yakası, 34384 Şişli/İstanbul",41.0626351,28.9767418,,,,,Hizmetler,0.95,0.665
ChIJH288Kd-3yhQR3CZmTvQsi5s,şişli koltuk tamiri,mobilya atolyesi,iki elli montaj + alet kullanimi,Osmanbey Sisli,"19 Mayıs, 34363 Şişli/İstanbul",41.0588482,28.989098400000003,,,4.4,14,Hizmetler,0.95,0.665
ChIJQZhOthO3yhQRU56OBFdKo7g,Aslan Mobilya Atölyesi,mobilya atolyesi,iki elli montaj + alet kullanimi,Perpa Okmeydani,"Piyalepaşa, Sağlık Ocağı Sk. 6-11, 34440 Beyoğlu/İstanbul",41.049178999999995,28.960590000000003,,,,,Üretici,0.95,0.665
ChIJR47byM25yhQRLV3-KFaZRPY,Nihat Usta Eski Mobilya Tamirci,mobilya atolyesi,iki elli montaj + alet kullanimi,Persembe Pazari Karakoy,"Şahkulu, Kumbaracı Yokuşu Sok. No:79 D:C, 34421 Beyoğlu/İstanbul",41.029373299999996,28.9755972,,,5,4,Hizmetler,0.95,0.665
ChIJg9YCBHK7yhQRDozptJ1X710,K.M.K Mobilya Dekorasyon Atölyesi Showroom,mobilya atolyesi,iki elli montaj + alet kullanimi,Zeytinburnu,"Veliefendi, Prof. Dr. Turan Güneş Cd. No:156, 34025 Zeytinburnu/İstanbul",40.9943299,28.8950055,,,,,Mobilya mağazası,0.95,0.665
ChIJn1Lup5O7yhQR01UJn1GyBFo,MAVERA METAL AKSESUAR VE MOBİLYA,mobilya atolyesi,iki elli montaj + alet kullanimi,Zeytinburnu,"Gökalp, Gökalp, 51/4. Sk. no, 34025 Zeytinburnu/İstanbul",40.9915516,28.904295800000003,,,4.7,3,,0.95,0.665
ChIJqYdqxoS7yhQRagYR0gSLtks,ergül mobilya zeytinburnu,mobilya atolyesi,iki elli montaj + alet kullanimi,Zeytinburnu,"Seyitnizam, Seyitnizam Cd. no:32, 34153 Zeytinburnu/İstanbul",41.0020014,28.896605200000003,,,3,3,Mobilya mağazası,0.95,0.665
ChIJO-fn6I66yhQRyI0GJvTxuog,Deniz Oto Bakım Servisi,oto tamir servisi,kisitli alanda alet kullanimi,Bayrampasa,"Altıntepsi, Akpınar Cd. No:108, 34035 Bayrampaşa/İstanbul",41.0409809,28.898731400000003,,,4.8,28,Araç Bakım ve Onarımı,0.9,0.63
ChIJoZ4hXniwyhQRW3voWR_eo4E,EMİN OTO ÖZEL SERVİS,oto tamir servisi,kisitli alanda alet kullanimi,Bayrampasa,"Kartaltepe, 50. Yıl Cd 74/a, 34050 Bayrampaşa/İstanbul",41.0549624,28.897453199999998,,,5,5,Araç Bakım ve Onarımı,0.9,0.63
ChIJ92AnNX-6yhQRXxT6ne9jTAw,Özce Oto Özel Servis,oto tamir servisi,kisitli alanda alet kullanimi,Bayrampasa,"Yenidoğan, Uluyol Cd. No:16, 34030 Bayrampaşa/İstanbul",41.047648699999996,28.9121757,,,4.9,14,Araç Bakım ve Onarımı,0.9,0.63
ChIJyw9XfTW7yhQRvrfJlnDMonk,Özdemir Elektrik - Küçük ev aletleri tamiri,elektronik tamir,ince motor manipulasyon,Bayrampasa,"Orta, Lale Sk., 34030 Bayrampaşa/İstanbul",41.035709499999996,28.910081700000003,,,,,Hizmetler,0.9,0.63
ChIJnTUnwH-6yhQRYdorrKFYqqU,Öztürk Otomotiv,oto tamir servisi,kisitli alanda alet kullanimi,Bayrampasa,"Muratpaşa, Dökümcüler Cd No:12/B, 34040 Bayrampaşa/İstanbul",41.049624699999995,28.907669599999995,,,4.5,55,Araç Bakım ve Onarımı,0.9,0.63
ChIJR62eWACvyhQRON1ytUf6g9w,Elektroteknik Elektronik,elektronik tamir,ince motor manipulasyon,Ikitelli OSB,"İkitelli OSB, Biksan Sanayi Sitesi B2 blok R kapısı No:45, 34490 Başakşehir/İstanbul",41.089341,28.794208800000003,,,,,Hizmetler,0.9,0.63
ChIJx25TQdelyhQRMklQ1npvq-w,Rüzgar oto özel servis,oto tamir servisi,kisitli alanda alet kullanimi,Ikitelli OSB,"İkitelli OSB, Güngören - Bağcılar 19 Blok Sk No:41, 34490 Başakşehir/İstanbul",41.075583699999996,28.8040135,,,5,31,Araç Bakım ve Onarımı,0.9,0.63
ChIJ4dSab1KlyhQR0Gxw8-iaQ4Q,YuSuF oto TaMiR ve Bakım Servisi,oto tamir servisi,kisitli alanda alet kullanimi,Ikitelli OSB,"İkitelli OSB, Güngören - Bağcılar Sanayi Sitesi 19 blok no 31, 34480 Başakşehir/İstanbul",41.0758351,28.803871899999997,,,5,1,Araç Bakım ve Onarımı,0.9,0.63
ChIJ65RFkeK6yhQRIuuCP5mxwec,Birlik Oto Tamir Ve Bakim Servisi,oto tamir servisi,kisitli alanda alet kullanimi,Merter,"Tozkoparan, Eski Londra Asfaltı Cd., 34173 Güngören/İstanbul",41.0184158,28.8921276,,,5,1,Araç Bakım ve Onarımı,0.9,0.63
ChIJb_bDRAK7yhQRGkXsHSclEYM,HAZNEDAR ELEKTRONİK,elektronik tamir,ince motor manipulasyon,Merter,"Haznedar, Marmara Cd. no:2 D, 34160 Güngören/İstanbul",41.007858899999995,28.869827599999994,,,4.3,365,Elektronik eşya mağazası,0.9,0.63
ChIJh9ZLS4K7yhQR-rYOjnFj-L0,Merter Oto Lastikçi 7/24,oto tamir servisi,kisitli alanda alet kullanimi,Merter,"Abdurrahman Nafiz Gürman, 34173 Güngören/İstanbul",41.0045439,28.892047399999996,,,,,Araç Bakım ve Onarımı,0.9,0.63
ChIJn_ZQzPvIyhQRl4XtUh6k8e0,Yücesoy Elektronik Xiaomi-Roborock-Viomi Robot Süpürge Bakım Onarım Hizmetleri,elektronik tamir,ince motor manipulasyon,Modoko Umraniye,"Yamanevler, Dilber Sk. 8/A, 34800 Ümraniye/İstanbul",41.027454999999996,29.102696,,,4.5,81,Hizmetler,0.9,0.63
ChIJpe4mAwDPyhQRgloP01xbU6Y,Zeren oto tamir detaylı temizlik servisi,oto tamir servisi,kisitli alanda alet kullanimi,Modoko Umraniye,"Adem Yavuz, Mimar Sinan Cd. 28 C, 34773 Ümraniye/İstanbul",41.0192961,29.155047799999995,,,,,Araç Bakım ve Onarımı,0.9,0.63
ChIJ7YjbgAa3yhQRjs_7tEQLEWo,Akin Oto Elektrik Tamir Bakim Servisi,oto tamir servisi,kisitli alanda alet kullanimi,Osmanbey Sisli,"19 Mayıs, Çoruh Sk. No:29, 34360 Şişli/İstanbul",41.0574124,28.993911599999997,,,,,Araç Bakım ve Onarımı,0.9,0.63
ChIJWV5vT9e3yhQRNcuDX7wfjhk,Ateş Teknik Servis,elektronik tamir,ince motor manipulasyon,Osmanbey Sisli,"Mecidiyeköy Mahallesi, Kırçıl Sk. No:5/B, 34381 Şişli/İstanbul",41.068329,28.998220999999997,,,5,16,Hizmetler,0.9,0.63
ChIJcRotBWu3yhQRNG7VDJCsF8E,Birol Elektronik,elektronik tamir,ince motor manipulasyon,Osmanbey Sisli,"Feriköy, Bozkurt Cd. 193A, 34377 Şişli/İstanbul",41.0473369,28.979464900000004,,,5,1,Hizmetler,0.9,0.63
ChIJuwh43BK3yhQRISUxD0U5qhs,Bosch Car Service,oto tamir servisi,kisitli alanda alet kullanimi,Osmanbey Sisli,"Bozkurt, Dolapdere Cd., 34375 Şişli/İstanbul",41.0490329,28.9853793,,,5,3,Araç Bakım ve Onarımı,0.9,0.63
ChIJ8c5k00e3yhQRYD0Zzp4vDJc,Halk Elektronik,elektronik tamir,ince motor manipulasyon,Osmanbey Sisli,"mahalle, Mahmut Şevket Paşa, Mektep Sk. 2A, 34384 Şişli/İstanbul",41.051795899999995,28.964560900000002,,,4.4,31,Hizmetler,0.9,0.63
ChIJA61xVmm3yhQRtFETFvGlFzk,Kardeşler Oto Tamirhanesi,oto tamir servisi,kisitli alanda alet kullanimi,Osmanbey Sisli,"Eskişehir, Kükürtlü Sk. No:19, 34375 Şişli/İstanbul",41.044368999999996,28.981572800000002,,,,,Araç Bakım ve Onarımı,0.9,0.63
ChIJsYA592u3yhQRBDZ-sH43Gog,Mert Oto Tamir - Bakim,oto tamir servisi,kisitli alanda alet kullanimi,Osmanbey Sisli,"Eskişehir, Küçük Akarca Sk. No:25, 34375 Şişli/İstanbul",41.045148399999995,28.981628100000002,,,5,1,Araç Bakım ve Onarımı,0.9,0.63
ChIJAyB-9ES3yhQR9CV0N5uTIts,Oto Tamir Ve Bakim Servisi Rafet Oto,oto tamir servisi,kisitli alanda alet kullanimi,Osmanbey Sisli,"Paşa, Mahmutağa Sk. No:6, 34379 Şişli/İstanbul",41.0454082,28.968692899999997,,,,,Araç Bakım ve Onarımı,0.9,0.63
ChIJc2_142y3yhQRiVUw6YtzpjY,Sivaslı Kardeşler Oto Servisi,oto tamir servisi,kisitli alanda alet kullanimi,Osmanbey Sisli,"Bozkurt, Dolapdere Cd. No:147, 34375 Şişli/İstanbul",41.0468914,28.984359800000004,,,5,3,Araç Bakım ve Onarımı,0.9,0.63
ChIJb35ZUfi2yhQRmguN-1U0xPI,Tamir Bakim Servisi,oto tamir servisi,kisitli alanda alet kullanimi,Osmanbey Sisli,"Mecidiyeköy Mahallesi, Kır Sk., 34387 Şişli/İstanbul",41.0706947,28.9969114,,,,,Araç Bakım ve Onarımı,0.9,0.63
ChIJs2iVt362yhQRTsPWsw9EL48,Tekinler Oto Bakım Servisi,oto tamir servisi,kisitli alanda alet kullanimi,Osmanbey Sisli,"Huzur, Kemal Atatürk Cd No:8, 34396 Şişli/İstanbul",41.09477,29.004616400000003,,,5,12,Araç Bakım ve Onarımı,0.9,0.63
ChIJIQAbIY-3yhQRL9bw7ArB-b4,"Uğur OTO - Audi, Mercedes, Ford, Renault, Peugeot, Seat, Vw Bakım ve Mekanik Servisi",oto tamir servisi,kisitli alanda alet kullanimi,Osmanbey Sisli,"İnönü mahallesi, Sazlıdere Cadddesi, İnönü, Dolapdere Taksim Cd No:7-9, 34437 Şişli/İstanbul",41.0424514,28.982003,,,4.6,7,Araç Bakım ve Onarımı,0.9,0.63
ChIJ9ScHlUO3yhQR-rtoJfRIrmc,Çelik Oto Tamir Bakim Servisi,oto tamir servisi,kisitli alanda alet kullanimi,Osmanbey Sisli,"Yayla, Yay Meydanı Cd. No:101, 34377 Şişli/İstanbul",41.045846499999996,28.9717178,,,5,6,Araç Bakım ve Onarımı,0.9,0.63
ChIJYwBr9Da3yhQRqN4Ipl_3zmY,Cengiz Oto Tamir Ve Bakım Servisi,oto tamir servisi,kisitli alanda alet kullanimi,Perpa Okmeydani,"Talatpaşa, Mekki Hikmet Gelenbey Sk. No:9, 34400 Kağıthane/İstanbul",41.057599599999996,28.960393199999995,,,3.6,13,Araç Bakım ve Onarımı,0.9,0.63
ChIJ5WodEjm3yhQR2HJb70ZDCyQ,Rayitek Oto Elektronik Bilişim Hizmetleri Sanayi Ve Ticaret Limited Şirketi,oto tamir servisi,kisitli alanda alet kullanimi,Perpa Okmeydani,"Halil Rıfat Paşa, Erdemli Sk. NO:11/1, 34384 Şişli/İstanbul",41.0599827,28.971029899999994,,,5,1,İlgi Çekici Yer,0.9,0.63
ChIJkVWK-uC2yhQROwFka0vr744,Sönmez Oto,oto tamir servisi,kisitli alanda alet kullanimi,Perpa Okmeydani,"Gürsel, Çağlayan Kavşağı Altgeçidi No:98, 34400 Şişli/İstanbul",41.071196199999996,28.978424800000003,,,5,1,Araç Bakım ve Onarımı,0.9,0.63
ChIJ7fR3HOi5yhQRWZuXcSd70UM,Bg Elektronik,elektronik tamir,ince motor manipulasyon,Persembe Pazari Karakoy,"Kemankeş Karamustafa Paşa, Halilpaşa Sk. No:2, 34425 Beyoğlu/İstanbul",41.0221273,28.9757932,,,5,3,Hizmetler,0.9,0.63
ChIJO-CSx-e5yhQRLPnioOdcvfw,Burmein,oto tamir servisi,kisitli alanda alet kullanimi,Persembe Pazari Karakoy,"Arapcami Mah. Tersane Cad Galata Mahkemesi Sk, Han, Arap Cami, Nafe Sk. No:13 Kat:3/13,D:Karaköy, 34421 Beyoğlu/İstanbul",41.0241028,28.971033400000003,,,,,Otomobil Yedek Parça Mağazası,0.9,0.63
ChIJ7cYI9Oe5yhQRj3JR81VNFBE,Elektronikçiler Çarşısı,elektronik tamir,ince motor manipulasyon,Persembe Pazari Karakoy,"Müeyyetzade, Kemeraltı Cd., 34425 Beyoğlu/İstanbul",41.023795,28.975807000000003,,,4.5,15,Alışveriş merkezi,0.9,0.63
ChIJwWnWJua5yhQRaB-tU2dyeF4,Çerko Motor,oto tamir servisi,kisitli alanda alet kullanimi,Persembe Pazari Karakoy,"Müeyyetzade, Perşembe Pazarı Cd. No: 6, 34421 Beyoğlu/İstanbul",41.024030499999995,28.972177699999996,,,,,Araç Bakım ve Onarımı,0.9,0.63
ChIJ2fOJeVm6yhQR-fPauNZEi_A,Alev Elektrik,elektronik tamir,ince motor manipulasyon,Zeytinburnu,"Topkapı Odin Center No 28/335, 34010, Zeytinburnu, Maltepe, Gümüşsuyu Cd., 34010 Zeytinburnu/İstanbul",41.025310399999995,28.9121878,,,4.8,12,Hizmetler,0.9,0.63
ChIJ6xSckzO7yhQRwYqmsZY3Lmg,GÜMÜŞ ELEKTRONİK,elektronik tamir,ince motor manipulasyon,Zeytinburnu,"Seyitnizam, 34015 Zeytinburnu/İstanbul",41.0058775,28.8971473,,,,,Hizmetler,0.9,0.63
ChIJRXPYMVS6yhQR7dSSbmFJI2g,KORKMAZ ELEKTRONİK,elektronik tamir,ince motor manipulasyon,Zeytinburnu,"Maltepe, Ege caddesi Topkapı Ticaret Merkezi D:1. kısım No:158, 34010 Zeytinburnu/İstanbul",41.0175292,28.908663199999996,,,3.7,462,Araç Bakım ve Onarımı,0.9,0.63
ChIJqxrgxg27yhQRwY2sIceXXLE,Oto Tamir,oto tamir servisi,kisitli alanda alet kullanimi,Zeytinburnu,"Çırpıcı, Şht. Yıldıray Menteşe Sok. No:20, 34025 Zeytinburnu/İstanbul",41.0018482,28.896544900000002,,,5,1,Araç Bakım ve Onarımı,0.9,0.63
ChIJbXxEWQy7yhQRjn9-Rknn8VA,Teknik Elektronik,elektronik tamir,ince motor manipulasyon,Zeytinburnu,"Çırpıcı, Rüstem Balkan Sk. NO: 46, 34025 Zeytinburnu/İstanbul",41.000346199999996,28.898591599999996,,,5,2,İlgi Çekici Yer,0.9,0.63
ChIJlTPAtoS7yhQR9d7o4NJMJz4,Umut elektrik elektronik,elektronik tamir,ince motor manipulasyon,Zeytinburnu,"Maltepe, Davutpaşa Çiftehavuzlar Cd, 34010 Zeytinburnu/İstanbul",41.0288621,28.902253499999993,,,5,1,Hizmetler,0.9,0.63
ChIJg24Sage7yhQRyyIO1TsoL3Y,Yiğit Oto Tamir Ve Bakım Servisi,oto tamir servisi,kisitli alanda alet kullanimi,Zeytinburnu,"Seyitnizam, Ambarlar Cd. No:15, 34015 Zeytinburnu/İstanbul",41.0082604,28.905631999999994,,,3.8,4,Araç Bakım ve Onarımı,0.9,0.63
ChIJ4eQBENexyhQRsSmRKXQ6dgI,Bayrampaşa -Viessmann Servisi,beyaz esya servisi,sokme-takma dizisi,Bayrampasa,"Kartaltepe, Taşpınar Sk. No:6/c, 34040 Bayrampaşa/İstanbul",41.056127200000006,28.8972651,,,,,Ev Eşyaları Mağazası,0.88,0.616
ChIJi7pkU9u7yhQRo523phm94Q8,Bayrampaşa Arçelik-Beko Servisi,beyaz esya servisi,sokme-takma dizisi,Bayrampasa,"Terazidere, İlker Sk. No:15/b, 34000 Bayrampaşa/İstanbul",41.0332861,28.9033893,,,5,1,Ev Eşyaları Mağazası,0.88,0.616
ChIJg0TGkXGwyhQRgvvwZyAGY5M,Ikizler Teknik Klima Beyaz Eşya Servisi,beyaz esya servisi,sokme-takma dizisi,Bayrampasa,"Yıldırım, Mostar Sokağı No:20 D:26, 34045 Bayrampaşa/İstanbul",41.0634519,28.889966799999996,,,5,1,Hizmetler,0.88,0.616
ChIJSbO4mXjIyhQRIh2R6_HyvrU,Son Durak Beyaz Eşya Servisi,beyaz esya servisi,sokme-takma dizisi,Ikitelli OSB,"Namık Kemal, Mithat Paşa Cad. No:69/A, 34704 Ümraniye/İstanbul",41.0026424,29.0850144,,,5,1,Hizmetler,0.88,0.616
ChIJ1Xyc7uKkyhQR1FXBsbAj2TQ,Teknik Soğutma Beyaz Eşya Tamir Yedek Parça Satiş Servisi,beyaz esya servisi,sokme-takma dizisi,Ikitelli OSB,"Güneşli, Üsküp Cd No:34, 34212 Bağcılar/İstanbul",41.0343958,28.8266666,,,3.7,7,Hizmetler,0.88,0.616
ChIJVUJ8-I67yhQRpEf1hT_0hr8,Öztürk Teknik Merter Arçelik Beko Yetkili Servisi,beyaz esya servisi,sokme-takma dizisi,Merter,"Merkez Merkez Mah, Ufuk Cd. No:15, 34160 Güngören/İstanbul",41.025158399999995,28.873381900000002,,,,,Hizmetler,0.88,0.616
ChIJcbWWr4jIyhQR8A6TtnSCp68,Beyaz Eşya Teknik Servis,beyaz esya servisi,sokme-takma dizisi,Modoko Umraniye,"Finanskent, 3021. Sk. 10 B, 34762 Ümraniye/İstanbul",41.008393999999996,29.0976941,,,1,1,Hizmetler,0.88,0.616
ChIJhRPtLQDPyhQRjwe613xN7hQ,Mete beyaz eşya servis onarim,beyaz esya servisi,sokme-takma dizisi,Modoko Umraniye,"Cemil Meriç, İstiklal Cd. 53/a, 34771 Ümraniye/İstanbul",41.0205105,29.1428464,,,,,Kurumsal Ofis,0.88,0.616
ChIJs46MW2zPyhQRX797fBM0q7E,Çözüm Teknik Kombi Klima Beyaz Eşya,beyaz esya servisi,sokme-takma dizisi,Modoko Umraniye,"Yukarı Dudullu Mah Göztepe Cad, Yukarı Dudullu, Dal Sk., 34775 Ümraniye/İstanbul",41.0123112,29.1539117,,,3.8,4,Hizmetler,0.88,0.616
ChIJgfgDVHLJyhQROtjssgRQZ4A,Ümraniye Arçelik-Beko Servisi,beyaz esya servisi,sokme-takma dizisi,Modoko Umraniye,"Mehmet Akif, Eşref Edip Sk., 34774 Ümraniye/İstanbul",41.0087386,29.1350211,,,,,Ev Eşyaları Mağazası,0.88,0.616
ChIJ6xxwwqG3yhQROtACReFzUW0,Osmanbey tesisat,beyaz esya servisi,sokme-takma dizisi,Osmanbey Sisli,"Eskişehir, Yiğitbaşı Sk. No:25 D:A, 34000 Şişli/İstanbul",41.0450661,28.979693299999997,,,5,1,Tesisatçı,0.88,0.616
ChIJ0R2kGRO3yhQRRGMqzCmWniw,Çaḡlar Teknik,beyaz esya servisi,sokme-takma dizisi,Osmanbey Sisli,"Bozkurt, Bilezikçi Sk. No:76, 34375 Şişli/İstanbul",41.049733499999995,28.9842927,,,4.3,6,Hizmetler,0.88,0.616
ChIJIeRIf3K3yhQRQr-5VJbvzmY,Şişli Halaskargazi Aeg Bulaşık Makinesi Servisi,beyaz esya servisi,sokme-takma dizisi,Osmanbey Sisli,"Halaskargazi MahHalaskargazi Mah.sk No:52091, Meşrutiyet, 34371 Şişli/İstanbul",41.055339,28.987029500000002,,,,,Kurumsal Ofis,0.88,0.616
ChIJ0d965oi2yhQRGTV0XTex9f0,Levent Beyaz Esya Dünyasi,beyaz esya servisi,sokme-takma dizisi,Perpa Okmeydani,"Sultan Selim, Gümüşhane Cd. No:23, 34415 Kağıthane/İstanbul",41.0897284,28.9954075,,,3,1,Hizmetler,0.88,0.616
ChIJD3OiB-C3yhQR8scBeXeznjo,Şişli Okmeydanı Profilo Bulaşık Makinesi Servisi,beyaz esya servisi,sokme-takma dizisi,Perpa Okmeydani,"Merkez MahMerkez Mah.sk No:19962, Halil Rıfat Paşa, 34384 Şişli/İstanbul",41.058434899999995,28.968904299999995,,,,,Kurumsal Ofis,0.88,0.616
ChIJIyBZr4-6yhQRDn-1KpjT8ng,Atak Ayakkabı İmalat Pazarlama Sanayi Ve Ticaret Limited Şirketi,ayakkabi imalathanesi,deforme malzeme + yapistirma,Bayrampasa,"Altıntepsi, Yahya Kemal Cd. No: 93-13 D:157, 34035 Bayrampaşa/İstanbul",41.0426484,28.8971515,,,,,Ayakkabı mağazası,0.85,0.595
ChIJVZ0wZ2G6yhQRAMZ5WnxanyI,BIÇAKLAR KUYUMCULUK,kuyumcu atolyesi,ince motor manipulasyon,Bayrampasa,"Özaltın İş Merkezi, Yenidoğan, Demirkapı Cd. D:8, 34030 Bayrampaşa/İstanbul",41.0358022,28.910525099999994,,,5,12,Kuyumcu,0.85,0.595
ChIJ7TJoHuu6yhQRVqQfCcNPMtA,Efe Ayakkabi,ayakkabi imalathanesi,deforme malzeme + yapistirma,Bayrampasa,"Mimar Sinan, İstanbul Cd. No:234, 34220 Esenler/İstanbul",41.0367392,28.8859497,,,3.3,7,Ayakkabı mağazası,0.85,0.595
ChIJf-LKZmG6yhQR9hcYbi1VYnk,Merkez Kuyumcusu,kuyumcu atolyesi,ince motor manipulasyon,Bayrampasa,"Yenidoğan, Demirkapı Cd. No:8, 34040 Bayrampaşa/İstanbul",41.0358703,28.910385700000003,,,4.3,61,Kuyumcu,0.85,0.595
ChIJ0eRDncSwyhQRkMdmjJLbdnU,Pars İş Ayakkabilari (Tunç Hascan),ayakkabi imalathanesi,deforme malzeme + yapistirma,Bayrampasa,"Merkez, Yüksek Sk No:11, 34245 Gaziosmanpaşa/İstanbul",41.0544298,28.9123293,,,4.8,19,Ayakkabı mağazası,0.85,0.595
ChIJ5SKth1jIyhQRG7pZg9Po-J4,Aktepe Gümüş Tesbih,kuyumcu atolyesi,ince motor manipulasyon,Ikitelli OSB,"Atatürk, Çiftlik Sk. No:1, 34764 Ümraniye/İstanbul",41.025493,29.091960999999998,,,4.4,16,Kuyumcu,0.85,0.595
ChIJ2Z6sr1alyhQRm9WZtXKcbJY,Kamuel boots&shoes,ayakkabi imalathanesi,deforme malzeme + yapistirma,Ikitelli OSB,"Aykosan Ayakkabıcılar Sanayi Sitesi 6li A Blok Kat:2 No:164, İkitelli OSB, İkitelli Cd, 34490 Başakşehir/İstanbul",41.0728678,28.7988386,,,5,23,Üretici,0.85,0.595
ChIJobFQVBG7yhQRbeJD5P2fWN4,Barış Mücevherat,kuyumcu atolyesi,ince motor manipulasyon,Merter,"Abdurrahman Nafiz Gürman, Kınalıtepe Sk. NO:41, 34173 Güngören/İstanbul",41.005097,28.889013,,,4.7,7,Kuyumcu,0.85,0.595
ChIJ-16NUxG7yhQRuCZfkXRLn-s,Doğan Kuyumcu,kuyumcu atolyesi,ince motor manipulasyon,Merter,"Abdurrahman Nafiz Gürman, 34173 Güngören/İstanbul, Türkiye",41.0052106,28.889047,,,5,6,Kuyumcu,0.85,0.595
ChIJSToG7jK7yhQRtquGOZckwIA,Gençoğlu Kuyumculuk,kuyumcu atolyesi,ince motor manipulasyon,Merter,"Mareşal Çakmak, Bağcılar Cd. No:126, 34160 Güngören/İstanbul",41.0155198,28.8618234,,,5,1,Kuyumcu,0.85,0.595
ChIJ-dr8C4m3yhQRQQYhsSzUGjU,Kuyumcular Çarşısı,kuyumcu atolyesi,ince motor manipulasyon,Merter,"Aziz Mahmut Hüdayi, Hakimiyeti Milliye Cd. No:30 D:17, 34672 Üsküdar/İstanbul",41.023902799999995,29.0153669,,,4.2,337,Alışveriş merkezi,0.85,0.595
ChIJ7Q8kuQO4yhQRQj4opTCZuh4,Merter Altin,kuyumcu atolyesi,ince motor manipulasyon,Merter,"Koşuyolu, Mütevelli Çeşme Cd No:1, 34718 Kadıköy/İstanbul",41.0118021,29.0385115,,,2.4,9,Kuyumcu,0.85,0.595
ChIJZ2L3ShjPyhQRr-GPCjw_SNk,AYTAŞ YATAK BAZA FABRİKA SATIŞ MAĞAZASI MODOKO ÜMRANİYE,ayakkabi imalathanesi,deforme malzeme + yapistirma,Modoko Umraniye,"mahallesi modoko, Yukarı Dudullu, Keyap Cd. no145, 34775 Dudullu/Ümraniye/İstanbul",41.004671699999996,29.154093799999995,,,,,Mobilya mağazası,0.85,0.595
ChIJlyD13ljIyhQRYDeTEzzi2xk,Altınbaşak Kuyumculuk,kuyumcu atolyesi,ince motor manipulasyon,Modoko Umraniye,"Atatürk, Alemdağ Cd 80/A, 34010 Ümraniye/İstanbul",41.0251106,29.0899055,,,4.4,26,Kuyumcu,0.85,0.595
ChIJl8nXbgDJyhQRJJCgKgLtMo8,Ayakkabım Özel,ayakkabi imalathanesi,deforme malzeme + yapistirma,Modoko Umraniye,"Atatürk, Güler Sk. No:6, 34764 Ümraniye/İstanbul",41.026103899999995,29.0904829,,,3.4,37,Ayakkabı mağazası,0.85,0.595
ChIJx4F5gFjIyhQR1upr9ZERGF4,Murat Ayakkabi,ayakkabi imalathanesi,deforme malzeme + yapistirma,Modoko Umraniye,"Atatürk, Fatih Sultan Mehmet Cd. No:3, 34764 Ümraniye/İstanbul",41.0255632,29.092388200000002,,,4.4,24,Ayakkabı mağazası,0.85,0.595
ChIJYctBipC3yhQR-UN6RvcC8tI,Altın gümüş tamiri,kuyumcu atolyesi,ince motor manipulasyon,Osmanbey Sisli,"Merkez, Abide-i Hürriyet Cd No:151, 34381 Şişli/İstanbul",41.0614515,28.987311000000002,,,5,1,Kuyumcu,0.85,0.595
ChIJRwI0H5u5yhQRFlJy1-MDhKY,Ayakkabi Atölyesi,ayakkabi imalathanesi,deforme malzeme + yapistirma,Osmanbey Sisli,"Rüstem Paşa, Arapzade Ahmet Sk. NO:12, 34130 Fatih/İstanbul",41.0044238,28.966075999999997,,,5,1,Ayakkabı mağazası,0.85,0.595
ChIJ1V4LqoawyhQR02AbfYw4XAY,Aypima Ayakkabı İmalat Pazarlama Ve Matbaacılık,ayakkabi imalathanesi,deforme malzeme + yapistirma,Osmanbey Sisli,"Merkez, Tuna Sk. No:9, 34245 Gaziosmanpaşa/İstanbul",41.0544588,28.9120813,,,1.2,22,Üretici,0.85,0.595
ChIJwexCIBu3yhQRxtzORCEDZew,Mücevher Atölyesi,kuyumcu atolyesi,ince motor manipulasyon,Osmanbey Sisli,"Halaskargazi, Rumeli Cd. rumeli plaza no:22 kat:7, 34363 Şişli/İstanbul",41.0528949,28.98979,,,,,Kuyumcu,0.85,0.595
ChIJJxu6spS5yhQRMHrseAaizGg,Kinetix,ayakkabi imalathanesi,deforme malzeme + yapistirma,Persembe Pazari Karakoy,"Rüstem Paşa, Yeni Camii Cd., 34116 Fatih/İstanbul",41.014862300000004,28.971106499999998,,,2.7,6,Ayakkabı mağazası,0.85,0.595
ChIJHT5FWJC5yhQRxiOMIewQCvA,Ozan shoes toptan ayakkabı,ayakkabi imalathanesi,deforme malzeme + yapistirma,Persembe Pazari Karakoy,"Gedikpaşa camii sokak Öncü iş hanı No 23/15-16, Emin Sinan, Gedikpaşa, 34126 Fatih/İstanbul",41.007508,28.9692437,,,4.7,10,Ayakkabı mağazası,0.85,0.595
ChIJ_9wYPgO7yhQRSBSsKJZhw4Q,Demir Ayakkabı,ayakkabi imalathanesi,deforme malzeme + yapistirma,Zeytinburnu,"Nuripaşa, 58. Bulvar Cd., 34020 Zeytinburnu/İstanbul",40.988251,28.904139699999998,,,5,2,Ayakkabı mağazası,0.85,0.595
ChIJxWih-Ai7yhQRq1YsKDwr3QA,Metro Gold,kuyumcu atolyesi,ince motor manipulasyon,Zeytinburnu,"Seyitnizam, Seyitnizam Cd. No:9 D:1B, 34015 Zeytinburnu/İstanbul",41.0037562,28.9029512,,,4.7,39,Kuyumcu,0.85,0.595
ChIJVVURHKS7yhQR_ZzZorPB2W4,İda Gold Kuyumculuk,kuyumcu atolyesi,ince motor manipulasyon,Zeytinburnu,"Sümer, 85. Sk. no: 62, 34020 Zeytinburnu/İstanbul",40.9993914,28.9124353,,,4.3,6,Kuyumcu,0.85,0.595
